Order ID,Order Date,Ship Date,Ship Mode,Customer ID,Segment,Country,City,State,Region,Category,Sub-Category,Product Name,Quantity,Discount,Sales,Profit,Profit Margin,Order Month,Order Year
ORD-10769,10-05-2025,12-05-2025,Standard,CUST-1308,Consumer,India,Bhopal,Madhya Pradesh,Central,Office Supplies,Paper,Envelope Pack,2,0.15,84.37,4.9,0.058077516,2025-05,2025
ORD-10975,10-12-2023,14-12-2023,Standard,CUST-1475,Consumer,India,Pune,Maharashtra,West,Technology,Printers,Laser Printer,3,0.15,254.19,21.05,0.08281207,2023-12,2023
ORD-12061,09-07-2023,10-07-2023,Standard,CUST-1315,Home Office,India,Mumbai,Maharashtra,West,Furniture,Office Furniture,Reception Desk,4,0,540.23,106.4,0.19695315,2023-07,2023
ORD-11021,30-08-2023,01-09-2023,Second Class,CUST-1561,Consumer,India,Nagpur,Maharashtra,Central,Technology,Computers,Laser Printer,3,0.05,613.99,110.91,0.180638121,2023-08,2023
ORD-11016,19-07-2024,22-07-2024,Same Day,CUST-1251,Corporate,India,Hyderabad,Telangana,South,Technology,Accessories,Smartphone,4,0,1680.72,346.22,0.20599505,2024-07,2024
ORD-11367,23-10-2023,27-10-2023,Same Day,CUST-1520,Corporate,India,Bengaluru,Karnataka,South,Office Supplies,Binders,Sticky Notes,3,0,121.1,16.15,0.133360859,2023-10,2023
ORD-10502,09-10-2024,10-10-2024,Second Class,CUST-1032,Corporate,India,Bengaluru,Karnataka,South,Office Supplies,Paper,Ball Pen Set,5,0.2,576.75,27.94,0.048443866,2024-10,2024
ORD-10870,11-02-2024,14-02-2024,Standard,CUST-1397,Home Office,India,Delhi,Delhi,North,Furniture,Office Furniture,Standing Desk,1,0.1,357.61,33.2,0.092838567,2024-02,2024
ORD-12278,05-03-2025,08-03-2025,Standard,CUST-1406,Consumer,India,Nagpur,Maharashtra,Central,Furniture,Tables,Bookshelf,3,0.3,605.03,-81.42,-0.134571839,2025-03,2025
ORD-11643,18-01-2025,21-01-2025,Second Class,CUST-1027,Corporate,India,Pune,Maharashtra,West,Technology,Phones,USB-C Hub,4,0,400.79,92.68,0.231243294,2025-01,2025
ORD-10683,09-07-2023,10-07-2023,First Class,CUST-1233,Corporate,India,Bhopal,Madhya Pradesh,Central,Technology,Computers,Business Laptop,1,0,46.28,9.82,0.21218669,2023-07,2023
ORD-10698,25-10-2024,29-10-2024,Standard,CUST-1080,Corporate,India,Nagpur,Maharashtra,Central,Technology,Printers,USB-C Hub,5,0.05,373.5,62.21,0.166559572,2024-10,2024
ORD-10835,23-04-2023,28-04-2023,Second Class,CUST-1246,Consumer,India,Jaipur,Rajasthan,North,Technology,Accessories,Mechanical Keyboard,3,0.1,153.72,28.72,0.186833203,2023-04,2023
ORD-11794,22-07-2023,24-07-2023,Same Day,CUST-1186,Consumer,India,Pune,Maharashtra,West,Technology,Computers,USB-C Hub,2,0,725.53,158.91,0.219026091,2023-07,2023
ORD-11969,21-10-2024,23-10-2024,Standard,CUST-1472,Corporate,India,Lucknow,Uttar Pradesh,North,Technology,Computers,Wireless Headset,1,0.1,236.85,37.09,0.156597002,2024-10,2024
ORD-11682,31-05-2023,03-06-2023,Same Day,CUST-1008,Consumer,India,Kolkata,West Bengal,East,Furniture,Storage,Bookshelf,3,0.2,593.76,10.42,0.017549178,2023-05,2023
ORD-11496,26-03-2025,30-03-2025,Standard,CUST-1509,Corporate,India,Mumbai,Maharashtra,West,Office Supplies,Writing,Printer Paper,1,0,86.88,17.35,0.199700737,2025-03,2025
ORD-11158,09-04-2023,14-04-2023,Standard,CUST-1391,Consumer,India,Mumbai,Maharashtra,West,Technology,Computers,Smartphone,5,0.05,547.61,91.24,0.166614927,2023-04,2023
ORD-10225,05-02-2024,07-02-2024,Standard,CUST-1026,Corporate,India,Pune,Maharashtra,West,Furniture,Storage,Conference Table,3,0.3,565.78,-28.59,-0.050532009,2024-02,2024
ORD-12146,08-03-2025,11-03-2025,Standard,CUST-1517,Consumer,India,Bengaluru,Karnataka,South,Furniture,Chairs,Filing Cabinet,3,0.05,565.72,58.93,0.10416814,2025-03,2025
ORD-12065,26-11-2025,30-11-2025,First Class,CUST-1127,Home Office,India,Bengaluru,Karnataka,South,Furniture,Chairs,Reception Desk,2,0.05,749.79,64.13,0.085530615,2025-11,2025
ORD-10245,19-07-2024,22-07-2024,Same Day,CUST-1392,Corporate,India,Jaipur,Rajasthan,North,Furniture,Office Furniture,Executive Chair,1,0.15,377.79,12.96,0.034304772,2024-07,2024
ORD-10399,28-11-2025,30-11-2025,Same Day,CUST-1511,Home Office,India,Lucknow,Uttar Pradesh,North,Office Supplies,Binders,Notebook,3,0.15,572.71,41.67,0.072759337,2025-11,2025
ORD-12352,15-10-2024,19-10-2024,Second Class,CUST-1313,Consumer,India,Mumbai,Maharashtra,West,Technology,Printers,Smartphone,1,0.05,1170.53,119.56,0.102141765,2024-10,2024
ORD-10046,12-11-2024,16-11-2024,First Class,CUST-1349,Consumer,India,Jaipur,Rajasthan,North,Technology,Printers,Mechanical Keyboard,2,0,323.46,67.14,0.207568169,2024-11,2024
ORD-10116,16-05-2025,19-05-2025,Standard,CUST-1473,Consumer,India,Bengaluru,Karnataka,South,Office Supplies,Paper,Notebook,4,0,224.72,25.07,0.111561054,2025-05,2025
ORD-10580,01-03-2025,03-03-2025,Standard,CUST-1446,Home Office,India,Nagpur,Maharashtra,Central,Furniture,Chairs,Executive Chair,2,0.1,428.24,36.5,0.08523258,2025-03,2025
ORD-11757,28-02-2025,03-03-2025,Standard,CUST-1253,Consumer,India,Bhopal,Madhya Pradesh,Central,Technology,Computers,USB-C Hub,2,0.05,819.13,154.4,0.188492669,2025-02,2025
ORD-10335,23-12-2023,25-12-2023,Standard,CUST-1515,Consumer,India,Nagpur,Maharashtra,Central,Furniture,Chairs,Bookshelf,3,0.15,1214.02,39.89,0.032857778,2023-12,2023
ORD-11440,15-09-2023,16-09-2023,Standard,CUST-1576,Corporate,India,Jaipur,Rajasthan,North,Furniture,Storage,Bookshelf,3,0.3,2280.4,-304.03,-0.133323101,2023-09,2023
ORD-10114,02-12-2025,04-12-2025,Standard,CUST-1417,Consumer,India,Kolkata,West Bengal,East,Technology,Accessories,Monitor,3,0.2,681.31,35.94,0.052751317,2025-12,2025
ORD-11122,08-09-2024,10-09-2024,Standard,CUST-1191,Home Office,India,Bengaluru,Karnataka,South,Furniture,Tables,Filing Cabinet,2,0.1,392.74,32.33,0.082319092,2024-09,2024
ORD-10595,04-09-2025,06-09-2025,Standard,CUST-1061,Corporate,India,Ahmedabad,Gujarat,West,Furniture,Storage,Standing Desk,3,0.05,325.36,40.73,0.125184411,2025-09,2025
ORD-11390,29-12-2024,31-12-2024,Same Day,CUST-1505,Consumer,India,Lucknow,Uttar Pradesh,North,Office Supplies,Paper,File Binder,1,0.3,92.59,-2.74,-0.029592829,2024-12,2024
ORD-11238,24-05-2023,26-05-2023,First Class,CUST-1132,Corporate,India,Hyderabad,Telangana,South,Technology,Phones,Laser Printer,4,0.1,660.19,88.92,0.134688499,2023-05,2023
ORD-11540,02-01-2025,04-01-2025,Second Class,CUST-1193,Corporate,India,Mumbai,Maharashtra,West,Technology,Printers,Business Laptop,1,0,304.88,55.57,0.182268433,2025-01,2025
ORD-12214,29-01-2023,30-01-2023,First Class,CUST-1181,Consumer,India,Delhi,Delhi,North,Office Supplies,Stationery,Sticky Notes,5,0.15,235.08,15.29,0.065041688,2023-01,2023
ORD-12434,01-04-2023,03-04-2023,Standard,CUST-1000,Consumer,India,Nagpur,Maharashtra,Central,Technology,Computers,Wireless Headset,3,0.2,1357.04,131.49,0.096894712,2023-04,2023
ORD-11682,14-12-2023,19-12-2023,Standard,CUST-1226,Home Office,India,Kolkata,West Bengal,East,Technology,Phones,Business Laptop,5,0,1503.84,301.43,0.200440206,2023-12,2023
ORD-10089,16-02-2023,19-02-2023,Second Class,CUST-1347,Corporate,India,Chennai,Tamil Nadu,South,Furniture,Storage,Office Chair,5,0.05,3943.54,272.93,0.069209391,2023-02,2023
ORD-10389,28-11-2024,30-11-2024,Standard,CUST-1557,Consumer,India,Hyderabad,Telangana,South,Technology,Phones,Business Laptop,1,0.15,170.92,7.94,0.046454482,2024-11,2024
ORD-11262,01-06-2025,04-06-2025,First Class,CUST-1223,Home Office,India,Delhi,Delhi,North,Furniture,Tables,Executive Chair,1,0.2,181.12,-1.79,-0.009882951,2025-06,2025
ORD-10713,26-06-2023,28-06-2023,Second Class,CUST-1436,Corporate,India,Bengaluru,Karnataka,South,Office Supplies,Paper,Desk Organizer,1,0.15,93.7,13.06,0.139381003,2023-06,2023
ORD-11574,24-03-2023,26-03-2023,Second Class,CUST-1071,Home Office,India,Chennai,Tamil Nadu,South,Furniture,Tables,Office Chair,2,0.05,757.07,114.66,0.15145231,2023-03,2023
ORD-10577,03-06-2023,05-06-2023,First Class,CUST-1228,Consumer,India,Pune,Maharashtra,West,Furniture,Storage,Conference Table,5,0.1,658.75,101.36,0.153867173,2023-06,2023
ORD-11358,16-03-2023,18-03-2023,Second Class,CUST-1165,Consumer,India,Pune,Maharashtra,West,Technology,Printers,Smartphone,2,0.05,924.98,150.5,0.162706221,2023-03,2023
ORD-10042,16-10-2025,18-10-2025,Standard,CUST-1125,Corporate,India,Kolkata,West Bengal,East,Furniture,Chairs,Filing Cabinet,4,0.05,825.96,66.62,0.080657659,2025-10,2025
ORD-10671,21-04-2023,22-04-2023,Second Class,CUST-1092,Consumer,India,Pune,Maharashtra,West,Technology,Accessories,Wireless Headset,1,0.1,422.62,52.75,0.12481662,2023-04,2023
ORD-11968,02-03-2023,04-03-2023,Standard,CUST-1545,Consumer,India,Chennai,Tamil Nadu,South,Technology,Phones,Smartphone,1,0,242.53,39.72,0.163773554,2023-03,2023
ORD-10725,04-03-2025,07-03-2025,Standard,CUST-1055,Consumer,India,Chennai,Tamil Nadu,South,Furniture,Storage,Standing Desk,1,0.1,213.32,14.13,0.066238515,2025-03,2025
ORD-11906,09-06-2024,12-06-2024,Standard,CUST-1507,Corporate,India,Lucknow,Uttar Pradesh,North,Technology,Printers,Smartphone,2,0.1,756.42,110.36,0.145897782,2024-06,2024
ORD-11603,04-11-2025,05-11-2025,First Class,CUST-1024,Corporate,India,Hyderabad,Telangana,South,Office Supplies,Stationery,Notebook,1,0.05,27.2,3.94,0.144852941,2025-11,2025
ORD-11761,08-03-2023,11-03-2023,Second Class,CUST-1281,Corporate,India,Mumbai,Maharashtra,West,Furniture,Office Furniture,Reception Desk,3,0.05,154.58,20.85,0.134881615,2023-03,2023
ORD-10758,11-11-2023,16-11-2023,Standard,CUST-1136,Consumer,India,Nagpur,Maharashtra,Central,Furniture,Chairs,Filing Cabinet,2,0.05,296.47,24.62,0.083043816,2023-11,2023
ORD-12021,17-06-2025,20-06-2025,Standard,CUST-1503,Consumer,India,Ahmedabad,Gujarat,West,Technology,Printers,USB-C Hub,5,0.05,1516.83,268.59,0.177073238,2025-06,2025
ORD-12187,04-08-2025,08-08-2025,First Class,CUST-1112,Consumer,India,Jaipur,Rajasthan,North,Furniture,Storage,Executive Chair,1,0.1,115.69,0.21,0.001815196,2025-08,2025
ORD-11942,12-07-2024,15-07-2024,Same Day,CUST-1260,Consumer,India,Pune,Maharashtra,West,Office Supplies,Writing,Sticky Notes,2,0.1,48.74,7.24,0.148543291,2024-07,2024
ORD-11604,21-06-2023,23-06-2023,Standard,CUST-1094,Consumer,India,Kolkata,West Bengal,East,Furniture,Office Furniture,Office Chair,1,0.2,898.25,-19,-0.02115224,2023-06,2023
ORD-10872,14-11-2023,17-11-2023,Standard,CUST-1348,Home Office,India,Pune,Maharashtra,West,Technology,Phones,USB-C Hub,2,0,585.88,124.42,0.212364307,2023-11,2023
ORD-10615,27-09-2023,30-09-2023,Second Class,CUST-1294,Consumer,India,Jaipur,Rajasthan,North,Office Supplies,Paper,Sticky Notes,5,0.15,639.12,8.15,0.012751909,2023-09,2023
ORD-11970,10-03-2025,12-03-2025,Standard,CUST-1038,Consumer,India,Hyderabad,Telangana,South,Technology,Accessories,Tablet,4,0.3,1783.07,-129.08,-0.072391998,2025-03,2025
ORD-11120,17-07-2023,21-07-2023,First Class,CUST-1549,Consumer,India,Bhopal,Madhya Pradesh,Central,Furniture,Office Furniture,Executive Chair,3,0.2,1067.94,3.07,0.002874693,2023-07,2023
ORD-11900,17-10-2025,19-10-2025,First Class,CUST-1227,Corporate,India,Lucknow,Uttar Pradesh,North,Office Supplies,Writing,File Binder,4,0,588.86,89.59,0.152141426,2025-10,2025
ORD-12116,04-08-2023,07-08-2023,Standard,CUST-1282,Consumer,India,Chennai,Tamil Nadu,South,Furniture,Office Furniture,Filing Cabinet,4,0.1,773.59,46.63,0.060277408,2023-08,2023
ORD-10355,11-01-2023,16-01-2023,Standard,CUST-1459,Consumer,India,Lucknow,Uttar Pradesh,North,Technology,Computers,USB-C Hub,3,0.15,654.95,57.05,0.087105886,2023-01,2023
ORD-11792,04-10-2025,07-10-2025,Second Class,CUST-1406,Consumer,India,Bengaluru,Karnataka,South,Office Supplies,Stationery,Envelope Pack,3,0.3,633.76,-27.18,-0.042886897,2025-10,2025
ORD-10201,24-03-2025,26-03-2025,Standard,CUST-1308,Corporate,India,Nagpur,Maharashtra,Central,Technology,Printers,Monitor,2,0.05,737.58,88.47,0.119946311,2025-03,2025
ORD-11205,09-11-2023,10-11-2023,Same Day,CUST-1178,Consumer,India,Pune,Maharashtra,West,Technology,Accessories,Laser Printer,2,0.1,1187.27,126.27,0.106353231,2023-11,2023
ORD-10688,25-10-2024,28-10-2024,First Class,CUST-1083,Consumer,India,Mumbai,Maharashtra,West,Technology,Phones,USB-C Hub,2,0.1,335.87,37.64,0.112067169,2024-10,2024
ORD-12332,28-05-2023,30-05-2023,Second Class,CUST-1031,Consumer,India,Bhopal,Madhya Pradesh,Central,Technology,Phones,USB-C Hub,1,0.2,156.34,14.63,0.093578099,2023-05,2023
ORD-10054,04-03-2024,06-03-2024,Second Class,CUST-1263,Consumer,India,Bengaluru,Karnataka,South,Office Supplies,Binders,Notebook,3,0.1,82.98,16.83,0.202819957,2024-03,2024
ORD-11790,10-03-2025,12-03-2025,Same Day,CUST-1442,Corporate,India,Hyderabad,Telangana,South,Office Supplies,Writing,File Binder,4,0.1,253.88,35.76,0.140853947,2025-03,2025
ORD-10451,24-11-2023,25-11-2023,Standard,CUST-1490,Corporate,India,Pune,Maharashtra,West,Office Supplies,Binders,Ball Pen Set,1,0.2,127.29,0.9,0.007070469,2023-11,2023
ORD-10745,14-06-2023,15-06-2023,Second Class,CUST-1522,Consumer,India,Bengaluru,Karnataka,South,Technology,Accessories,USB-C Hub,3,0.15,966.81,128.54,0.1329527,2023-06,2023
ORD-11303,19-10-2025,21-10-2025,Standard,CUST-1363,Corporate,India,Pune,Maharashtra,West,Furniture,Office Furniture,Bookshelf,3,0.3,182.34,-15.33,-0.084073708,2025-10,2025
ORD-11781,15-08-2024,19-08-2024,Standard,CUST-1358,Corporate,India,Kolkata,West Bengal,East,Furniture,Tables,Reception Desk,1,0.15,232.08,-6.35,-0.027361255,2024-08,2024
ORD-11700,08-05-2024,13-05-2024,Standard,CUST-1016,Consumer,India,Hyderabad,Telangana,South,Furniture,Chairs,Executive Chair,5,0.05,1078.97,68.25,0.063254771,2024-05,2024
ORD-11708,24-09-2025,28-09-2025,Same Day,CUST-1454,Consumer,India,Ahmedabad,Gujarat,West,Technology,Computers,Monitor,4,0.15,2981.92,469.55,0.15746566,2025-09,2025
ORD-12058,10-07-2025,12-07-2025,Second Class,CUST-1295,Consumer,India,Bhopal,Madhya Pradesh,Central,Office Supplies,Writing,Notebook,1,0.05,29.52,4.66,0.157859079,2025-07,2025
ORD-11762,06-11-2024,09-11-2024,Second Class,CUST-1147,Consumer,India,Chennai,Tamil Nadu,South,Technology,Accessories,Monitor,5,0,744.11,167.06,0.224509817,2024-11,2024
ORD-11062,15-08-2025,20-08-2025,Standard,CUST-1024,Consumer,India,Delhi,Delhi,North,Technology,Phones,Smartphone,2,0.1,1524.72,168.25,0.110348129,2025-08,2025
ORD-11341,11-05-2023,12-05-2023,Standard,CUST-1011,Consumer,India,Chennai,Tamil Nadu,South,Technology,Accessories,Monitor,2,0.1,800.52,136.37,0.170351771,2023-05,2023
ORD-11561,04-08-2023,07-08-2023,Second Class,CUST-1488,Corporate,India,Chennai,Tamil Nadu,South,Furniture,Chairs,Reception Desk,5,0.15,1130.08,65.78,0.058208268,2023-08,2023
ORD-10826,16-02-2023,17-02-2023,Standard,CUST-1497,Corporate,India,Bengaluru,Karnataka,South,Furniture,Chairs,Reception Desk,2,0,479.41,52.47,0.109447029,2023-02,2023
ORD-10130,27-12-2024,30-12-2024,Standard,CUST-1097,Consumer,India,Bhopal,Madhya Pradesh,Central,Office Supplies,Stationery,Envelope Pack,3,0.1,98.29,15.18,0.15444094,2024-12,2024
ORD-11449,15-03-2025,18-03-2025,First Class,CUST-1492,Corporate,India,Hyderabad,Telangana,South,Furniture,Storage,Bookshelf,3,0.1,1268.06,119.53,0.094262101,2025-03,2025
ORD-10265,12-06-2025,14-06-2025,Standard,CUST-1376,Consumer,India,Nagpur,Maharashtra,Central,Furniture,Tables,Standing Desk,2,0.05,2056.33,153.68,0.074735086,2025-06,2025
ORD-10704,14-07-2025,16-07-2025,Standard,CUST-1431,Consumer,India,Bhopal,Madhya Pradesh,Central,Furniture,Chairs,Office Chair,2,0,197.59,18.42,0.093223341,2025-07,2025
ORD-11085,06-08-2025,11-08-2025,Standard,CUST-1010,Corporate,India,Bhopal,Madhya Pradesh,Central,Furniture,Chairs,Office Chair,5,0.3,1801.31,-130.58,-0.072491687,2025-08,2025
ORD-11796,14-08-2023,16-08-2023,Standard,CUST-1516,Corporate,India,Pune,Maharashtra,West,Office Supplies,Binders,File Binder,4,0.3,228.94,-6.56,-0.028653796,2023-08,2023
ORD-10780,23-02-2023,28-02-2023,Standard,CUST-1159,Home Office,India,Lucknow,Uttar Pradesh,North,Office Supplies,Binders,File Binder,2,0,251.63,52.01,0.206692366,2023-02,2023
ORD-10983,11-06-2025,14-06-2025,First Class,CUST-1225,Consumer,India,Bhopal,Madhya Pradesh,Central,Furniture,Tables,Filing Cabinet,2,0.1,541.01,55.68,0.102918615,2025-06,2025
ORD-11889,01-09-2025,02-09-2025,Same Day,CUST-1039,Consumer,India,Delhi,Delhi,North,Furniture,Office Furniture,Executive Chair,1,0.1,342.71,22.71,0.066265939,2025-09,2025
ORD-11716,09-02-2023,12-02-2023,Second Class,CUST-1344,Corporate,India,Jaipur,Rajasthan,North,Technology,Computers,USB-C Hub,4,0.2,1353.74,128.64,0.095025633,2023-02,2023
ORD-12129,22-12-2023,25-12-2023,First Class,CUST-1550,Home Office,India,Nagpur,Maharashtra,Central,Office Supplies,Binders,Sticky Notes,1,0.05,67.28,9.6,0.142687277,2023-12,2023
ORD-12412,22-12-2023,25-12-2023,Standard,CUST-1447,Consumer,India,Bengaluru,Karnataka,South,Office Supplies,Stationery,Envelope Pack,2,0.05,78.76,11.26,0.142965973,2023-12,2023
ORD-11265,05-11-2024,06-11-2024,First Class,CUST-1483,Consumer,India,Delhi,Delhi,North,Technology,Accessories,Smartphone,2,0.2,746.95,33.88,0.045357788,2024-11,2024
ORD-11030,31-12-2024,02-01-2025,Standard,CUST-1380,Consumer,India,Ahmedabad,Gujarat,West,Office Supplies,Paper,Notebook,1,0.15,51.23,7.14,0.139371462,2024-12,2024
ORD-11098,29-01-2023,30-01-2023,Second Class,CUST-1156,Corporate,India,Kolkata,West Bengal,East,Technology,Accessories,USB-C Hub,2,0,202.88,24.96,0.123028391,2023-01,2023
ORD-11980,02-06-2025,06-06-2025,First Class,CUST-1526,Consumer,India,Hyderabad,Telangana,South,Office Supplies,Stationery,Desk Organizer,5,0.05,112.9,13.28,0.117626218,2025-06,2025
ORD-12035,05-10-2025,08-10-2025,Same Day,CUST-1561,Consumer,India,Bhopal,Madhya Pradesh,Central,Technology,Accessories,Laser Printer,1,0.15,324.88,38.49,0.118474514,2025-10,2025
ORD-11875,18-07-2023,21-07-2023,Second Class,CUST-1235,Home Office,India,Nagpur,Maharashtra,Central,Technology,Phones,USB-C Hub,4,0,532.19,105.51,0.198256262,2023-07,2023
ORD-12013,04-06-2024,06-06-2024,Standard,CUST-1273,Corporate,India,Jaipur,Rajasthan,North,Furniture,Storage,Standing Desk,4,0,568.67,36.32,0.063868324,2024-06,2024
ORD-11695,04-12-2023,06-12-2023,First Class,CUST-1400,Corporate,India,Bengaluru,Karnataka,South,Furniture,Office Furniture,Conference Table,4,0,748.15,82.31,0.110018045,2023-12,2023
ORD-12163,14-08-2024,16-08-2024,Same Day,CUST-1588,Corporate,India,Bhopal,Madhya Pradesh,Central,Technology,Phones,Smartphone,1,0,505.59,102.74,0.203208133,2024-08,2024
ORD-12270,06-07-2025,08-07-2025,First Class,CUST-1008,Corporate,India,Chennai,Tamil Nadu,South,Office Supplies,Writing,Desk Organizer,1,0,94.28,16.47,0.174692406,2025-07,2025
ORD-10808,06-07-2024,09-07-2024,Standard,CUST-1514,Corporate,India,Mumbai,Maharashtra,West,Office Supplies,Writing,File Binder,4,0.1,706.33,79.05,0.111916526,2024-07,2024
ORD-10694,23-05-2025,25-05-2025,Standard,CUST-1308,Corporate,India,Bengaluru,Karnataka,South,Office Supplies,Stationery,Envelope Pack,3,0.15,178.82,0.28,0.00156582,2025-05,2025
ORD-11982,15-10-2023,17-10-2023,Same Day,CUST-1092,Consumer,India,Mumbai,Maharashtra,West,Furniture,Tables,Conference Table,5,0.15,456.4,23.85,0.052256792,2023-10,2023
ORD-11712,19-12-2023,23-12-2023,First Class,CUST-1561,Consumer,India,Chennai,Tamil Nadu,South,Technology,Phones,Tablet,3,0.1,1376.44,222.82,0.161881375,2023-12,2023
ORD-10636,04-08-2025,07-08-2025,First Class,CUST-1245,Consumer,India,Kolkata,West Bengal,East,Furniture,Chairs,Executive Chair,5,0.1,328.67,14.77,0.044938692,2025-08,2025
ORD-11525,13-06-2024,16-06-2024,Same Day,CUST-1317,Corporate,India,Hyderabad,Telangana,South,Office Supplies,Binders,Notebook,1,0.1,92.57,8.78,0.094847143,2024-06,2024
ORD-12334,16-01-2024,18-01-2024,Standard,CUST-1300,Corporate,India,Pune,Maharashtra,West,Furniture,Chairs,Bookshelf,2,0.15,163.8,11.98,0.073137973,2024-01,2024
ORD-12003,30-10-2025,31-10-2025,First Class,CUST-1575,Consumer,India,Bengaluru,Karnataka,South,Technology,Computers,Mechanical Keyboard,2,0.15,792.85,42.64,0.053780665,2025-10,2025
ORD-11316,17-11-2024,20-11-2024,First Class,CUST-1510,Consumer,India,Lucknow,Uttar Pradesh,North,Furniture,Chairs,Bookshelf,3,0.3,407.46,-25.85,-0.06344181,2024-11,2024
ORD-11239,09-11-2025,10-11-2025,Standard,CUST-1241,Consumer,India,Nagpur,Maharashtra,Central,Furniture,Storage,Standing Desk,1,0.05,579.56,72.16,0.124508248,2025-11,2025
ORD-11359,06-05-2023,11-05-2023,Standard,CUST-1307,Consumer,India,Chennai,Tamil Nadu,South,Furniture,Chairs,Reception Desk,2,0,215.71,31.09,0.144128691,2023-05,2023
ORD-10302,15-01-2025,18-01-2025,Standard,CUST-1537,Corporate,India,Bengaluru,Karnataka,South,Technology,Phones,Business Laptop,2,0,486.38,96.82,0.199062461,2025-01,2025
ORD-11009,13-01-2025,16-01-2025,Second Class,CUST-1219,Home Office,India,Bhopal,Madhya Pradesh,Central,Technology,Phones,Monitor,5,0.1,1806.2,306.44,0.16966006,2025-01,2025
ORD-11667,04-12-2024,05-12-2024,First Class,CUST-1493,Home Office,India,Ahmedabad,Gujarat,West,Office Supplies,Paper,Printer Paper,3,0.1,324.72,38.14,0.117455038,2024-12,2024
ORD-10710,19-01-2023,23-01-2023,First Class,CUST-1075,Consumer,India,Kolkata,West Bengal,East,Office Supplies,Paper,Envelope Pack,1,0.05,67.02,9.25,0.138018502,2023-01,2023
ORD-12132,23-05-2023,26-05-2023,Standard,CUST-1002,Consumer,India,Bhopal,Madhya Pradesh,Central,Technology,Phones,Business Laptop,2,0.15,580.64,45.29,0.078000138,2023-05,2023
ORD-11349,24-11-2023,27-11-2023,Standard,CUST-1342,Consumer,India,Ahmedabad,Gujarat,West,Furniture,Chairs,Filing Cabinet,2,0.15,738.66,87.08,0.117889151,2023-11,2023
ORD-10788,12-05-2024,15-05-2024,First Class,CUST-1323,Consumer,India,Delhi,Delhi,North,Furniture,Chairs,Reception Desk,1,0.05,206.66,22.9,0.110810026,2024-05,2024
ORD-11681,21-05-2023,23-05-2023,Standard,CUST-1419,Consumer,India,Hyderabad,Telangana,South,Technology,Phones,Laser Printer,2,0.05,584.5,126.38,0.216218991,2023-05,2023
ORD-12345,02-01-2023,04-01-2023,Second Class,CUST-1444,Consumer,India,Delhi,Delhi,North,Technology,Phones,Monitor,1,0,863.5,179.42,0.207782281,2023-01,2023
ORD-10520,09-08-2025,14-08-2025,Standard,CUST-1219,Corporate,India,Bengaluru,Karnataka,South,Furniture,Storage,Standing Desk,3,0.2,617.16,11.74,0.01902262,2025-08,2025
ORD-10145,10-01-2023,12-01-2023,Second Class,CUST-1166,Corporate,India,Nagpur,Maharashtra,Central,Technology,Computers,USB-C Hub,2,0.2,1042.35,39.66,0.03804864,2023-01,2023
ORD-10987,03-07-2025,06-07-2025,Second Class,CUST-1418,Consumer,India,Jaipur,Rajasthan,North,Furniture,Tables,Filing Cabinet,4,0,673.77,84.53,0.125458242,2025-07,2025
ORD-10998,11-10-2024,13-10-2024,Standard,CUST-1458,Consumer,India,Jaipur,Rajasthan,North,Furniture,Chairs,Standing Desk,3,0.1,381.48,50.12,0.131383034,2024-10,2024
ORD-11914,30-11-2024,04-12-2024,First Class,CUST-1352,Home Office,India,Hyderabad,Telangana,South,Furniture,Tables,Executive Chair,2,0.1,792.45,99.1,0.125055209,2024-11,2024
ORD-10057,29-12-2025,31-12-2025,First Class,CUST-1380,Consumer,India,Nagpur,Maharashtra,Central,Technology,Phones,Laser Printer,2,0.15,1016.4,108.04,0.106296734,2025-12,2025
ORD-12334,08-12-2023,11-12-2023,Second Class,CUST-1476,Corporate,India,Lucknow,Uttar Pradesh,North,Office Supplies,Writing,Desk Organizer,2,0.3,159.7,-7.8,-0.048841578,2023-12,2023
ORD-10347,13-10-2025,15-10-2025,Standard,CUST-1278,Corporate,India,Kolkata,West Bengal,East,Technology,Computers,Business Laptop,2,0.05,513.28,92.87,0.180934383,2025-10,2025
ORD-11523,18-09-2024,20-09-2024,Second Class,CUST-1459,Consumer,India,Lucknow,Uttar Pradesh,North,Office Supplies,Stationery,File Binder,1,0.2,127.25,2.03,0.015952849,2024-09,2024
ORD-11689,07-01-2025,08-01-2025,Standard,CUST-1406,Consumer,India,Kolkata,West Bengal,East,Technology,Accessories,Smartphone,2,0.2,540.69,7.36,0.013612236,2025-01,2025
ORD-11693,07-11-2023,09-11-2023,Standard,CUST-1157,Corporate,India,Chennai,Tamil Nadu,South,Office Supplies,Binders,Desk Organizer,3,0.15,400.33,-3.12,-0.00779357,2023-11,2023
ORD-11312,14-05-2023,15-05-2023,Standard,CUST-1252,Consumer,India,Bengaluru,Karnataka,South,Technology,Computers,Business Laptop,1,0.1,413.09,57.51,0.139219056,2023-05,2023
ORD-11603,13-06-2023,16-06-2023,Standard,CUST-1536,Corporate,India,Delhi,Delhi,North,Technology,Printers,Monitor,5,0,1811.3,425.52,0.234925192,2023-06,2023
ORD-12334,01-11-2025,06-11-2025,Standard,CUST-1059,Consumer,India,Jaipur,Rajasthan,North,Furniture,Chairs,Reception Desk,1,0.15,86.55,4.63,0.05349509,2025-11,2025
ORD-11352,07-10-2025,10-10-2025,First Class,CUST-1148,Consumer,India,Ahmedabad,Gujarat,West,Technology,Phones,Smartphone,3,0,528.62,73.51,0.139060194,2025-10,2025
ORD-10123,09-07-2023,11-07-2023,Second Class,CUST-1419,Corporate,India,Pune,Maharashtra,West,Technology,Printers,Laser Printer,2,0,322.96,56.66,0.175439683,2023-07,2023
ORD-10509,26-02-2024,28-02-2024,Standard,CUST-1597,Consumer,India,Mumbai,Maharashtra,West,Technology,Printers,Tablet,2,0.15,1140.14,104.23,0.091418598,2024-02,2024
ORD-12385,21-01-2024,22-01-2024,Second Class,CUST-1492,Corporate,India,Pune,Maharashtra,West,Technology,Computers,Tablet,1,0.2,96.01,10.19,0.106134778,2024-01,2024
ORD-11768,22-06-2023,23-06-2023,Standard,CUST-1226,Corporate,India,Delhi,Delhi,North,Technology,Phones,Laser Printer,2,0.15,403.67,49.2,0.121881735,2023-06,2023
ORD-10788,07-07-2024,10-07-2024,Same Day,CUST-1231,Corporate,India,Bhopal,Madhya Pradesh,Central,Office Supplies,Paper,Printer Paper,4,0.3,263.8,-10.1,-0.038286581,2024-07,2024
ORD-10086,15-12-2024,17-12-2024,First Class,CUST-1199,Consumer,India,Delhi,Delhi,North,Technology,Computers,USB-C Hub,2,0,509.92,106.61,0.209072011,2024-12,2024
ORD-10562,12-02-2023,15-02-2023,Second Class,CUST-1390,Home Office,India,Bhopal,Madhya Pradesh,Central,Office Supplies,Binders,Printer Paper,2,0.15,79.28,2.06,0.025983855,2023-02,2023
ORD-10962,17-03-2024,18-03-2024,Standard,CUST-1462,Consumer,India,Kolkata,West Bengal,East,Furniture,Office Furniture,Executive Chair,5,0.15,1815.09,10.91,0.006010721,2024-03,2024
ORD-11249,15-04-2025,18-04-2025,Same Day,CUST-1287,Consumer,India,Lucknow,Uttar Pradesh,North,Furniture,Tables,Reception Desk,4,0.15,1957.59,186.9,0.095474538,2025-04,2025
ORD-10685,06-06-2024,07-06-2024,Standard,CUST-1171,Consumer,India,Pune,Maharashtra,West,Technology,Computers,Tablet,3,0.05,378,58.43,0.15457672,2024-06,2024
ORD-12285,23-04-2023,26-04-2023,First Class,CUST-1301,Home Office,India,Kolkata,West Bengal,East,Technology,Printers,Monitor,5,0.1,2240.68,238.68,0.106521235,2023-04,2023
ORD-10282,08-10-2024,10-10-2024,Standard,CUST-1435,Corporate,India,Kolkata,West Bengal,East,Technology,Printers,Monitor,3,0.15,549.05,62.31,0.113486932,2024-10,2024
ORD-10361,29-03-2023,31-03-2023,Second Class,CUST-1135,Corporate,India,Lucknow,Uttar Pradesh,North,Technology,Phones,Mechanical Keyboard,1,0.1,498.67,70.9,0.142178194,2023-03,2023
ORD-12159,09-05-2023,12-05-2023,First Class,CUST-1065,Consumer,India,Ahmedabad,Gujarat,West,Office Supplies,Stationery,Ball Pen Set,2,0.15,444.11,38.33,0.086307446,2023-05,2023
ORD-11124,02-11-2025,05-11-2025,First Class,CUST-1069,Corporate,India,Jaipur,Rajasthan,North,Furniture,Tables,Executive Chair,1,0.15,325.24,19.65,0.060416923,2025-11,2025
ORD-11795,28-11-2024,30-11-2024,Second Class,CUST-1037,Home Office,India,Hyderabad,Telangana,South,Furniture,Office Furniture,Executive Chair,2,0,1133.29,117.54,0.10371573,2024-11,2024
ORD-10161,07-07-2023,10-07-2023,Second Class,CUST-1535,Consumer,India,Jaipur,Rajasthan,North,Technology,Accessories,Tablet,1,0.1,708.43,145.38,0.205214347,2023-07,2023
ORD-10182,16-08-2024,19-08-2024,Standard,CUST-1349,Corporate,India,Mumbai,Maharashtra,West,Technology,Accessories,Business Laptop,3,0.1,1117.58,131.56,0.117718642,2024-08,2024
ORD-10659,23-04-2023,25-04-2023,Second Class,CUST-1259,Corporate,India,Bhopal,Madhya Pradesh,Central,Technology,Printers,Business Laptop,5,0.1,1470.74,228.24,0.155187185,2023-04,2023
ORD-12028,06-12-2025,07-12-2025,Second Class,CUST-1253,Consumer,India,Nagpur,Maharashtra,Central,Technology,Computers,Laser Printer,3,0.05,567.67,72.84,0.128313985,2025-12,2025
ORD-10703,10-12-2024,13-12-2024,Standard,CUST-1073,Consumer,India,Pune,Maharashtra,West,Technology,Phones,Wireless Headset,4,0.2,818.31,68.79,0.084063497,2024-12,2024
ORD-11687,18-09-2023,21-09-2023,Same Day,CUST-1595,Home Office,India,Bhopal,Madhya Pradesh,Central,Furniture,Tables,Reception Desk,4,0.05,562,47.99,0.085391459,2023-09,2023
ORD-12014,11-09-2025,16-09-2025,Standard,CUST-1181,Consumer,India,Jaipur,Rajasthan,North,Technology,Printers,Smartphone,2,0.05,448.82,80.95,0.180361838,2025-09,2025
ORD-11422,24-07-2023,26-07-2023,Second Class,CUST-1069,Consumer,India,Hyderabad,Telangana,South,Technology,Printers,USB-C Hub,3,0.15,332.07,21.31,0.064173216,2023-07,2023
ORD-11753,02-11-2024,05-11-2024,First Class,CUST-1580,Consumer,India,Bhopal,Madhya Pradesh,Central,Office Supplies,Binders,Envelope Pack,4,0.3,280.3,16.1,0.057438459,2024-11,2024
ORD-12336,10-09-2025,12-09-2025,Standard,CUST-1597,Home Office,India,Chennai,Tamil Nadu,South,Technology,Phones,USB-C Hub,1,0,175.2,45.03,0.257020548,2025-09,2025
ORD-11537,15-08-2024,20-08-2024,First Class,CUST-1516,Consumer,India,Pune,Maharashtra,West,Technology,Printers,Smartphone,3,0.2,326.91,29.19,0.08929063,2024-08,2024
ORD-11854,22-01-2023,26-01-2023,Standard,CUST-1242,Corporate,India,Hyderabad,Telangana,South,Furniture,Tables,Conference Table,1,0.1,471.17,31.57,0.067003417,2023-01,2023
ORD-12105,14-07-2024,16-07-2024,First Class,CUST-1380,Consumer,India,Kolkata,West Bengal,East,Technology,Printers,Smartphone,3,0.2,962.27,58.86,0.061167863,2024-07,2024
ORD-11201,15-11-2025,18-11-2025,Standard,CUST-1378,Consumer,India,Delhi,Delhi,North,Furniture,Office Furniture,Standing Desk,2,0.1,271.3,29.1,0.107261334,2025-11,2025
ORD-11127,09-12-2024,14-12-2024,First Class,CUST-1237,Consumer,India,Ahmedabad,Gujarat,West,Technology,Computers,USB-C Hub,3,0.05,1688.49,314.54,0.186284787,2024-12,2024
ORD-10612,07-07-2024,09-07-2024,Standard,CUST-1519,Corporate,India,Mumbai,Maharashtra,West,Furniture,Tables,Reception Desk,4,0.1,773.62,15.54,0.020087381,2024-07,2024
ORD-11910,16-07-2025,19-07-2025,Standard,CUST-1574,Corporate,India,Nagpur,Maharashtra,Central,Technology,Printers,Monitor,4,0.3,1056.5,57.5,0.054424988,2025-07,2025
ORD-10226,09-10-2025,12-10-2025,Standard,CUST-1381,Home Office,India,Nagpur,Maharashtra,Central,Furniture,Office Furniture,Bookshelf,1,0.1,194.08,10.8,0.055647156,2025-10,2025
ORD-10981,01-12-2024,03-12-2024,First Class,CUST-1225,Consumer,India,Hyderabad,Telangana,South,Technology,Computers,Smartphone,5,0.05,1556.17,300.54,0.193128,2024-12,2024
ORD-11098,10-08-2024,12-08-2024,Standard,CUST-1313,Corporate,India,Jaipur,Rajasthan,North,Technology,Phones,Laser Printer,2,0.1,403.1,41.4,0.102704044,2024-08,2024
ORD-11958,10-08-2025,12-08-2025,First Class,CUST-1046,Corporate,India,Delhi,Delhi,North,Furniture,Chairs,Filing Cabinet,2,0,309.13,32.88,0.106363019,2025-08,2025
ORD-11336,29-03-2024,02-04-2024,Second Class,CUST-1226,Consumer,India,Jaipur,Rajasthan,North,Technology,Printers,Tablet,3,0,221.59,45.29,0.20438648,2024-03,2024
ORD-11466,06-08-2025,09-08-2025,First Class,CUST-1406,Corporate,India,Pune,Maharashtra,West,Office Supplies,Stationery,Printer Paper,3,0.15,293.68,18.81,0.064049305,2025-08,2025
ORD-10153,06-06-2025,08-06-2025,Standard,CUST-1269,Consumer,India,Bhopal,Madhya Pradesh,Central,Technology,Phones,USB-C Hub,4,0.1,813.63,109.37,0.13442228,2025-06,2025
ORD-10786,05-09-2024,07-09-2024,First Class,CUST-1507,Home Office,India,Hyderabad,Telangana,South,Office Supplies,Binders,Desk Organizer,4,0.2,163.33,12.74,0.078001592,2024-09,2024
ORD-12269,31-07-2025,02-08-2025,Standard,CUST-1333,Consumer,India,Bhopal,Madhya Pradesh,Central,Technology,Phones,Mechanical Keyboard,1,0.2,86.1,7.62,0.088501742,2025-07,2025
ORD-10778,10-02-2023,11-02-2023,Second Class,CUST-1034,Corporate,India,Jaipur,Rajasthan,North,Office Supplies,Stationery,Notebook,4,0,483.51,71.21,0.147277202,2023-02,2023
ORD-10727,08-05-2024,12-05-2024,Standard,CUST-1481,Consumer,India,Lucknow,Uttar Pradesh,North,Furniture,Chairs,Bookshelf,3,0.2,408.29,0.4,0.000979696,2024-05,2024
ORD-11573,24-04-2024,27-04-2024,Standard,CUST-1532,Home Office,India,Bengaluru,Karnataka,South,Furniture,Storage,Bookshelf,1,0,100.05,11.37,0.113643178,2024-04,2024
ORD-11792,19-05-2024,22-05-2024,Standard,CUST-1360,Consumer,India,Delhi,Delhi,North,Technology,Accessories,Laser Printer,2,0.15,685.11,73.66,0.107515581,2024-05,2024
ORD-11325,02-08-2023,04-08-2023,Standard,CUST-1048,Consumer,India,Chennai,Tamil Nadu,South,Technology,Printers,Monitor,2,0.15,208.45,20.76,0.099592228,2023-08,2023
ORD-11572,30-05-2025,01-06-2025,First Class,CUST-1343,Consumer,India,Delhi,Delhi,North,Technology,Printers,Business Laptop,3,0.3,230.54,2.08,0.009022295,2025-05,2025
ORD-10583,27-03-2025,30-03-2025,First Class,CUST-1018,Consumer,India,Jaipur,Rajasthan,North,Technology,Accessories,Wireless Headset,2,0.05,401.18,58.03,0.144648288,2025-03,2025
ORD-10726,31-03-2024,03-04-2024,Second Class,CUST-1430,Consumer,India,Jaipur,Rajasthan,North,Technology,Phones,USB-C Hub,5,0,2032.92,436.44,0.214686264,2024-03,2024
ORD-11793,29-04-2025,01-05-2025,Standard,CUST-1040,Corporate,India,Mumbai,Maharashtra,West,Furniture,Chairs,Reception Desk,3,0.1,1036.36,71.5,0.06899147,2025-04,2025
ORD-11935,16-08-2025,19-08-2025,Standard,CUST-1386,Corporate,India,Lucknow,Uttar Pradesh,North,Furniture,Storage,Conference Table,1,0.15,254.83,-1.31,-0.005140682,2025-08,2025
ORD-11819,23-10-2023,27-10-2023,Standard,CUST-1293,Consumer,India,Chennai,Tamil Nadu,South,Furniture,Office Furniture,Conference Table,2,0.2,339.22,-17.63,-0.051972171,2023-10,2023
ORD-11064,04-10-2023,07-10-2023,Standard,CUST-1155,Consumer,India,Ahmedabad,Gujarat,West,Furniture,Storage,Filing Cabinet,4,0.2,1878.86,-16.44,-0.008749987,2023-10,2023
ORD-12468,22-12-2025,23-12-2025,Standard,CUST-1006,Consumer,India,Mumbai,Maharashtra,West,Office Supplies,Stationery,Notebook,2,0,371.94,103.42,0.2780556,2025-12,2025
ORD-12372,12-04-2025,14-04-2025,Second Class,CUST-1575,Corporate,India,Pune,Maharashtra,West,Technology,Phones,Smartphone,2,0.05,471.51,67.2,0.142520837,2025-04,2025
ORD-12037,18-07-2025,22-07-2025,Standard,CUST-1429,Consumer,India,Chennai,Tamil Nadu,South,Furniture,Tables,Office Chair,5,0,460.3,61.41,0.133412992,2025-07,2025
ORD-12416,29-12-2023,31-12-2023,Standard,CUST-1200,Corporate,India,Hyderabad,Telangana,South,Technology,Computers,Monitor,2,0.2,489.36,38.18,0.078020271,2023-12,2023
ORD-12390,07-03-2025,09-03-2025,Standard,CUST-1378,Consumer,India,Bengaluru,Karnataka,South,Office Supplies,Stationery,Printer Paper,3,0.1,253.47,16.14,0.063676175,2025-03,2025
ORD-11627,04-08-2025,06-08-2025,Standard,CUST-1384,Consumer,India,Mumbai,Maharashtra,West,Office Supplies,Paper,Ball Pen Set,3,0.1,339.95,29.64,0.087189293,2025-08,2025
ORD-11307,27-04-2024,29-04-2024,Second Class,CUST-1519,Corporate,India,Bengaluru,Karnataka,South,Office Supplies,Stationery,Ball Pen Set,2,0.1,299.8,24.82,0.082788526,2024-04,2024
ORD-11510,31-05-2024,02-06-2024,Same Day,CUST-1394,Home Office,India,Lucknow,Uttar Pradesh,North,Furniture,Storage,Reception Desk,3,0,1154.47,154.04,0.133429193,2024-05,2024
ORD-10694,20-04-2024,21-04-2024,Same Day,CUST-1581,Consumer,India,Pune,Maharashtra,West,Furniture,Chairs,Standing Desk,5,0.15,526.04,17.63,0.033514562,2024-04,2024
ORD-10162,11-02-2024,13-02-2024,First Class,CUST-1364,Corporate,India,Pune,Maharashtra,West,Furniture,Chairs,Conference Table,5,0.15,2064.27,42.75,0.0207095,2024-02,2024
ORD-11724,07-12-2025,12-12-2025,Standard,CUST-1493,Corporate,India,Nagpur,Maharashtra,Central,Technology,Phones,Business Laptop,2,0,254,43.24,0.17023622,2025-12,2025
ORD-10695,14-10-2023,17-10-2023,First Class,CUST-1546,Consumer,India,Ahmedabad,Gujarat,West,Office Supplies,Writing,Sticky Notes,3,0.2,568.48,48.77,0.085790177,2023-10,2023
ORD-10140,26-02-2023,01-03-2023,Standard,CUST-1548,Corporate,India,Pune,Maharashtra,West,Office Supplies,Writing,Notebook,1,0.15,120.16,10.88,0.090545939,2023-02,2023
ORD-12014,09-10-2024,12-10-2024,Second Class,CUST-1413,Corporate,India,Jaipur,Rajasthan,North,Furniture,Storage,Office Chair,1,0.1,111.48,7.15,0.064137065,2024-10,2024
ORD-12369,28-06-2025,02-07-2025,Standard,CUST-1357,Home Office,India,Delhi,Delhi,North,Office Supplies,Writing,Sticky Notes,2,0.2,150.12,1.71,0.011390887,2025-06,2025
ORD-11588,25-03-2024,28-03-2024,Standard,CUST-1230,Home Office,India,Delhi,Delhi,North,Furniture,Storage,Bookshelf,2,0,280.1,29.57,0.105569439,2024-03,2024
ORD-11479,17-11-2023,20-11-2023,Standard,CUST-1073,Consumer,India,Bhopal,Madhya Pradesh,Central,Technology,Phones,Mechanical Keyboard,4,0.2,1534.12,61.78,0.040270644,2023-11,2023
ORD-11035,21-10-2024,24-10-2024,First Class,CUST-1465,Corporate,India,Ahmedabad,Gujarat,West,Technology,Printers,Monitor,3,0.15,368.02,38.56,0.104776914,2024-10,2024
ORD-11111,29-04-2025,03-05-2025,Standard,CUST-1208,Consumer,India,Jaipur,Rajasthan,North,Office Supplies,Paper,File Binder,1,0.1,118.74,16.33,0.137527371,2025-04,2025
ORD-10818,28-03-2025,30-03-2025,Same Day,CUST-1451,Consumer,India,Delhi,Delhi,North,Technology,Printers,Business Laptop,4,0.2,1172.81,38.87,0.033142623,2025-03,2025
ORD-10022,21-05-2023,23-05-2023,Standard,CUST-1174,Corporate,India,Hyderabad,Telangana,South,Technology,Printers,Laser Printer,1,0.2,420.08,31.04,0.073890687,2023-05,2023
ORD-11525,23-08-2023,26-08-2023,Second Class,CUST-1100,Home Office,India,Jaipur,Rajasthan,North,Office Supplies,Stationery,Ball Pen Set,2,0.15,171.19,10.71,0.062562066,2023-08,2023
ORD-12078,20-05-2025,23-05-2025,First Class,CUST-1099,Corporate,India,Lucknow,Uttar Pradesh,North,Furniture,Storage,Executive Chair,1,0.1,157.73,12.06,0.076459773,2025-05,2025
ORD-11827,16-06-2025,18-06-2025,Standard,CUST-1262,Home Office,India,Kolkata,West Bengal,East,Furniture,Storage,Standing Desk,3,0,207.62,32.93,0.158607071,2025-06,2025
ORD-11067,01-10-2023,04-10-2023,Standard,CUST-1564,Corporate,India,Bengaluru,Karnataka,South,Office Supplies,Stationery,Sticky Notes,3,0.2,431.58,25.08,0.058112053,2023-10,2023
ORD-10170,22-02-2023,25-02-2023,Second Class,CUST-1540,Corporate,India,Jaipur,Rajasthan,North,Technology,Computers,USB-C Hub,5,0.05,1995.18,314.95,0.157855432,2023-02,2023
ORD-11697,13-02-2024,18-02-2024,First Class,CUST-1174,Consumer,India,Nagpur,Maharashtra,Central,Furniture,Tables,Office Chair,4,0,1010.63,132.08,0.130690757,2024-02,2024
ORD-12207,26-10-2024,29-10-2024,Standard,CUST-1456,Consumer,India,Nagpur,Maharashtra,Central,Furniture,Office Furniture,Office Chair,2,0.2,422.96,0.75,0.001773217,2024-10,2024
ORD-11147,27-11-2023,01-12-2023,Standard,CUST-1078,Consumer,India,Bengaluru,Karnataka,South,Furniture,Office Furniture,Filing Cabinet,1,0.1,117.21,4.35,0.037112874,2023-11,2023
ORD-11594,15-04-2024,18-04-2024,Standard,CUST-1528,Consumer,India,Nagpur,Maharashtra,Central,Furniture,Office Furniture,Office Chair,3,0.15,984.02,100.23,0.101857686,2024-04,2024
ORD-10215,28-12-2023,01-01-2024,Same Day,CUST-1101,Consumer,India,Hyderabad,Telangana,South,Office Supplies,Binders,Sticky Notes,3,0.3,466.83,-3.21,-0.006876165,2023-12,2023
ORD-11145,12-07-2024,13-07-2024,Standard,CUST-1014,Home Office,India,Kolkata,West Bengal,East,Furniture,Tables,Office Chair,2,0.05,355.91,27.93,0.078474895,2024-07,2024
ORD-10492,04-10-2023,09-10-2023,Standard,CUST-1519,Corporate,India,Bhopal,Madhya Pradesh,Central,Furniture,Tables,Standing Desk,1,0.2,841.21,-45.83,-0.054481045,2023-10,2023
ORD-12006,11-09-2024,15-09-2024,Standard,CUST-1273,Home Office,India,Bhopal,Madhya Pradesh,Central,Office Supplies,Paper,Notebook,5,0.05,386.87,57.69,0.149119859,2024-09,2024
ORD-10519,07-11-2023,09-11-2023,Second Class,CUST-1246,Corporate,India,Chennai,Tamil Nadu,South,Technology,Computers,Laser Printer,2,0.3,301.88,18.24,0.060421359,2023-11,2023
ORD-12468,28-12-2023,30-12-2023,Second Class,CUST-1136,Corporate,India,Ahmedabad,Gujarat,West,Furniture,Storage,Standing Desk,1,0.1,498.55,38.61,0.077444589,2023-12,2023
ORD-10348,15-03-2023,18-03-2023,Standard,CUST-1154,Corporate,India,Jaipur,Rajasthan,North,Technology,Printers,Smartphone,4,0.2,1081.59,25.62,0.023687349,2023-03,2023
ORD-10273,10-01-2023,14-01-2023,Standard,CUST-1358,Home Office,India,Ahmedabad,Gujarat,West,Technology,Accessories,Wireless Headset,3,0,3381.86,639.98,0.189239058,2023-01,2023
ORD-11424,15-11-2024,17-11-2024,Standard,CUST-1192,Corporate,India,Pune,Maharashtra,West,Furniture,Storage,Executive Chair,1,0,70.45,9.24,0.131156849,2024-11,2024
ORD-12038,20-12-2023,23-12-2023,Second Class,CUST-1198,Corporate,India,Bengaluru,Karnataka,South,Technology,Printers,Mechanical Keyboard,2,0,949.45,174.15,0.183421981,2023-12,2023
ORD-10614,23-11-2023,27-11-2023,First Class,CUST-1111,Corporate,India,Bengaluru,Karnataka,South,Technology,Computers,Laser Printer,3,0.05,509.12,71.15,0.139750943,2023-11,2023
ORD-10289,12-07-2025,15-07-2025,Standard,CUST-1003,Home Office,India,Pune,Maharashtra,West,Technology,Computers,Tablet,1,0.05,466.53,90.3,0.193556684,2025-07,2025
ORD-11638,08-03-2024,11-03-2024,Standard,CUST-1390,Consumer,India,Chennai,Tamil Nadu,South,Technology,Accessories,Mechanical Keyboard,4,0.3,670.33,4.15,0.006190981,2024-03,2024
ORD-10868,31-07-2023,02-08-2023,Standard,CUST-1305,Home Office,India,Mumbai,Maharashtra,West,Technology,Accessories,Laser Printer,3,0.1,1202.79,181.85,0.15119015,2023-07,2023
ORD-11822,20-06-2024,22-06-2024,Same Day,CUST-1271,Consumer,India,Lucknow,Uttar Pradesh,North,Technology,Phones,Monitor,2,0.1,822.47,89.41,0.108709132,2024-06,2024
ORD-11658,26-07-2025,29-07-2025,Same Day,CUST-1152,Corporate,India,Jaipur,Rajasthan,North,Technology,Accessories,Monitor,1,0.05,396.82,45.59,0.114888362,2025-07,2025
ORD-11006,05-07-2025,08-07-2025,Same Day,CUST-1197,Consumer,India,Bengaluru,Karnataka,South,Office Supplies,Binders,Printer Paper,2,0,119.11,18.67,0.156745865,2025-07,2025
ORD-10560,11-02-2024,12-02-2024,Standard,CUST-1336,Consumer,India,Lucknow,Uttar Pradesh,North,Office Supplies,Paper,Printer Paper,1,0,113.83,14.91,0.130984802,2024-02,2024
ORD-10673,24-06-2023,26-06-2023,Standard,CUST-1269,Consumer,India,Bengaluru,Karnataka,South,Furniture,Chairs,Conference Table,2,0.2,293.16,3.08,0.010506208,2023-06,2023
ORD-11855,01-12-2024,02-12-2024,Standard,CUST-1524,Corporate,India,Mumbai,Maharashtra,West,Furniture,Chairs,Conference Table,3,0.1,179.42,7.55,0.042080036,2024-12,2024
ORD-10374,20-10-2024,22-10-2024,Standard,CUST-1518,Consumer,India,Pune,Maharashtra,West,Technology,Computers,Business Laptop,2,0.2,664.21,65.32,0.098342392,2024-10,2024
ORD-11424,26-03-2024,30-03-2024,Standard,CUST-1139,Consumer,India,Nagpur,Maharashtra,Central,Office Supplies,Binders,Notebook,1,0,72.38,11.7,0.161646864,2024-03,2024
ORD-10451,20-06-2025,22-06-2025,First Class,CUST-1449,Consumer,India,Bhopal,Madhya Pradesh,Central,Office Supplies,Writing,Sticky Notes,2,0.05,487.51,55.81,0.114479703,2025-06,2025
ORD-10568,16-10-2023,19-10-2023,Standard,CUST-1360,Consumer,India,Mumbai,Maharashtra,West,Furniture,Storage,Reception Desk,4,0.05,627.69,49.6,0.079019898,2023-10,2023
ORD-12434,06-08-2023,08-08-2023,Same Day,CUST-1203,Consumer,India,Bengaluru,Karnataka,South,Office Supplies,Writing,Desk Organizer,3,0,280.85,35.09,0.12494214,2023-08,2023
ORD-10949,16-02-2025,19-02-2025,Second Class,CUST-1019,Consumer,India,Pune,Maharashtra,West,Office Supplies,Writing,File Binder,1,0.3,34.7,-0.45,-0.0129683,2025-02,2025
ORD-10744,28-05-2023,31-05-2023,Standard,CUST-1559,Consumer,India,Mumbai,Maharashtra,West,Furniture,Storage,Executive Chair,5,0.15,1609.81,-12.38,-0.007690349,2023-05,2023
ORD-10300,10-04-2023,12-04-2023,Standard,CUST-1448,Consumer,India,Chennai,Tamil Nadu,South,Technology,Printers,Business Laptop,3,0,305.01,76.27,0.250057375,2023-04,2023
ORD-11818,27-12-2025,31-12-2025,Second Class,CUST-1369,Consumer,India,Pune,Maharashtra,West,Furniture,Storage,Office Chair,3,0.15,332.03,18.9,0.056922567,2025-12,2025
ORD-12424,23-02-2023,25-02-2023,First Class,CUST-1042,Corporate,India,Jaipur,Rajasthan,North,Office Supplies,Paper,Envelope Pack,4,0.3,47.98,-0.22,-0.004585244,2023-02,2023
ORD-12250,30-11-2025,02-12-2025,First Class,CUST-1295,Consumer,India,Bengaluru,Karnataka,South,Furniture,Office Furniture,Reception Desk,3,0,361.96,36.03,0.099541386,2025-11,2025
ORD-12434,02-03-2023,04-03-2023,Standard,CUST-1318,Corporate,India,Hyderabad,Telangana,South,Technology,Phones,Wireless Headset,2,0.1,436.12,72.5,0.16623865,2023-03,2023
ORD-10648,19-05-2025,22-05-2025,Standard,CUST-1548,Corporate,India,Bhopal,Madhya Pradesh,Central,Office Supplies,Writing,Ball Pen Set,2,0.2,101.8,7.9,0.077603143,2025-05,2025
ORD-10062,21-07-2024,24-07-2024,First Class,CUST-1529,Corporate,India,Ahmedabad,Gujarat,West,Technology,Computers,Wireless Headset,2,0.2,245.67,18.17,0.073961005,2024-07,2024
ORD-11637,26-05-2024,28-05-2024,Standard,CUST-1384,Consumer,India,Bengaluru,Karnataka,South,Technology,Printers,Monitor,2,0.15,377.4,57.75,0.153020668,2024-05,2024
ORD-10195,27-11-2025,28-11-2025,Second Class,CUST-1128,Home Office,India,Jaipur,Rajasthan,North,Furniture,Chairs,Executive Chair,3,0.2,497.62,22.08,0.044371207,2025-11,2025
ORD-11571,20-05-2023,22-05-2023,Standard,CUST-1388,Consumer,India,Delhi,Delhi,North,Furniture,Storage,Office Chair,4,0.3,492.29,-14.67,-0.029799508,2023-05,2023
ORD-10086,13-09-2024,15-09-2024,Same Day,CUST-1260,Consumer,India,Nagpur,Maharashtra,Central,Furniture,Storage,Office Chair,1,0.1,139.56,14.12,0.101175122,2024-09,2024
ORD-11424,09-04-2024,11-04-2024,Standard,CUST-1044,Consumer,India,Lucknow,Uttar Pradesh,North,Furniture,Tables,Office Chair,2,0.05,1071.43,80.51,0.075142566,2024-04,2024
ORD-12253,19-08-2024,22-08-2024,Standard,CUST-1233,Consumer,India,Lucknow,Uttar Pradesh,North,Office Supplies,Writing,Desk Organizer,1,0,47.29,5.96,0.126030873,2024-08,2024
ORD-12377,04-09-2023,06-09-2023,Second Class,CUST-1194,Corporate,India,Ahmedabad,Gujarat,West,Technology,Computers,Tablet,5,0.2,3442.25,180.34,0.052390152,2023-09,2023
ORD-10294,24-06-2023,27-06-2023,Second Class,CUST-1316,Consumer,India,Bengaluru,Karnataka,South,Technology,Computers,Wireless Headset,1,0.1,283.51,41.26,0.145532785,2023-06,2023
ORD-12026,01-10-2024,06-10-2024,Second Class,CUST-1386,Corporate,India,Ahmedabad,Gujarat,West,Furniture,Chairs,Filing Cabinet,4,0.15,1482.26,64.79,0.04371028,2024-10,2024
ORD-10717,20-02-2024,23-02-2024,First Class,CUST-1198,Corporate,India,Kolkata,West Bengal,East,Office Supplies,Writing,File Binder,2,0,126.11,22.93,0.181825391,2024-02,2024
ORD-10731,05-12-2023,09-12-2023,Standard,CUST-1334,Consumer,India,Bengaluru,Karnataka,South,Technology,Accessories,Wireless Headset,3,0.15,326.85,32.5,0.099433991,2023-12,2023
ORD-11855,26-04-2023,29-04-2023,Standard,CUST-1205,Corporate,India,Pune,Maharashtra,West,Technology,Computers,Mechanical Keyboard,5,0,383.89,85.1,0.221678085,2023-04,2023
ORD-11505,09-02-2023,10-02-2023,Second Class,CUST-1123,Corporate,India,Pune,Maharashtra,West,Technology,Accessories,Laser Printer,3,0,680.94,186.48,0.273856727,2023-02,2023
ORD-11234,13-11-2023,14-11-2023,Standard,CUST-1354,Consumer,India,Bhopal,Madhya Pradesh,Central,Technology,Printers,USB-C Hub,3,0.15,1861.67,117.21,0.062959601,2023-11,2023
ORD-11780,13-02-2023,16-02-2023,Second Class,CUST-1489,Home Office,India,Kolkata,West Bengal,East,Technology,Phones,Tablet,5,0.15,1848.32,282.72,0.152960526,2023-02,2023
ORD-10394,26-07-2025,28-07-2025,Second Class,CUST-1299,Consumer,India,Chennai,Tamil Nadu,South,Technology,Accessories,Monitor,1,0.2,509.15,40.73,0.079996072,2025-07,2025
ORD-12108,15-08-2024,18-08-2024,Same Day,CUST-1221,Consumer,India,Kolkata,West Bengal,East,Technology,Accessories,Smartphone,2,0.15,1500.81,280.94,0.18719225,2024-08,2024
ORD-12387,16-09-2025,18-09-2025,Second Class,CUST-1339,Consumer,India,Kolkata,West Bengal,East,Technology,Computers,Monitor,2,0.15,1025.32,124.37,0.121298716,2025-09,2025
ORD-12103,23-07-2023,25-07-2023,Standard,CUST-1216,Consumer,India,Ahmedabad,Gujarat,West,Technology,Phones,Tablet,4,0.2,1389.33,151.29,0.108894215,2023-07,2023
ORD-11675,01-01-2024,05-01-2024,First Class,CUST-1026,Home Office,India,Nagpur,Maharashtra,Central,Technology,Phones,Tablet,4,0,1410.92,206.35,0.146252091,2024-01,2024
ORD-10498,26-10-2023,30-10-2023,Standard,CUST-1458,Consumer,India,Mumbai,Maharashtra,West,Office Supplies,Paper,Notebook,3,0.3,111.77,-7.33,-0.065581104,2023-10,2023
ORD-11258,07-08-2025,10-08-2025,Standard,CUST-1206,Consumer,India,Bhopal,Madhya Pradesh,Central,Technology,Printers,Mechanical Keyboard,4,0,2476.65,549.92,0.222041871,2025-08,2025
ORD-12258,29-05-2024,01-06-2024,Same Day,CUST-1275,Corporate,India,Bhopal,Madhya Pradesh,Central,Office Supplies,Writing,Ball Pen Set,4,0.05,947.18,113.92,0.12027281,2024-05,2024
ORD-12236,04-05-2025,08-05-2025,Standard,CUST-1287,Consumer,India,Bhopal,Madhya Pradesh,Central,Office Supplies,Binders,File Binder,5,0.1,563.13,76.58,0.135989914,2025-05,2025
ORD-12240,02-07-2025,04-07-2025,Second Class,CUST-1063,Home Office,India,Pune,Maharashtra,West,Office Supplies,Stationery,Envelope Pack,1,0,84.19,14.47,0.171873144,2025-07,2025
ORD-11141,07-09-2024,10-09-2024,Standard,CUST-1295,Corporate,India,Mumbai,Maharashtra,West,Furniture,Storage,Office Chair,1,0.15,266.94,21.11,0.079081442,2024-09,2024
ORD-11052,15-06-2024,20-06-2024,Standard,CUST-1149,Consumer,India,Kolkata,West Bengal,East,Furniture,Office Furniture,Executive Chair,3,0.1,732.71,42.38,0.057840073,2024-06,2024
ORD-11204,23-10-2023,25-10-2023,Second Class,CUST-1154,Consumer,India,Nagpur,Maharashtra,Central,Office Supplies,Stationery,File Binder,3,0.15,299.84,21.75,0.072538687,2023-10,2023
ORD-12323,29-03-2023,02-04-2023,Second Class,CUST-1365,Consumer,India,Chennai,Tamil Nadu,South,Technology,Accessories,Laser Printer,3,0.15,1138.77,122.99,0.108002494,2023-03,2023
ORD-10049,15-01-2024,16-01-2024,Same Day,CUST-1275,Home Office,India,Pune,Maharashtra,West,Office Supplies,Paper,Printer Paper,1,0,48.64,7.97,0.163856908,2024-01,2024
ORD-10191,28-12-2024,29-12-2024,First Class,CUST-1109,Home Office,India,Bengaluru,Karnataka,South,Technology,Phones,Laser Printer,5,0.2,429.96,23.13,0.053795702,2024-12,2024
ORD-10030,22-06-2025,24-06-2025,Standard,CUST-1375,Consumer,India,Bengaluru,Karnataka,South,Technology,Computers,Tablet,2,0,591.92,124.32,0.210028382,2025-06,2025
ORD-10824,11-01-2023,14-01-2023,Standard,CUST-1489,Corporate,India,Bengaluru,Karnataka,South,Office Supplies,Paper,Desk Organizer,2,0.3,135.12,1.52,0.01124926,2023-01,2023
ORD-10678,16-04-2023,18-04-2023,Standard,CUST-1502,Consumer,India,Jaipur,Rajasthan,North,Technology,Computers,Mechanical Keyboard,5,0,644.66,142.22,0.220612416,2023-04,2023
ORD-10047,28-04-2025,01-05-2025,Standard,CUST-1226,Consumer,India,Ahmedabad,Gujarat,West,Office Supplies,Writing,Ball Pen Set,3,0.15,745.33,69.35,0.093046033,2025-04,2025
ORD-11881,07-11-2025,08-11-2025,Same Day,CUST-1187,Consumer,India,Delhi,Delhi,North,Furniture,Storage,Office Chair,4,0.15,781.51,62.18,0.079563921,2025-11,2025
ORD-11666,27-09-2023,30-09-2023,Second Class,CUST-1411,Consumer,India,Kolkata,West Bengal,East,Technology,Accessories,USB-C Hub,1,0.05,112.3,19.95,0.177649154,2023-09,2023
ORD-11200,27-01-2025,31-01-2025,Second Class,CUST-1075,Home Office,India,Delhi,Delhi,North,Technology,Phones,Monitor,1,0.05,573.84,85.81,0.149536456,2025-01,2025
ORD-10275,06-04-2025,10-04-2025,Standard,CUST-1524,Corporate,India,Hyderabad,Telangana,South,Office Supplies,Writing,File Binder,2,0.05,118.65,18.55,0.156342183,2025-04,2025
ORD-11520,14-05-2024,17-05-2024,Standard,CUST-1228,Consumer,India,Ahmedabad,Gujarat,West,Technology,Phones,Business Laptop,2,0,282.9,49.97,0.176634853,2024-05,2024
ORD-12004,05-06-2023,08-06-2023,Second Class,CUST-1170,Consumer,India,Bengaluru,Karnataka,South,Technology,Computers,Monitor,5,0.2,923.4,109.51,0.118594325,2023-06,2023
ORD-11848,28-08-2024,30-08-2024,Same Day,CUST-1416,Corporate,India,Pune,Maharashtra,West,Technology,Printers,Wireless Headset,3,0,510.94,102.22,0.20006263,2024-08,2024
ORD-11690,04-11-2023,08-11-2023,Standard,CUST-1071,Corporate,India,Ahmedabad,Gujarat,West,Office Supplies,Stationery,Ball Pen Set,2,0.3,406.01,-12.88,-0.031723357,2023-11,2023
ORD-10341,17-04-2023,21-04-2023,First Class,CUST-1389,Consumer,India,Jaipur,Rajasthan,North,Technology,Accessories,Tablet,2,0.3,811.93,56.59,0.069698127,2023-04,2023
ORD-11874,03-08-2025,05-08-2025,Standard,CUST-1103,Consumer,India,Pune,Maharashtra,West,Office Supplies,Binders,Desk Organizer,2,0.05,78.48,7.41,0.09441896,2025-08,2025
ORD-11292,20-05-2025,22-05-2025,Second Class,CUST-1057,Consumer,India,Mumbai,Maharashtra,West,Furniture,Storage,Standing Desk,3,0.3,136.92,-8.45,-0.06171487,2025-05,2025
ORD-12494,04-11-2023,07-11-2023,First Class,CUST-1209,Consumer,India,Bhopal,Madhya Pradesh,Central,Furniture,Office Furniture,Reception Desk,2,0.2,287.62,-8.26,-0.028718448,2023-11,2023
ORD-11602,04-04-2024,06-04-2024,Standard,CUST-1536,Consumer,India,Jaipur,Rajasthan,North,Technology,Printers,Monitor,1,0.3,127.57,1.97,0.015442502,2024-04,2024
ORD-11186,08-07-2025,10-07-2025,Second Class,CUST-1270,Corporate,India,Mumbai,Maharashtra,West,Furniture,Tables,Bookshelf,5,0,1372.54,212.01,0.154465444,2025-07,2025
ORD-11601,04-04-2024,08-04-2024,Standard,CUST-1245,Home Office,India,Pune,Maharashtra,West,Technology,Accessories,Smartphone,4,0,527.85,85.93,0.16279246,2024-04,2024
ORD-10983,31-10-2024,04-11-2024,Standard,CUST-1301,Corporate,India,Bengaluru,Karnataka,South,Furniture,Office Furniture,Office Chair,2,0.3,476.54,-43.19,-0.090632476,2024-10,2024
ORD-10344,07-06-2025,09-06-2025,Standard,CUST-1137,Consumer,India,Delhi,Delhi,North,Technology,Accessories,USB-C Hub,3,0.1,2675.69,381.8,0.142692165,2025-06,2025
ORD-11537,05-10-2025,06-10-2025,Standard,CUST-1570,Consumer,India,Kolkata,West Bengal,East,Technology,Printers,Mechanical Keyboard,2,0,582.44,99.44,0.170730032,2025-10,2025
ORD-10614,26-12-2023,27-12-2023,Standard,CUST-1456,Consumer,India,Ahmedabad,Gujarat,West,Furniture,Office Furniture,Bookshelf,3,0.2,708.29,-3.85,-0.005435627,2023-12,2023
ORD-11449,28-11-2024,30-11-2024,Second Class,CUST-1190,Consumer,India,Ahmedabad,Gujarat,West,Technology,Accessories,Tablet,2,0.05,746.64,90.16,0.120754313,2024-11,2024
ORD-10589,09-02-2024,12-02-2024,Standard,CUST-1495,Corporate,India,Bengaluru,Karnataka,South,Technology,Accessories,Mechanical Keyboard,1,0.2,120.41,9.26,0.076903912,2024-02,2024
ORD-10981,04-03-2024,08-03-2024,First Class,CUST-1005,Corporate,India,Kolkata,West Bengal,East,Technology,Accessories,USB-C Hub,2,0.3,154.24,-1.33,-0.008622925,2024-03,2024
ORD-11485,23-07-2024,26-07-2024,Standard,CUST-1525,Consumer,India,Mumbai,Maharashtra,West,Furniture,Tables,Reception Desk,1,0.1,210.9,14.1,0.06685633,2024-07,2024
ORD-10431,13-01-2023,15-01-2023,Standard,CUST-1121,Corporate,India,Delhi,Delhi,North,Technology,Accessories,Wireless Headset,3,0.15,352.03,44.41,0.126154021,2023-01,2023
ORD-11774,13-02-2023,17-02-2023,Standard,CUST-1462,Consumer,India,Kolkata,West Bengal,East,Furniture,Chairs,Reception Desk,2,0.15,1173.66,2.95,0.002513505,2023-02,2023
ORD-12206,18-03-2025,20-03-2025,Standard,CUST-1170,Consumer,India,Mumbai,Maharashtra,West,Office Supplies,Writing,File Binder,4,0.1,112.1,13.03,0.116235504,2025-03,2025
ORD-10422,20-07-2023,22-07-2023,Second Class,CUST-1196,Home Office,India,Kolkata,West Bengal,East,Office Supplies,Binders,File Binder,3,0.1,582.89,49.75,0.085350581,2023-07,2023
ORD-11447,25-07-2024,27-07-2024,Same Day,CUST-1145,Consumer,India,Hyderabad,Telangana,South,Office Supplies,Binders,Sticky Notes,2,0.1,176.96,16.28,0.091998192,2024-07,2024
ORD-10725,30-08-2024,01-09-2024,First Class,CUST-1415,Corporate,India,Ahmedabad,Gujarat,West,Office Supplies,Writing,Ball Pen Set,3,0,112.56,23.84,0.211798152,2024-08,2024
ORD-10124,29-03-2024,31-03-2024,Standard,CUST-1082,Corporate,India,Hyderabad,Telangana,South,Technology,Computers,USB-C Hub,4,0.05,227.56,27.23,0.119660749,2024-03,2024
ORD-10605,28-12-2025,30-12-2025,Standard,CUST-1313,Consumer,India,Kolkata,West Bengal,East,Furniture,Tables,Office Chair,2,0,489.32,67.92,0.138804872,2025-12,2025
ORD-12168,10-01-2024,14-01-2024,Standard,CUST-1257,Consumer,India,Nagpur,Maharashtra,Central,Technology,Accessories,Laser Printer,2,0.05,257.95,35.13,0.136189184,2024-01,2024
ORD-11923,20-03-2025,24-03-2025,First Class,CUST-1332,Consumer,India,Nagpur,Maharashtra,Central,Technology,Printers,Business Laptop,3,0.15,381.8,28.28,0.074070194,2025-03,2025
ORD-11789,25-09-2025,26-09-2025,First Class,CUST-1140,Corporate,India,Jaipur,Rajasthan,North,Technology,Accessories,Wireless Headset,1,0,104.59,21.14,0.202122574,2025-09,2025
ORD-11805,17-01-2023,19-01-2023,Standard,CUST-1399,Consumer,India,Bhopal,Madhya Pradesh,Central,Technology,Printers,Mechanical Keyboard,1,0.05,285.1,42.73,0.149877236,2023-01,2023
ORD-12074,27-08-2025,30-08-2025,Standard,CUST-1164,Corporate,India,Nagpur,Maharashtra,Central,Office Supplies,Paper,Sticky Notes,3,0,87.24,15.66,0.179504814,2025-08,2025
ORD-10829,08-10-2025,11-10-2025,Standard,CUST-1033,Consumer,India,Ahmedabad,Gujarat,West,Office Supplies,Binders,File Binder,1,0.05,91.97,16.54,0.179841253,2025-10,2025
ORD-10387,09-08-2023,11-08-2023,Standard,CUST-1287,Consumer,India,Delhi,Delhi,North,Technology,Accessories,Laser Printer,3,0,935.94,199.05,0.212673889,2023-08,2023
ORD-11630,09-12-2025,11-12-2025,Second Class,CUST-1338,Consumer,India,Bengaluru,Karnataka,South,Technology,Computers,Wireless Headset,2,0.2,929.13,124.54,0.13403937,2025-12,2025
ORD-11433,15-10-2023,18-10-2023,Second Class,CUST-1003,Consumer,India,Hyderabad,Telangana,South,Technology,Computers,Smartphone,4,0.1,1901.13,292.77,0.153997885,2023-10,2023
ORD-12457,02-11-2023,04-11-2023,Second Class,CUST-1530,Consumer,India,Bengaluru,Karnataka,South,Furniture,Storage,Bookshelf,4,0.1,1025.04,113.59,0.110815188,2023-11,2023
ORD-10777,28-03-2025,31-03-2025,Second Class,CUST-1095,Corporate,India,Mumbai,Maharashtra,West,Office Supplies,Stationery,Ball Pen Set,3,0.1,362.95,60.74,0.167350875,2025-03,2025
ORD-11576,19-03-2024,23-03-2024,Standard,CUST-1282,Corporate,India,Lucknow,Uttar Pradesh,North,Technology,Printers,Business Laptop,3,0.15,617.1,57.33,0.092902285,2024-03,2024
ORD-10577,02-12-2023,04-12-2023,Standard,CUST-1059,Consumer,India,Nagpur,Maharashtra,Central,Furniture,Tables,Bookshelf,1,0,168.41,20,0.118757793,2023-12,2023
ORD-11892,17-11-2023,20-11-2023,First Class,CUST-1279,Corporate,India,Jaipur,Rajasthan,North,Office Supplies,Writing,Ball Pen Set,2,0,192.71,41.41,0.214882466,2023-11,2023
ORD-10147,04-11-2024,08-11-2024,Standard,CUST-1163,Corporate,India,Mumbai,Maharashtra,West,Technology,Printers,Monitor,3,0.2,1154.48,92.86,0.080434481,2024-11,2024
ORD-12364,21-10-2023,23-10-2023,Second Class,CUST-1336,Consumer,India,Nagpur,Maharashtra,Central,Technology,Accessories,USB-C Hub,3,0.15,668.16,69.56,0.104106801,2023-10,2023
ORD-10784,11-11-2024,13-11-2024,Second Class,CUST-1354,Home Office,India,Chennai,Tamil Nadu,South,Furniture,Chairs,Filing Cabinet,2,0,574.68,68.12,0.118535533,2024-11,2024
ORD-12119,20-04-2024,22-04-2024,Same Day,CUST-1507,Home Office,India,Mumbai,Maharashtra,West,Technology,Accessories,USB-C Hub,3,0.1,445.5,60.61,0.136049383,2024-04,2024
ORD-10128,02-10-2024,04-10-2024,Standard,CUST-1110,Home Office,India,Mumbai,Maharashtra,West,Technology,Accessories,Tablet,3,0.05,1788.84,320.79,0.179328503,2024-10,2024
ORD-10170,06-12-2024,09-12-2024,Second Class,CUST-1242,Consumer,India,Lucknow,Uttar Pradesh,North,Furniture,Chairs,Conference Table,3,0.05,644.74,40.46,0.062753978,2024-12,2024
ORD-10298,14-10-2024,17-10-2024,First Class,CUST-1025,Consumer,India,Ahmedabad,Gujarat,West,Office Supplies,Stationery,File Binder,2,0.1,179.96,9.43,0.052400533,2024-10,2024
ORD-11471,12-07-2025,15-07-2025,Standard,CUST-1426,Home Office,India,Jaipur,Rajasthan,North,Furniture,Office Furniture,Reception Desk,1,0.3,181.05,-12.81,-0.070753935,2025-07,2025
ORD-11944,20-06-2025,22-06-2025,First Class,CUST-1316,Home Office,India,Jaipur,Rajasthan,North,Technology,Computers,Laser Printer,3,0.15,463.08,69.61,0.150319599,2025-06,2025
ORD-11503,13-10-2024,15-10-2024,Standard,CUST-1074,Consumer,India,Delhi,Delhi,North,Office Supplies,Writing,Sticky Notes,4,0.15,153.95,17.79,0.115556999,2024-10,2024
ORD-11490,01-11-2023,04-11-2023,First Class,CUST-1540,Corporate,India,Mumbai,Maharashtra,West,Technology,Printers,Monitor,2,0.2,158.59,16.34,0.103032978,2023-11,2023
ORD-10506,14-05-2025,17-05-2025,Standard,CUST-1357,Home Office,India,Jaipur,Rajasthan,North,Technology,Computers,Laser Printer,2,0.2,284.51,17.53,0.061614706,2025-05,2025
ORD-10380,29-07-2024,31-07-2024,Second Class,CUST-1495,Consumer,India,Pune,Maharashtra,West,Technology,Printers,Tablet,1,0.05,185.44,27.87,0.150291199,2024-07,2024
ORD-10456,11-01-2025,15-01-2025,Standard,CUST-1177,Corporate,India,Delhi,Delhi,North,Technology,Printers,Mechanical Keyboard,3,0,409.41,91.76,0.224127403,2025-01,2025
ORD-10558,08-07-2023,11-07-2023,Standard,CUST-1527,Consumer,India,Pune,Maharashtra,West,Technology,Accessories,Laser Printer,3,0.05,683,133.62,0.195636896,2023-07,2023
ORD-11827,20-11-2025,23-11-2025,Second Class,CUST-1221,Corporate,India,Lucknow,Uttar Pradesh,North,Technology,Printers,Monitor,4,0.15,1009.46,74.1,0.073405583,2025-11,2025
ORD-11565,23-11-2024,25-11-2024,Standard,CUST-1356,Home Office,India,Pune,Maharashtra,West,Furniture,Storage,Executive Chair,2,0.1,866.93,69.54,0.080214089,2024-11,2024
ORD-10171,02-02-2023,03-02-2023,First Class,CUST-1486,Consumer,India,Bhopal,Madhya Pradesh,Central,Office Supplies,Writing,Ball Pen Set,1,0.05,94.81,8.15,0.085961396,2023-02,2023
ORD-12007,01-10-2023,04-10-2023,Standard,CUST-1097,Consumer,India,Bengaluru,Karnataka,South,Office Supplies,Stationery,Desk Organizer,1,0.1,98.92,11.83,0.119591589,2023-10,2023
ORD-11654,22-01-2023,24-01-2023,Standard,CUST-1178,Consumer,India,Kolkata,West Bengal,East,Office Supplies,Writing,Printer Paper,2,0.1,139.56,15.25,0.109271998,2023-01,2023
ORD-11902,08-03-2024,11-03-2024,First Class,CUST-1122,Corporate,India,Pune,Maharashtra,West,Technology,Printers,Mechanical Keyboard,3,0,1225.75,196.2,0.160065266,2024-03,2024
ORD-10450,16-02-2025,18-02-2025,Standard,CUST-1596,Consumer,India,Lucknow,Uttar Pradesh,North,Technology,Computers,Laser Printer,2,0,1055.25,197.15,0.186827766,2025-02,2025
ORD-12313,10-07-2024,13-07-2024,Same Day,CUST-1000,Corporate,India,Bengaluru,Karnataka,South,Furniture,Storage,Office Chair,1,0.15,212.93,-3.04,-0.014276992,2024-07,2024
ORD-11164,09-08-2025,11-08-2025,First Class,CUST-1189,Corporate,India,Lucknow,Uttar Pradesh,North,Office Supplies,Paper,Printer Paper,3,0,461.63,93.37,0.202261551,2025-08,2025
ORD-10993,19-10-2024,22-10-2024,First Class,CUST-1248,Consumer,India,Lucknow,Uttar Pradesh,North,Technology,Printers,Wireless Headset,2,0,965.91,255.06,0.264061869,2024-10,2024
ORD-10174,19-11-2023,24-11-2023,Standard,CUST-1369,Consumer,India,Mumbai,Maharashtra,West,Furniture,Office Furniture,Reception Desk,1,0.15,262.32,3.61,0.013761818,2023-11,2023
ORD-10704,10-08-2024,11-08-2024,Same Day,CUST-1232,Corporate,India,Lucknow,Uttar Pradesh,North,Technology,Phones,Tablet,2,0,535.51,108.06,0.201788949,2024-08,2024
ORD-11200,16-07-2024,19-07-2024,First Class,CUST-1252,Consumer,India,Pune,Maharashtra,West,Furniture,Office Furniture,Standing Desk,2,0.1,230.15,26.21,0.113882251,2024-07,2024
ORD-11462,26-11-2025,29-11-2025,Standard,CUST-1235,Consumer,India,Kolkata,West Bengal,East,Technology,Accessories,USB-C Hub,3,0,416.39,107.02,0.25701866,2025-11,2025
ORD-11878,02-08-2023,06-08-2023,Standard,CUST-1490,Consumer,India,Bhopal,Madhya Pradesh,Central,Office Supplies,Paper,Printer Paper,3,0.05,40.79,4.86,0.11914685,2023-08,2023
ORD-10648,09-11-2023,11-11-2023,First Class,CUST-1346,Consumer,India,Lucknow,Uttar Pradesh,North,Technology,Printers,Smartphone,2,0.15,353.17,35.77,0.101282668,2023-11,2023
ORD-10057,02-09-2023,05-09-2023,Standard,CUST-1536,Consumer,India,Lucknow,Uttar Pradesh,North,Office Supplies,Writing,Sticky Notes,2,0.1,486.3,25.97,0.053403249,2023-09,2023
ORD-11983,24-10-2023,26-10-2023,Second Class,CUST-1145,Consumer,India,Jaipur,Rajasthan,North,Technology,Computers,Monitor,5,0,1207.84,186.64,0.154523778,2023-10,2023
ORD-10527,11-06-2025,12-06-2025,Standard,CUST-1024,Consumer,India,Chennai,Tamil Nadu,South,Technology,Phones,Laser Printer,1,0.15,85.66,11.23,0.131099696,2025-06,2025
ORD-11514,20-04-2025,23-04-2025,Standard,CUST-1047,Consumer,India,Hyderabad,Telangana,South,Technology,Computers,USB-C Hub,2,0.1,2069.23,375.77,0.181598952,2025-04,2025
ORD-12201,04-07-2024,07-07-2024,Standard,CUST-1136,Corporate,India,Bengaluru,Karnataka,South,Office Supplies,Paper,File Binder,2,0.2,53.4,4.9,0.0917603,2024-07,2024
ORD-10190,29-09-2023,01-10-2023,First Class,CUST-1066,Corporate,India,Bhopal,Madhya Pradesh,Central,Furniture,Chairs,Reception Desk,4,0,442.06,67.9,0.153599059,2023-09,2023
ORD-10198,06-02-2025,10-02-2025,First Class,CUST-1307,Consumer,India,Nagpur,Maharashtra,Central,Technology,Accessories,Mechanical Keyboard,3,0.15,373.55,48.21,0.129059028,2025-02,2025
ORD-10208,25-07-2024,27-07-2024,Standard,CUST-1182,Home Office,India,Chennai,Tamil Nadu,South,Office Supplies,Binders,Sticky Notes,4,0.3,491.7,5.85,0.011897498,2024-07,2024
ORD-10893,07-05-2024,10-05-2024,Standard,CUST-1466,Consumer,India,Bengaluru,Karnataka,South,Office Supplies,Binders,File Binder,2,0.15,515.01,20.25,0.039319625,2024-05,2024
ORD-11167,24-05-2023,28-05-2023,First Class,CUST-1304,Consumer,India,Hyderabad,Telangana,South,Office Supplies,Binders,Printer Paper,1,0,167.67,36.6,0.218285919,2023-05,2023
ORD-12181,21-04-2023,23-04-2023,Standard,CUST-1214,Corporate,India,Kolkata,West Bengal,East,Office Supplies,Writing,File Binder,3,0.3,142.69,0.84,0.005886888,2023-04,2023
ORD-11207,12-10-2023,14-10-2023,Standard,CUST-1565,Consumer,India,Delhi,Delhi,North,Technology,Computers,USB-C Hub,2,0,515.17,100.69,0.195450046,2023-10,2023
ORD-10386,06-04-2025,10-04-2025,Standard,CUST-1378,Home Office,India,Bhopal,Madhya Pradesh,Central,Office Supplies,Stationery,Desk Organizer,3,0.05,389.82,69.31,0.17780001,2025-04,2025
ORD-12024,25-08-2023,26-08-2023,Standard,CUST-1164,Consumer,India,Bhopal,Madhya Pradesh,Central,Furniture,Storage,Standing Desk,4,0.1,1550.25,178.03,0.114839542,2023-08,2023
ORD-11873,18-01-2024,20-01-2024,Standard,CUST-1023,Corporate,India,Hyderabad,Telangana,South,Office Supplies,Stationery,Ball Pen Set,4,0.05,662.23,115.56,0.174501306,2024-01,2024
ORD-10351,09-12-2025,11-12-2025,First Class,CUST-1487,Consumer,India,Ahmedabad,Gujarat,West,Technology,Accessories,Monitor,2,0.2,972.6,117.46,0.120769073,2025-12,2025
ORD-12061,22-01-2025,24-01-2025,Standard,CUST-1549,Consumer,India,Chennai,Tamil Nadu,South,Technology,Accessories,Laser Printer,1,0,186.54,37.04,0.198563311,2025-01,2025
ORD-10938,27-01-2024,29-01-2024,Standard,CUST-1305,Home Office,India,Pune,Maharashtra,West,Furniture,Chairs,Standing Desk,2,0.2,851.57,-10.4,-0.012212736,2024-01,2024
ORD-11511,27-04-2025,29-04-2025,Second Class,CUST-1164,Consumer,India,Mumbai,Maharashtra,West,Office Supplies,Paper,Envelope Pack,5,0.05,627.97,83.66,0.133222925,2025-04,2025
ORD-10894,09-12-2024,13-12-2024,Standard,CUST-1326,Consumer,India,Ahmedabad,Gujarat,West,Technology,Accessories,Laser Printer,4,0.2,1783.04,181.01,0.101517633,2024-12,2024
ORD-11487,07-04-2023,10-04-2023,Second Class,CUST-1317,Consumer,India,Lucknow,Uttar Pradesh,North,Technology,Phones,Smartphone,3,0.3,1287.18,-30.53,-0.023718516,2023-04,2023
ORD-10918,12-03-2025,13-03-2025,First Class,CUST-1078,Consumer,India,Lucknow,Uttar Pradesh,North,Technology,Printers,Business Laptop,2,0.1,1793.12,204.08,0.113812796,2025-03,2025
ORD-12410,13-05-2024,14-05-2024,Standard,CUST-1051,Corporate,India,Pune,Maharashtra,West,Furniture,Office Furniture,Conference Table,3,0.2,1029.58,-25.59,-0.024854795,2024-05,2024
ORD-12333,05-07-2025,08-07-2025,Standard,CUST-1573,Home Office,India,Pune,Maharashtra,West,Office Supplies,Binders,File Binder,1,0,80.85,10.59,0.130983302,2025-07,2025
ORD-10984,15-09-2025,19-09-2025,Standard,CUST-1397,Consumer,India,Jaipur,Rajasthan,North,Office Supplies,Paper,Ball Pen Set,5,0.05,340.09,42.87,0.126054868,2025-09,2025
ORD-10064,22-07-2024,23-07-2024,Standard,CUST-1537,Corporate,India,Bengaluru,Karnataka,South,Office Supplies,Paper,Printer Paper,1,0.2,65.73,3.14,0.047771185,2024-07,2024
ORD-11033,08-08-2024,11-08-2024,Second Class,CUST-1001,Home Office,India,Jaipur,Rajasthan,North,Technology,Accessories,Tablet,3,0.1,625.92,119.11,0.190295884,2024-08,2024
ORD-11302,09-03-2024,11-03-2024,Second Class,CUST-1044,Corporate,India,Hyderabad,Telangana,South,Furniture,Tables,Standing Desk,1,0.05,108.89,10.99,0.100927542,2024-03,2024
ORD-11913,18-06-2024,20-06-2024,Standard,CUST-1566,Consumer,India,Delhi,Delhi,North,Office Supplies,Stationery,Ball Pen Set,1,0,107.74,17.81,0.165305365,2024-06,2024
ORD-12317,27-04-2025,02-05-2025,Second Class,CUST-1000,Consumer,India,Chennai,Tamil Nadu,South,Technology,Computers,Mechanical Keyboard,1,0,560.55,121.55,0.216840603,2025-04,2025
ORD-10719,01-06-2024,03-06-2024,Standard,CUST-1055,Corporate,India,Pune,Maharashtra,West,Technology,Computers,Monitor,1,0.05,174.4,24.88,0.14266055,2024-06,2024
ORD-12491,06-07-2024,09-07-2024,Standard,CUST-1214,Consumer,India,Bengaluru,Karnataka,South,Office Supplies,Stationery,Printer Paper,2,0.1,186.25,4.27,0.022926174,2024-07,2024
ORD-10824,22-03-2024,25-03-2024,Standard,CUST-1228,Consumer,India,Chennai,Tamil Nadu,South,Office Supplies,Paper,Sticky Notes,2,0.1,59.26,6.68,0.112723591,2024-03,2024
ORD-10585,07-06-2025,09-06-2025,Second Class,CUST-1151,Consumer,India,Hyderabad,Telangana,South,Office Supplies,Stationery,Printer Paper,3,0.1,119.91,15.95,0.133016429,2025-06,2025
ORD-12154,01-07-2025,03-07-2025,Standard,CUST-1558,Consumer,India,Delhi,Delhi,North,Technology,Phones,Mechanical Keyboard,4,0.15,1332.46,130.24,0.097744022,2025-07,2025
ORD-11716,22-09-2023,24-09-2023,Standard,CUST-1479,Home Office,India,Ahmedabad,Gujarat,West,Furniture,Office Furniture,Filing Cabinet,2,0.15,186.63,11.81,0.063280287,2023-09,2023
ORD-12349,25-03-2024,29-03-2024,Standard,CUST-1045,Consumer,India,Jaipur,Rajasthan,North,Furniture,Office Furniture,Office Chair,3,0.3,792.29,-39,-0.0492244,2024-03,2024
ORD-11359,17-05-2025,21-05-2025,Standard,CUST-1147,Consumer,India,Nagpur,Maharashtra,Central,Office Supplies,Writing,Printer Paper,3,0.05,642.72,81.13,0.126229151,2025-05,2025
ORD-11952,30-12-2025,02-01-2026,Second Class,CUST-1555,Consumer,India,Hyderabad,Telangana,South,Furniture,Tables,Standing Desk,2,0.2,213.89,-19.38,-0.090607322,2025-12,2025
ORD-12351,19-02-2025,22-02-2025,Standard,CUST-1336,Consumer,India,Lucknow,Uttar Pradesh,North,Furniture,Office Furniture,Executive Chair,1,0.05,186.28,17.49,0.093890917,2025-02,2025
ORD-11996,10-05-2023,12-05-2023,First Class,CUST-1133,Corporate,India,Bhopal,Madhya Pradesh,Central,Office Supplies,Binders,Envelope Pack,5,0.15,111.9,11.5,0.102770331,2023-05,2023
ORD-10815,05-10-2023,06-10-2023,Standard,CUST-1356,Consumer,India,Jaipur,Rajasthan,North,Office Supplies,Writing,Desk Organizer,3,0.2,93.39,5,0.053538923,2023-10,2023
ORD-11172,08-10-2024,12-10-2024,Second Class,CUST-1404,Consumer,India,Mumbai,Maharashtra,West,Technology,Printers,Wireless Headset,3,0,365.18,79.69,0.218221151,2024-10,2024
ORD-10633,07-06-2025,10-06-2025,Same Day,CUST-1168,Consumer,India,Bhopal,Madhya Pradesh,Central,Office Supplies,Stationery,Sticky Notes,3,0.05,232.33,38.2,0.164421297,2025-06,2025
ORD-11104,20-08-2025,22-08-2025,Standard,CUST-1011,Corporate,India,Jaipur,Rajasthan,North,Furniture,Office Furniture,Reception Desk,2,0.15,476.32,16.93,0.035543332,2025-08,2025
ORD-10468,26-11-2023,29-11-2023,Second Class,CUST-1521,Corporate,India,Hyderabad,Telangana,South,Technology,Accessories,Wireless Headset,2,0.1,136.48,20.13,0.147494138,2023-11,2023
ORD-12263,31-07-2023,02-08-2023,First Class,CUST-1019,Consumer,India,Bhopal,Madhya Pradesh,Central,Office Supplies,Writing,File Binder,3,0,179.03,32.29,0.180360833,2023-07,2023
ORD-11271,04-05-2025,07-05-2025,Standard,CUST-1265,Consumer,India,Pune,Maharashtra,West,Technology,Computers,Monitor,2,0.1,1513.26,223.39,0.147621691,2025-05,2025
ORD-11016,11-03-2023,14-03-2023,Standard,CUST-1109,Consumer,India,Delhi,Delhi,North,Technology,Printers,Business Laptop,1,0,189.29,42.05,0.222145914,2023-03,2023
ORD-10529,27-06-2024,02-07-2024,Standard,CUST-1257,Consumer,India,Hyderabad,Telangana,South,Furniture,Storage,Executive Chair,2,0.3,486.38,-1.81,-0.00372137,2024-06,2024
ORD-10435,17-11-2024,19-11-2024,Second Class,CUST-1342,Corporate,India,Pune,Maharashtra,West,Technology,Accessories,Wireless Headset,2,0.05,334.52,52.31,0.156373311,2024-11,2024
ORD-11274,26-06-2023,01-07-2023,Second Class,CUST-1278,Corporate,India,Pune,Maharashtra,West,Office Supplies,Stationery,Printer Paper,2,0.1,93.41,16.83,0.180173429,2023-06,2023
ORD-11131,12-04-2025,13-04-2025,Standard,CUST-1249,Consumer,India,Nagpur,Maharashtra,Central,Technology,Phones,USB-C Hub,1,0,230.89,42.65,0.184719997,2025-04,2025
ORD-11420,29-10-2024,01-11-2024,Standard,CUST-1328,Consumer,India,Jaipur,Rajasthan,North,Office Supplies,Stationery,Notebook,4,0.15,251.03,17.4,0.069314425,2024-10,2024
ORD-10899,24-04-2025,26-04-2025,Second Class,CUST-1576,Consumer,India,Delhi,Delhi,North,Technology,Accessories,Smartphone,2,0,939.37,139.72,0.148737984,2025-04,2025
ORD-10254,11-01-2023,14-01-2023,Standard,CUST-1188,Consumer,India,Hyderabad,Telangana,South,Office Supplies,Binders,Sticky Notes,2,0.3,115.9,-1,-0.008628128,2023-01,2023
ORD-10098,09-03-2023,13-03-2023,Standard,CUST-1283,Consumer,India,Hyderabad,Telangana,South,Office Supplies,Writing,Printer Paper,2,0.1,150.63,12.88,0.085507535,2023-03,2023
ORD-11223,16-07-2023,21-07-2023,First Class,CUST-1104,Consumer,India,Lucknow,Uttar Pradesh,North,Technology,Accessories,Smartphone,1,0,914.36,148.49,0.162397743,2023-07,2023
ORD-10572,06-02-2025,11-02-2025,Standard,CUST-1100,Consumer,India,Bengaluru,Karnataka,South,Technology,Accessories,Monitor,2,0,270.43,37.91,0.140184151,2025-02,2025
ORD-10865,19-10-2024,22-10-2024,Second Class,CUST-1335,Consumer,India,Nagpur,Maharashtra,Central,Furniture,Chairs,Reception Desk,2,0.05,296.68,23.3,0.078535796,2024-10,2024
ORD-10432,15-01-2025,17-01-2025,Second Class,CUST-1149,Consumer,India,Chennai,Tamil Nadu,South,Furniture,Chairs,Conference Table,4,0.15,928.26,-5.42,-0.005838881,2025-01,2025
ORD-11484,28-02-2023,02-03-2023,Second Class,CUST-1379,Corporate,India,Bengaluru,Karnataka,South,Furniture,Tables,Office Chair,1,0.1,210.01,13.34,0.063520785,2023-02,2023
ORD-10206,29-06-2025,01-07-2025,First Class,CUST-1043,Consumer,India,Bhopal,Madhya Pradesh,Central,Office Supplies,Writing,File Binder,3,0,121.27,19.86,0.163766801,2025-06,2025
ORD-10364,31-05-2023,05-06-2023,First Class,CUST-1018,Consumer,India,Bhopal,Madhya Pradesh,Central,Furniture,Storage,Office Chair,2,0.05,313.21,27.84,0.088886051,2023-05,2023
ORD-11381,27-10-2025,28-10-2025,Standard,CUST-1521,Corporate,India,Hyderabad,Telangana,South,Technology,Accessories,Smartphone,2,0.1,404.32,52.49,0.129822913,2025-10,2025
ORD-11598,21-11-2024,24-11-2024,First Class,CUST-1170,Corporate,India,Jaipur,Rajasthan,North,Technology,Phones,Tablet,1,0.3,206.98,-8.21,-0.039665668,2024-11,2024
ORD-12266,27-05-2023,30-05-2023,Standard,CUST-1070,Home Office,India,Ahmedabad,Gujarat,West,Technology,Computers,USB-C Hub,3,0.2,165.3,8.7,0.052631579,2023-05,2023
ORD-11407,02-04-2023,06-04-2023,Standard,CUST-1018,Consumer,India,Hyderabad,Telangana,South,Office Supplies,Binders,File Binder,5,0.05,439.35,43.65,0.099351314,2023-04,2023
ORD-11394,25-08-2023,26-08-2023,Standard,CUST-1197,Corporate,India,Mumbai,Maharashtra,West,Furniture,Chairs,Conference Table,1,0.15,180.14,12.73,0.070667259,2023-08,2023
ORD-10573,08-01-2024,11-01-2024,Same Day,CUST-1574,Corporate,India,Pune,Maharashtra,West,Office Supplies,Paper,Sticky Notes,1,0.05,60.9,8.43,0.138423645,2024-01,2024
ORD-10722,03-09-2024,06-09-2024,Standard,CUST-1056,Home Office,India,Bhopal,Madhya Pradesh,Central,Technology,Computers,Mechanical Keyboard,4,0.05,742.89,116.68,0.157062284,2024-09,2024
ORD-11099,18-02-2025,19-02-2025,First Class,CUST-1364,Consumer,India,Kolkata,West Bengal,East,Office Supplies,Binders,Ball Pen Set,1,0.2,84.17,-2.82,-0.033503624,2025-02,2025
ORD-10678,25-12-2024,27-12-2024,Second Class,CUST-1529,Consumer,India,Hyderabad,Telangana,South,Furniture,Storage,Conference Table,3,0.1,785.31,49.46,0.062981498,2024-12,2024
ORD-11278,15-09-2025,17-09-2025,Standard,CUST-1199,Corporate,India,Mumbai,Maharashtra,West,Furniture,Storage,Standing Desk,1,0.15,269.39,-6.06,-0.022495267,2025-09,2025
ORD-10892,30-06-2024,03-07-2024,Standard,CUST-1403,Corporate,India,Mumbai,Maharashtra,West,Furniture,Tables,Bookshelf,4,0.05,610.24,52.01,0.085228762,2024-06,2024
ORD-10989,08-11-2024,09-11-2024,Standard,CUST-1462,Corporate,India,Chennai,Tamil Nadu,South,Office Supplies,Paper,Printer Paper,5,0.15,396.33,50.86,0.128327404,2024-11,2024
ORD-10417,02-05-2023,05-05-2023,Standard,CUST-1178,Corporate,India,Delhi,Delhi,North,Technology,Phones,Tablet,2,0.3,518.65,-1.93,-0.003721199,2023-05,2023
ORD-11552,09-07-2024,12-07-2024,Same Day,CUST-1003,Consumer,India,Bhopal,Madhya Pradesh,Central,Office Supplies,Paper,Notebook,3,0.05,83.86,11.27,0.134390651,2024-07,2024
ORD-11502,11-12-2025,13-12-2025,Standard,CUST-1309,Consumer,India,Hyderabad,Telangana,South,Technology,Computers,Business Laptop,2,0,345.27,77.9,0.225620529,2025-12,2025
ORD-10179,15-12-2025,18-12-2025,Standard,CUST-1588,Corporate,India,Delhi,Delhi,North,Office Supplies,Stationery,Desk Organizer,3,0.15,173.89,11.58,0.066593824,2025-12,2025
ORD-11036,07-03-2023,09-03-2023,First Class,CUST-1550,Consumer,India,Nagpur,Maharashtra,Central,Furniture,Tables,Standing Desk,2,0.15,1146.88,21.15,0.018441336,2023-03,2023
ORD-12209,23-11-2024,26-11-2024,Standard,CUST-1115,Consumer,India,Ahmedabad,Gujarat,West,Furniture,Tables,Office Chair,3,0,1826.14,246.82,0.135159407,2024-11,2024
ORD-12442,26-06-2024,28-06-2024,Standard,CUST-1556,Consumer,India,Jaipur,Rajasthan,North,Furniture,Tables,Standing Desk,2,0,323.2,23.09,0.071441832,2024-06,2024
ORD-11312,22-11-2023,25-11-2023,First Class,CUST-1051,Corporate,India,Nagpur,Maharashtra,Central,Technology,Computers,Monitor,1,0.1,509.54,76.73,0.150586804,2023-11,2023
ORD-12063,13-05-2023,14-05-2023,Standard,CUST-1224,Consumer,India,Kolkata,West Bengal,East,Furniture,Chairs,Filing Cabinet,3,0.2,740.9,-20.01,-0.027007693,2023-05,2023
ORD-11882,01-04-2025,04-04-2025,Standard,CUST-1188,Corporate,India,Jaipur,Rajasthan,North,Furniture,Tables,Standing Desk,5,0.15,480.14,12.54,0.026117382,2025-04,2025
ORD-11928,07-05-2024,08-05-2024,Standard,CUST-1350,Consumer,India,Mumbai,Maharashtra,West,Technology,Computers,Tablet,5,0.15,2696.07,311.24,0.115442106,2024-05,2024
ORD-11134,15-12-2023,19-12-2023,First Class,CUST-1163,Consumer,India,Pune,Maharashtra,West,Technology,Accessories,Laser Printer,3,0,251.81,41.09,0.163178587,2023-12,2023
ORD-10491,04-12-2023,08-12-2023,First Class,CUST-1125,Consumer,India,Pune,Maharashtra,West,Furniture,Storage,Reception Desk,4,0,313.25,45.32,0.144676776,2023-12,2023
ORD-10969,17-08-2025,21-08-2025,Same Day,CUST-1386,Corporate,India,Nagpur,Maharashtra,Central,Office Supplies,Writing,File Binder,2,0.05,232.57,30.68,0.131917272,2025-08,2025
ORD-10947,02-10-2025,06-10-2025,Standard,CUST-1258,Consumer,India,Delhi,Delhi,North,Office Supplies,Writing,Desk Organizer,2,0,94.55,17.06,0.180433633,2025-10,2025
ORD-11632,16-02-2023,20-02-2023,Second Class,CUST-1455,Consumer,India,Jaipur,Rajasthan,North,Furniture,Storage,Conference Table,4,0.2,561.28,-29.72,-0.052950399,2023-02,2023
ORD-11689,20-09-2024,23-09-2024,Standard,CUST-1270,Corporate,India,Mumbai,Maharashtra,West,Technology,Printers,Wireless Headset,3,0.15,3870.09,440.95,0.113937919,2024-09,2024
ORD-10602,16-05-2024,18-05-2024,Second Class,CUST-1072,Consumer,India,Chennai,Tamil Nadu,South,Technology,Computers,Mechanical Keyboard,4,0.05,2370.72,421.05,0.177604272,2024-05,2024
ORD-11908,04-08-2023,09-08-2023,Second Class,CUST-1057,Corporate,India,Lucknow,Uttar Pradesh,North,Furniture,Chairs,Conference Table,3,0.05,701.93,84.77,0.120767028,2023-08,2023
ORD-11025,11-07-2025,16-07-2025,First Class,CUST-1598,Consumer,India,Jaipur,Rajasthan,North,Furniture,Office Furniture,Office Chair,3,0.15,1322.63,68.18,0.051548808,2025-07,2025
ORD-11354,23-07-2023,26-07-2023,Standard,CUST-1045,Corporate,India,Delhi,Delhi,North,Furniture,Office Furniture,Bookshelf,5,0,999.99,113.85,0.113851139,2023-07,2023
ORD-11973,08-09-2025,11-09-2025,Same Day,CUST-1242,Consumer,India,Kolkata,West Bengal,East,Technology,Phones,Business Laptop,5,0.15,839.23,67.21,0.080085316,2025-09,2025
ORD-11892,30-06-2025,03-07-2025,Same Day,CUST-1160,Consumer,India,Delhi,Delhi,North,Technology,Phones,Tablet,5,0.2,440.39,26.33,0.059787915,2025-06,2025
ORD-12083,25-06-2023,28-06-2023,Second Class,CUST-1309,Consumer,India,Mumbai,Maharashtra,West,Office Supplies,Binders,File Binder,1,0,13.22,3.08,0.232980333,2023-06,2023
ORD-12113,14-03-2024,15-03-2024,Standard,CUST-1533,Consumer,India,Hyderabad,Telangana,South,Furniture,Chairs,Filing Cabinet,3,0.15,415.15,29.1,0.070095146,2024-03,2024
ORD-10100,10-11-2025,12-11-2025,Standard,CUST-1560,Consumer,India,Chennai,Tamil Nadu,South,Technology,Accessories,Tablet,2,0.1,246.58,33.58,0.136182983,2025-11,2025
ORD-11411,28-05-2024,31-05-2024,Second Class,CUST-1228,Home Office,India,Mumbai,Maharashtra,West,Furniture,Storage,Office Chair,2,0.2,337.63,1.63,0.00482777,2024-05,2024
ORD-11052,20-05-2023,22-05-2023,Standard,CUST-1008,Corporate,India,Chennai,Tamil Nadu,South,Technology,Printers,Wireless Headset,2,0.1,786.81,69.37,0.088166139,2023-05,2023
ORD-11555,06-04-2024,08-04-2024,Standard,CUST-1254,Corporate,India,Bengaluru,Karnataka,South,Technology,Computers,Mechanical Keyboard,2,0,466.34,96.36,0.206630356,2024-04,2024
ORD-10926,23-07-2024,24-07-2024,Second Class,CUST-1580,Consumer,India,Bhopal,Madhya Pradesh,Central,Office Supplies,Paper,File Binder,2,0.15,159.84,10.75,0.067254755,2024-07,2024
ORD-10514,10-07-2024,15-07-2024,Standard,CUST-1061,Consumer,India,Bengaluru,Karnataka,South,Technology,Computers,Wireless Headset,4,0.05,638.99,102.08,0.159752109,2024-07,2024
ORD-10129,05-03-2024,08-03-2024,Standard,CUST-1046,Consumer,India,Bhopal,Madhya Pradesh,Central,Furniture,Storage,Bookshelf,1,0.15,247.11,0.14,0.000566549,2024-03,2024
ORD-10885,18-12-2023,20-12-2023,Second Class,CUST-1453,Corporate,India,Pune,Maharashtra,West,Office Supplies,Writing,Notebook,1,0,182.02,22.16,0.121744863,2023-12,2023
ORD-10596,01-02-2024,02-02-2024,Standard,CUST-1353,Consumer,India,Chennai,Tamil Nadu,South,Furniture,Office Furniture,Filing Cabinet,4,0,1116.52,178.89,0.160221044,2024-02,2024
ORD-10280,10-04-2023,11-04-2023,Standard,CUST-1328,Consumer,India,Jaipur,Rajasthan,North,Technology,Computers,Mechanical Keyboard,3,0,815.16,105.4,0.129299769,2023-04,2023
ORD-10228,11-02-2025,13-02-2025,Second Class,CUST-1168,Home Office,India,Kolkata,West Bengal,East,Technology,Accessories,Tablet,2,0.15,206.9,22.07,0.106669889,2025-02,2025
ORD-11642,02-01-2024,07-01-2024,Standard,CUST-1411,Consumer,India,Lucknow,Uttar Pradesh,North,Technology,Printers,Laser Printer,1,0.15,858.24,132.18,0.154012864,2024-01,2024
ORD-12097,01-03-2025,02-03-2025,Second Class,CUST-1557,Home Office,India,Nagpur,Maharashtra,Central,Furniture,Chairs,Standing Desk,3,0.05,285.3,26.13,0.091587802,2025-03,2025
ORD-11301,08-11-2024,09-11-2024,Standard,CUST-1098,Consumer,India,Delhi,Delhi,North,Furniture,Chairs,Bookshelf,2,0.3,323.3,-13.92,-0.043055985,2024-11,2024
ORD-11209,01-08-2025,03-08-2025,First Class,CUST-1050,Consumer,India,Bengaluru,Karnataka,South,Technology,Phones,Mechanical Keyboard,2,0.3,421.39,-14.98,-0.035549016,2025-08,2025
ORD-10132,23-11-2025,24-11-2025,Standard,CUST-1459,Home Office,India,Delhi,Delhi,North,Technology,Computers,USB-C Hub,3,0.05,544.49,123.48,0.226781024,2025-11,2025
ORD-11429,14-04-2025,16-04-2025,Second Class,CUST-1023,Corporate,India,Delhi,Delhi,North,Furniture,Chairs,Office Chair,4,0,653.91,71.82,0.109831628,2025-04,2025
ORD-10754,22-12-2023,27-12-2023,Standard,CUST-1063,Corporate,India,Kolkata,West Bengal,East,Office Supplies,Paper,Ball Pen Set,2,0,131.39,25.31,0.19263262,2023-12,2023
ORD-11172,08-02-2025,10-02-2025,Same Day,CUST-1598,Consumer,India,Mumbai,Maharashtra,West,Office Supplies,Binders,Ball Pen Set,3,0.2,275.5,2.48,0.009001815,2025-02,2025
ORD-10230,30-01-2025,31-01-2025,Standard,CUST-1075,Consumer,India,Delhi,Delhi,North,Office Supplies,Binders,Desk Organizer,1,0.05,164.67,29,0.176109795,2025-01,2025
ORD-11700,19-08-2025,21-08-2025,Same Day,CUST-1173,Consumer,India,Nagpur,Maharashtra,Central,Office Supplies,Writing,Sticky Notes,1,0.1,81.42,5.19,0.063743552,2025-08,2025
ORD-11043,25-04-2023,30-04-2023,Second Class,CUST-1340,Consumer,India,Chennai,Tamil Nadu,South,Technology,Accessories,Business Laptop,5,0,2501.81,545.72,0.218130074,2023-04,2023
ORD-10920,07-02-2023,10-02-2023,Standard,CUST-1559,Consumer,India,Kolkata,West Bengal,East,Technology,Phones,USB-C Hub,4,0,2170.37,442.8,0.204020513,2023-02,2023
ORD-12263,04-04-2025,09-04-2025,Standard,CUST-1199,Corporate,India,Bhopal,Madhya Pradesh,Central,Furniture,Chairs,Executive Chair,4,0.15,101.35,3.75,0.037000493,2025-04,2025
ORD-11612,31-07-2023,03-08-2023,First Class,CUST-1497,Home Office,India,Nagpur,Maharashtra,Central,Technology,Printers,Mechanical Keyboard,1,0.2,223.04,12.44,0.055774749,2023-07,2023
ORD-11023,30-11-2024,02-12-2024,Standard,CUST-1527,Corporate,India,Bengaluru,Karnataka,South,Office Supplies,Stationery,Printer Paper,3,0,266.63,54.88,0.205828301,2024-11,2024
ORD-11810,18-04-2024,21-04-2024,First Class,CUST-1157,Consumer,India,Hyderabad,Telangana,South,Office Supplies,Writing,Envelope Pack,5,0.1,570.53,60.29,0.105673672,2024-04,2024
ORD-10595,11-08-2024,15-08-2024,Second Class,CUST-1545,Corporate,India,Delhi,Delhi,North,Technology,Phones,Tablet,5,0.3,1684.11,21.12,0.012540749,2024-08,2024
ORD-12068,09-07-2025,10-07-2025,Standard,CUST-1523,Consumer,India,Nagpur,Maharashtra,Central,Technology,Phones,Wireless Headset,2,0.1,713.26,47.63,0.066777893,2025-07,2025
ORD-10992,16-08-2023,18-08-2023,Second Class,CUST-1102,Consumer,India,Pune,Maharashtra,West,Technology,Computers,USB-C Hub,1,0.1,121.17,19.47,0.160683337,2023-08,2023
ORD-10990,07-02-2025,11-02-2025,First Class,CUST-1314,Consumer,India,Kolkata,West Bengal,East,Office Supplies,Binders,Envelope Pack,3,0.1,303.2,27.03,0.089149077,2025-02,2025
ORD-11817,09-09-2024,11-09-2024,Same Day,CUST-1036,Consumer,India,Mumbai,Maharashtra,West,Furniture,Office Furniture,Executive Chair,5,0.1,1478.23,85.8,0.058042389,2024-09,2024
ORD-12450,17-05-2023,20-05-2023,Standard,CUST-1598,Corporate,India,Ahmedabad,Gujarat,West,Office Supplies,Stationery,Desk Organizer,1,0.1,109.9,13.92,0.126660601,2023-05,2023
ORD-10058,31-01-2024,03-02-2024,Standard,CUST-1165,Home Office,India,Bengaluru,Karnataka,South,Furniture,Chairs,Reception Desk,2,0.15,1013.77,79.62,0.078538525,2024-01,2024
ORD-10394,01-06-2025,03-06-2025,First Class,CUST-1482,Home Office,India,Bengaluru,Karnataka,South,Technology,Accessories,USB-C Hub,1,0.15,47.21,9.05,0.191696674,2025-06,2025
ORD-12027,25-05-2025,28-05-2025,Standard,CUST-1371,Consumer,India,Ahmedabad,Gujarat,West,Technology,Computers,USB-C Hub,3,0.2,502.26,42.46,0.084537889,2025-05,2025
ORD-12273,28-03-2025,31-03-2025,Standard,CUST-1511,Consumer,India,Chennai,Tamil Nadu,South,Office Supplies,Stationery,Desk Organizer,3,0.1,94.4,13.26,0.140466102,2025-03,2025
ORD-10976,02-08-2023,03-08-2023,Second Class,CUST-1157,Consumer,India,Hyderabad,Telangana,South,Office Supplies,Stationery,Sticky Notes,3,0.05,117.64,16.17,0.137453247,2023-08,2023
ORD-11386,02-10-2025,04-10-2025,Standard,CUST-1312,Consumer,India,Bengaluru,Karnataka,South,Technology,Accessories,Smartphone,1,0.3,139.72,2.5,0.017892929,2025-10,2025
ORD-10617,29-10-2024,01-11-2024,Standard,CUST-1279,Consumer,India,Bengaluru,Karnataka,South,Technology,Phones,Smartphone,4,0.05,1019.68,199.14,0.195296564,2024-10,2024
ORD-11958,28-04-2023,29-04-2023,First Class,CUST-1006,Corporate,India,Mumbai,Maharashtra,West,Technology,Accessories,Laser Printer,1,0,106.26,15.86,0.149256541,2023-04,2023
ORD-11001,20-04-2024,21-04-2024,Standard,CUST-1366,Consumer,India,Bhopal,Madhya Pradesh,Central,Technology,Computers,Laser Printer,3,0.1,695.1,93.78,0.134915839,2024-04,2024
ORD-10209,07-09-2023,11-09-2023,Second Class,CUST-1114,Consumer,India,Bengaluru,Karnataka,South,Furniture,Storage,Conference Table,2,0.1,608.61,20.78,0.034143376,2023-09,2023
ORD-11658,30-11-2025,02-12-2025,Standard,CUST-1212,Consumer,India,Kolkata,West Bengal,East,Office Supplies,Stationery,Desk Organizer,1,0.15,152.97,-0.64,-0.004183827,2025-11,2025
ORD-10712,17-07-2025,21-07-2025,Standard,CUST-1257,Consumer,India,Chennai,Tamil Nadu,South,Furniture,Tables,Conference Table,5,0.3,1518.52,-113.97,-0.075053341,2025-07,2025
ORD-12282,13-08-2023,17-08-2023,Second Class,CUST-1256,Corporate,India,Hyderabad,Telangana,South,Office Supplies,Stationery,Sticky Notes,4,0.1,738.44,82.39,0.111573046,2023-08,2023
ORD-11333,14-05-2024,16-05-2024,Same Day,CUST-1436,Consumer,India,Pune,Maharashtra,West,Furniture,Chairs,Office Chair,2,0.3,308.89,-31.21,-0.101039205,2024-05,2024
ORD-11242,02-02-2025,05-02-2025,Second Class,CUST-1420,Consumer,India,Hyderabad,Telangana,South,Furniture,Tables,Standing Desk,1,0.1,95.2,7.57,0.079516807,2025-02,2025
ORD-10404,14-12-2023,16-12-2023,Standard,CUST-1204,Consumer,India,Chennai,Tamil Nadu,South,Furniture,Office Furniture,Reception Desk,3,0.3,312.13,-30.78,-0.098612758,2023-12,2023
ORD-10920,02-05-2025,03-05-2025,Standard,CUST-1011,Consumer,India,Bhopal,Madhya Pradesh,Central,Furniture,Storage,Office Chair,2,0.05,1325.34,98.74,0.074501637,2025-05,2025
ORD-11438,19-11-2024,20-11-2024,Standard,CUST-1179,Consumer,India,Jaipur,Rajasthan,North,Furniture,Tables,Bookshelf,3,0.1,432.76,21.26,0.049126537,2024-11,2024
ORD-10230,04-05-2025,06-05-2025,Second Class,CUST-1566,Home Office,India,Kolkata,West Bengal,East,Technology,Computers,Mechanical Keyboard,3,0,784.47,150.37,0.191683557,2025-05,2025
ORD-10743,23-05-2025,25-05-2025,Standard,CUST-1222,Home Office,India,Bhopal,Madhya Pradesh,Central,Furniture,Chairs,Office Chair,2,0.05,1560.23,190.26,0.12194356,2025-05,2025
ORD-11913,07-04-2024,08-04-2024,Second Class,CUST-1239,Consumer,India,Jaipur,Rajasthan,North,Office Supplies,Paper,Printer Paper,3,0.1,725.67,81.6,0.112447807,2024-04,2024
ORD-10597,29-12-2023,30-12-2023,First Class,CUST-1118,Corporate,India,Chennai,Tamil Nadu,South,Technology,Accessories,Business Laptop,3,0.05,920.93,154.4,0.167656608,2023-12,2023
ORD-10253,27-01-2024,29-01-2024,Standard,CUST-1575,Home Office,India,Mumbai,Maharashtra,West,Office Supplies,Writing,Printer Paper,2,0.2,97.41,-2.6,-0.026691305,2024-01,2024
ORD-10584,20-01-2023,25-01-2023,Standard,CUST-1078,Consumer,India,Pune,Maharashtra,West,Furniture,Office Furniture,Standing Desk,3,0,382.25,41.55,0.108698496,2023-01,2023
ORD-12143,18-11-2024,20-11-2024,Same Day,CUST-1391,Consumer,India,Hyderabad,Telangana,South,Office Supplies,Writing,Envelope Pack,2,0.3,69.71,-2.28,-0.032706929,2024-11,2024
ORD-10975,12-06-2025,15-06-2025,Standard,CUST-1220,Home Office,India,Delhi,Delhi,North,Office Supplies,Binders,Notebook,4,0,931.06,225.23,0.241907074,2025-06,2025
ORD-12289,05-12-2025,08-12-2025,Standard,CUST-1033,Consumer,India,Lucknow,Uttar Pradesh,North,Technology,Printers,Wireless Headset,5,0.05,633.11,149.54,0.236199081,2025-12,2025
ORD-10157,24-08-2025,25-08-2025,Standard,CUST-1127,Corporate,India,Hyderabad,Telangana,South,Technology,Accessories,Monitor,3,0.3,1259.92,-41.06,-0.032589371,2025-08,2025
ORD-10488,06-04-2025,08-04-2025,Standard,CUST-1378,Consumer,India,Mumbai,Maharashtra,West,Office Supplies,Writing,Sticky Notes,5,0.2,593.42,48.47,0.081679081,2025-04,2025
ORD-10913,02-12-2024,05-12-2024,Second Class,CUST-1199,Corporate,India,Pune,Maharashtra,West,Office Supplies,Paper,Desk Organizer,3,0.3,105.73,-9.04,-0.085500804,2024-12,2024
ORD-11232,22-11-2024,24-11-2024,Standard,CUST-1233,Corporate,India,Lucknow,Uttar Pradesh,North,Furniture,Chairs,Office Chair,2,0,307.6,29.9,0.097204161,2024-11,2024
ORD-10343,27-08-2024,29-08-2024,Standard,CUST-1228,Consumer,India,Kolkata,West Bengal,East,Technology,Computers,USB-C Hub,4,0.2,1146.21,84.16,0.073424591,2024-08,2024
ORD-11659,15-09-2025,17-09-2025,Standard,CUST-1588,Home Office,India,Chennai,Tamil Nadu,South,Office Supplies,Writing,Envelope Pack,2,0,226.22,33.53,0.148218548,2025-09,2025
ORD-11810,24-08-2025,26-08-2025,Same Day,CUST-1358,Home Office,India,Nagpur,Maharashtra,Central,Office Supplies,Writing,Printer Paper,1,0.15,69.18,4.5,0.065047702,2025-08,2025
ORD-10138,20-11-2023,22-11-2023,Standard,CUST-1091,Consumer,India,Chennai,Tamil Nadu,South,Office Supplies,Paper,Sticky Notes,1,0,82,22.32,0.272195122,2023-11,2023
ORD-10513,25-04-2024,27-04-2024,Standard,CUST-1508,Consumer,India,Kolkata,West Bengal,East,Furniture,Chairs,Bookshelf,2,0.1,571.85,30.02,0.052496284,2024-04,2024
ORD-10412,26-10-2025,29-10-2025,Second Class,CUST-1339,Consumer,India,Lucknow,Uttar Pradesh,North,Furniture,Chairs,Reception Desk,1,0.3,219.02,-17.66,-0.080631906,2025-10,2025
ORD-12458,03-06-2024,06-06-2024,Standard,CUST-1588,Corporate,India,Jaipur,Rajasthan,North,Office Supplies,Paper,Notebook,3,0,133.6,11.23,0.084056886,2024-06,2024
ORD-12224,12-01-2024,14-01-2024,Second Class,CUST-1400,Home Office,India,Pune,Maharashtra,West,Technology,Accessories,Wireless Headset,2,0.3,419.4,-5.39,-0.012851693,2024-01,2024
ORD-11209,26-02-2023,02-03-2023,Standard,CUST-1154,Consumer,India,Kolkata,West Bengal,East,Technology,Phones,Business Laptop,4,0,1162.72,242.44,0.208511077,2023-02,2023
ORD-10965,06-09-2023,08-09-2023,Standard,CUST-1252,Corporate,India,Lucknow,Uttar Pradesh,North,Technology,Computers,Smartphone,2,0,1658.94,332.57,0.200471385,2023-09,2023
ORD-10313,08-01-2025,11-01-2025,Second Class,CUST-1140,Corporate,India,Bengaluru,Karnataka,South,Office Supplies,Stationery,Notebook,3,0,139.53,31.86,0.228337992,2025-01,2025
ORD-11644,03-07-2023,05-07-2023,Standard,CUST-1202,Consumer,India,Hyderabad,Telangana,South,Office Supplies,Binders,Sticky Notes,4,0.2,294.83,26.82,0.090967676,2023-07,2023
ORD-11957,19-09-2024,22-09-2024,Standard,CUST-1042,Consumer,India,Mumbai,Maharashtra,West,Technology,Phones,Smartphone,2,0.1,197.81,13.49,0.068196754,2024-09,2024
ORD-11664,28-08-2024,29-08-2024,Standard,CUST-1403,Consumer,India,Nagpur,Maharashtra,Central,Technology,Computers,USB-C Hub,3,0.05,931.1,169.56,0.182107185,2024-08,2024
ORD-10946,14-05-2025,17-05-2025,First Class,CUST-1320,Consumer,India,Kolkata,West Bengal,East,Office Supplies,Binders,File Binder,3,0.1,284.5,13.83,0.048611599,2025-05,2025
ORD-11439,28-04-2025,29-04-2025,Standard,CUST-1425,Consumer,India,Mumbai,Maharashtra,West,Technology,Printers,Mechanical Keyboard,4,0.2,1615.12,52.03,0.032214325,2025-04,2025
ORD-11664,26-01-2023,29-01-2023,Second Class,CUST-1560,Consumer,India,Jaipur,Rajasthan,North,Technology,Computers,Smartphone,3,0.1,294.95,30.34,0.102864892,2023-01,2023
ORD-10637,07-08-2024,09-08-2024,Standard,CUST-1047,Consumer,India,Jaipur,Rajasthan,North,Technology,Printers,USB-C Hub,2,0,393.09,74.1,0.188506449,2024-08,2024
ORD-10797,27-08-2023,29-08-2023,First Class,CUST-1380,Consumer,India,Bhopal,Madhya Pradesh,Central,Technology,Phones,Wireless Headset,2,0.05,308.13,53.64,0.174082368,2023-08,2023
ORD-10596,27-08-2023,29-08-2023,Standard,CUST-1041,Consumer,India,Nagpur,Maharashtra,Central,Technology,Phones,Smartphone,3,0.1,1578.17,224.67,0.142361089,2023-08,2023
ORD-11032,28-01-2024,29-01-2024,Second Class,CUST-1190,Consumer,India,Nagpur,Maharashtra,Central,Office Supplies,Paper,Sticky Notes,2,0.1,332.68,32.8,0.098593243,2024-01,2024
ORD-11689,01-03-2023,02-03-2023,Same Day,CUST-1519,Consumer,India,Nagpur,Maharashtra,Central,Furniture,Office Furniture,Standing Desk,3,0.15,1034.84,132.42,0.127961811,2023-03,2023
ORD-11806,17-11-2025,21-11-2025,Standard,CUST-1276,Corporate,India,Bhopal,Madhya Pradesh,Central,Technology,Printers,USB-C Hub,1,0,437.27,61.45,0.140531022,2025-11,2025
ORD-11536,18-06-2025,20-06-2025,First Class,CUST-1332,Home Office,India,Bengaluru,Karnataka,South,Technology,Accessories,Business Laptop,3,0,252.52,42.27,0.167392682,2025-06,2025
ORD-12170,14-08-2024,16-08-2024,Standard,CUST-1316,Consumer,India,Chennai,Tamil Nadu,South,Technology,Accessories,USB-C Hub,1,0.05,869.86,181.01,0.208090957,2024-08,2024
ORD-12403,09-03-2025,13-03-2025,Standard,CUST-1129,Corporate,India,Kolkata,West Bengal,East,Office Supplies,Stationery,Sticky Notes,1,0.2,83.04,2.1,0.025289017,2025-03,2025
ORD-11129,13-12-2025,17-12-2025,Same Day,CUST-1543,Corporate,India,Pune,Maharashtra,West,Furniture,Tables,Reception Desk,4,0,444.07,69.7,0.156957236,2025-12,2025
ORD-11939,30-06-2025,03-07-2025,Standard,CUST-1275,Consumer,India,Bhopal,Madhya Pradesh,Central,Technology,Printers,Smartphone,5,0,3128.41,460.07,0.147061926,2025-06,2025
ORD-10144,27-02-2025,02-03-2025,Standard,CUST-1358,Consumer,India,Chennai,Tamil Nadu,South,Furniture,Tables,Executive Chair,4,0.1,799.31,-3,-0.003753237,2025-02,2025
ORD-12206,02-10-2023,05-10-2023,Standard,CUST-1530,Corporate,India,Lucknow,Uttar Pradesh,North,Technology,Accessories,Mechanical Keyboard,5,0.3,863.71,10.27,0.011890565,2023-10,2023
ORD-10826,11-11-2024,13-11-2024,Standard,CUST-1481,Consumer,India,Chennai,Tamil Nadu,South,Furniture,Chairs,Executive Chair,2,0.05,1087.82,86.88,0.079866154,2024-11,2024
ORD-10395,24-10-2023,26-10-2023,Standard,CUST-1269,Corporate,India,Bhopal,Madhya Pradesh,Central,Technology,Computers,USB-C Hub,1,0.2,271.53,11.45,0.042168453,2023-10,2023
ORD-11233,01-07-2025,02-07-2025,Same Day,CUST-1185,Home Office,India,Pune,Maharashtra,West,Furniture,Chairs,Office Chair,2,0.2,711.03,-0.5,-0.000703205,2025-07,2025
ORD-11299,10-09-2023,12-09-2023,Standard,CUST-1138,Consumer,India,Nagpur,Maharashtra,Central,Technology,Accessories,Wireless Headset,2,0.1,682.59,100.74,0.147584934,2023-09,2023
ORD-10851,18-10-2023,21-10-2023,Standard,CUST-1435,Corporate,India,Hyderabad,Telangana,South,Technology,Printers,USB-C Hub,1,0,315.76,65.97,0.2089245,2023-10,2023
ORD-12135,22-05-2024,25-05-2024,Second Class,CUST-1274,Corporate,India,Jaipur,Rajasthan,North,Technology,Phones,Laser Printer,3,0.1,518.36,64.94,0.125279728,2024-05,2024
ORD-10544,30-05-2025,01-06-2025,Standard,CUST-1351,Consumer,India,Hyderabad,Telangana,South,Technology,Phones,Smartphone,4,0,1339.5,306.64,0.228921239,2025-05,2025
ORD-11012,01-07-2025,05-07-2025,First Class,CUST-1058,Home Office,India,Bhopal,Madhya Pradesh,Central,Technology,Computers,Wireless Headset,2,0.15,995.73,99.2,0.0996254,2025-07,2025
ORD-11294,26-06-2023,29-06-2023,Same Day,CUST-1462,Consumer,India,Kolkata,West Bengal,East,Office Supplies,Binders,Desk Organizer,3,0.2,141.69,3.76,0.026536806,2023-06,2023
ORD-10661,15-01-2025,18-01-2025,Standard,CUST-1065,Consumer,India,Chennai,Tamil Nadu,South,Technology,Printers,Business Laptop,3,0,1087.84,241.13,0.221659435,2025-01,2025
ORD-11806,09-11-2025,12-11-2025,First Class,CUST-1316,Consumer,India,Kolkata,West Bengal,East,Technology,Phones,Smartphone,1,0.2,187.16,20.81,0.111188288,2025-11,2025
ORD-12130,05-12-2024,07-12-2024,Second Class,CUST-1132,Corporate,India,Nagpur,Maharashtra,Central,Technology,Computers,Laser Printer,5,0,2827.69,415.21,0.146837171,2024-12,2024
ORD-12056,26-02-2023,28-02-2023,Second Class,CUST-1399,Consumer,India,Hyderabad,Telangana,South,Technology,Accessories,Mechanical Keyboard,2,0,1423.38,324.04,0.227655299,2023-02,2023
ORD-11645,13-01-2023,14-01-2023,First Class,CUST-1299,Corporate,India,Jaipur,Rajasthan,North,Technology,Printers,Business Laptop,5,0.1,1754.69,316.78,0.180533314,2023-01,2023
ORD-12031,15-07-2023,17-07-2023,Second Class,CUST-1491,Consumer,India,Delhi,Delhi,North,Technology,Printers,Business Laptop,3,0.05,1728.24,277.53,0.160585335,2023-07,2023
ORD-11280,17-08-2023,21-08-2023,Standard,CUST-1013,Consumer,India,Bengaluru,Karnataka,South,Technology,Phones,Business Laptop,5,0.2,1509.53,78.45,0.051969818,2023-08,2023
ORD-11721,08-10-2023,10-10-2023,Standard,CUST-1345,Consumer,India,Kolkata,West Bengal,East,Office Supplies,Paper,Ball Pen Set,2,0.1,139.26,19.44,0.139595002,2023-10,2023
ORD-10909,07-05-2025,09-05-2025,Standard,CUST-1534,Corporate,India,Bhopal,Madhya Pradesh,Central,Furniture,Chairs,Reception Desk,2,0.05,303.85,25.64,0.084383742,2025-05,2025
ORD-11403,08-01-2024,11-01-2024,Second Class,CUST-1193,Corporate,India,Kolkata,West Bengal,East,Technology,Printers,Tablet,3,0.1,1665.99,182.69,0.109658521,2024-01,2024
ORD-11789,25-10-2024,28-10-2024,Same Day,CUST-1228,Consumer,India,Bhopal,Madhya Pradesh,Central,Furniture,Tables,Reception Desk,2,0,313.53,58.19,0.185596275,2024-10,2024
ORD-10104,15-09-2025,16-09-2025,Standard,CUST-1057,Consumer,India,Nagpur,Maharashtra,Central,Technology,Phones,Monitor,5,0,508.67,113.96,0.224035229,2025-09,2025
ORD-10108,10-09-2023,12-09-2023,Standard,CUST-1446,Consumer,India,Delhi,Delhi,North,Office Supplies,Binders,Ball Pen Set,3,0.1,253.55,22.95,0.090514691,2023-09,2023
ORD-10029,13-11-2023,15-11-2023,First Class,CUST-1583,Consumer,India,Lucknow,Uttar Pradesh,North,Office Supplies,Binders,Notebook,1,0.15,32.34,2.25,0.069573284,2023-11,2023
ORD-10179,25-12-2023,28-12-2023,Same Day,CUST-1350,Consumer,India,Lucknow,Uttar Pradesh,North,Technology,Accessories,Business Laptop,3,0.1,1206.77,212.7,0.176255625,2023-12,2023
ORD-10782,12-02-2025,15-02-2025,Standard,CUST-1381,Corporate,India,Hyderabad,Telangana,South,Technology,Printers,Laser Printer,2,0.1,642.9,114.7,0.178410328,2025-02,2025
ORD-10859,25-01-2024,27-01-2024,Second Class,CUST-1589,Consumer,India,Kolkata,West Bengal,East,Furniture,Tables,Standing Desk,3,0.2,508.35,1.48,0.00291138,2024-01,2024
ORD-11603,13-01-2023,17-01-2023,Standard,CUST-1272,Consumer,India,Jaipur,Rajasthan,North,Technology,Phones,Wireless Headset,5,0.05,884.66,211.92,0.239549657,2023-01,2023
ORD-11717,03-12-2025,04-12-2025,Standard,CUST-1538,Consumer,India,Mumbai,Maharashtra,West,Technology,Printers,Smartphone,1,0.3,195.81,-3.35,-0.017108421,2025-12,2025
ORD-11712,14-09-2023,16-09-2023,First Class,CUST-1333,Consumer,India,Hyderabad,Telangana,South,Office Supplies,Binders,File Binder,5,0,340.4,63.93,0.187808461,2023-09,2023
ORD-12291,08-03-2025,10-03-2025,Same Day,CUST-1324,Consumer,India,Hyderabad,Telangana,South,Furniture,Storage,Reception Desk,5,0,1226.44,180.65,0.14729624,2025-03,2025
ORD-11352,23-11-2023,27-11-2023,Standard,CUST-1123,Consumer,India,Bengaluru,Karnataka,South,Office Supplies,Writing,Sticky Notes,4,0.1,269.97,28.11,0.10412268,2023-11,2023
ORD-12214,26-06-2024,28-06-2024,First Class,CUST-1090,Consumer,India,Kolkata,West Bengal,East,Technology,Computers,Tablet,5,0.2,3716.42,367.59,0.098909703,2024-06,2024
ORD-10729,16-08-2025,19-08-2025,First Class,CUST-1567,Consumer,India,Lucknow,Uttar Pradesh,North,Technology,Printers,Mechanical Keyboard,5,0.05,547.63,122.89,0.224403338,2025-08,2025
ORD-10324,28-08-2023,01-09-2023,Standard,CUST-1430,Corporate,India,Lucknow,Uttar Pradesh,North,Office Supplies,Binders,Desk Organizer,2,0,124.53,21.9,0.175861238,2023-08,2023
ORD-12072,17-03-2024,22-03-2024,First Class,CUST-1037,Consumer,India,Bhopal,Madhya Pradesh,Central,Furniture,Storage,Executive Chair,2,0.15,436.38,9.08,0.020807553,2024-03,2024
ORD-10256,14-02-2024,15-02-2024,First Class,CUST-1448,Corporate,India,Chennai,Tamil Nadu,South,Office Supplies,Paper,Envelope Pack,5,0.05,393.96,62.76,0.159305513,2024-02,2024
ORD-10843,02-11-2024,05-11-2024,Same Day,CUST-1560,Consumer,India,Ahmedabad,Gujarat,West,Office Supplies,Binders,File Binder,4,0.05,118.39,20.01,0.169017654,2024-11,2024
ORD-10737,04-07-2025,06-07-2025,Standard,CUST-1373,Consumer,India,Ahmedabad,Gujarat,West,Furniture,Tables,Bookshelf,2,0,232.46,37.28,0.160371677,2025-07,2025
ORD-11242,24-12-2025,26-12-2025,Standard,CUST-1542,Corporate,India,Ahmedabad,Gujarat,West,Office Supplies,Stationery,Printer Paper,2,0.15,220.11,21.82,0.099132252,2025-12,2025
ORD-11845,12-01-2023,15-01-2023,Standard,CUST-1111,Home Office,India,Bhopal,Madhya Pradesh,Central,Technology,Phones,Wireless Headset,2,0.1,903.04,81.63,0.090394667,2023-01,2023
ORD-10335,18-01-2024,20-01-2024,Second Class,CUST-1335,Corporate,India,Bengaluru,Karnataka,South,Technology,Accessories,Business Laptop,4,0,3839.82,872.99,0.227351803,2024-01,2024
ORD-11189,10-07-2025,11-07-2025,Second Class,CUST-1321,Corporate,India,Jaipur,Rajasthan,North,Furniture,Chairs,Filing Cabinet,2,0.05,662.76,35.07,0.052915082,2025-07,2025
ORD-10006,05-04-2024,08-04-2024,Standard,CUST-1274,Consumer,India,Ahmedabad,Gujarat,West,Technology,Accessories,Smartphone,2,0,262.96,44.38,0.168770916,2024-04,2024
ORD-12438,23-06-2025,26-06-2025,Second Class,CUST-1383,Corporate,India,Nagpur,Maharashtra,Central,Furniture,Tables,Executive Chair,3,0,823.01,98.04,0.119123704,2025-06,2025
ORD-10565,14-06-2025,15-06-2025,Second Class,CUST-1022,Corporate,India,Delhi,Delhi,North,Technology,Computers,Tablet,4,0.15,502.26,70.28,0.139927528,2025-06,2025
ORD-11556,04-02-2025,06-02-2025,Standard,CUST-1532,Home Office,India,Bhopal,Madhya Pradesh,Central,Technology,Printers,Wireless Headset,3,0.05,295.45,27.52,0.093146048,2025-02,2025
ORD-11716,21-02-2023,24-02-2023,Second Class,CUST-1050,Consumer,India,Pune,Maharashtra,West,Technology,Phones,Business Laptop,1,0.1,144.21,27.4,0.190000693,2023-02,2023
ORD-12332,13-08-2024,14-08-2024,Standard,CUST-1066,Corporate,India,Hyderabad,Telangana,South,Technology,Accessories,Smartphone,2,0,359.77,64.4,0.179003252,2024-08,2024
ORD-12324,23-08-2024,25-08-2024,Standard,CUST-1451,Consumer,India,Jaipur,Rajasthan,North,Technology,Computers,Smartphone,3,0.1,1781.99,179.44,0.100696412,2024-08,2024
ORD-11904,01-08-2023,05-08-2023,Same Day,CUST-1333,Home Office,India,Bhopal,Madhya Pradesh,Central,Furniture,Tables,Conference Table,3,0.05,230.8,18.61,0.080632582,2023-08,2023
ORD-10984,09-06-2025,11-06-2025,Second Class,CUST-1079,Corporate,India,Bhopal,Madhya Pradesh,Central,Technology,Phones,Monitor,3,0,1516.08,274.91,0.181329481,2025-06,2025
ORD-11604,11-07-2024,14-07-2024,Standard,CUST-1247,Consumer,India,Lucknow,Uttar Pradesh,North,Office Supplies,Stationery,Notebook,1,0,76.31,12.83,0.168129996,2024-07,2024
ORD-12011,08-03-2023,12-03-2023,Standard,CUST-1112,Corporate,India,Chennai,Tamil Nadu,South,Office Supplies,Binders,Desk Organizer,2,0.1,204.44,12.01,0.058745842,2023-03,2023
ORD-10288,31-03-2024,02-04-2024,First Class,CUST-1160,Consumer,India,Pune,Maharashtra,West,Furniture,Chairs,Office Chair,2,0.2,182.49,5.31,0.029097485,2024-03,2024
ORD-11241,19-07-2023,23-07-2023,Standard,CUST-1114,Corporate,India,Bengaluru,Karnataka,South,Office Supplies,Binders,Envelope Pack,2,0.2,429.44,22,0.051229508,2023-07,2023
ORD-10416,16-04-2023,19-04-2023,Second Class,CUST-1202,Corporate,India,Bhopal,Madhya Pradesh,Central,Office Supplies,Writing,Sticky Notes,3,0,95.35,18.78,0.196958574,2023-04,2023
ORD-11756,20-02-2024,22-02-2024,First Class,CUST-1489,Corporate,India,Hyderabad,Telangana,South,Technology,Printers,Laser Printer,2,0.1,642.43,96.82,0.150709027,2024-02,2024
ORD-10632,22-11-2023,24-11-2023,Standard,CUST-1420,Corporate,India,Bengaluru,Karnataka,South,Technology,Printers,Monitor,3,0.1,1666.1,225.03,0.135063922,2023-11,2023
ORD-12391,19-09-2025,22-09-2025,Standard,CUST-1010,Corporate,India,Bengaluru,Karnataka,South,Technology,Printers,Smartphone,3,0.05,329.88,44.16,0.133866861,2025-09,2025
ORD-10096,15-06-2023,18-06-2023,Second Class,CUST-1426,Corporate,India,Delhi,Delhi,North,Technology,Printers,Laser Printer,2,0.3,208.34,-2.22,-0.010655659,2023-06,2023
ORD-11832,10-05-2024,12-05-2024,Standard,CUST-1203,Corporate,India,Mumbai,Maharashtra,West,Office Supplies,Paper,Printer Paper,2,0.15,221.84,12.08,0.05445366,2024-05,2024
ORD-11169,31-05-2024,03-06-2024,Standard,CUST-1544,Home Office,India,Mumbai,Maharashtra,West,Office Supplies,Writing,Printer Paper,1,0.1,39.2,4.83,0.123214286,2024-05,2024
ORD-10656,11-06-2025,14-06-2025,Standard,CUST-1143,Consumer,India,Bengaluru,Karnataka,South,Technology,Printers,Tablet,2,0.1,204.56,23.47,0.114734063,2025-06,2025
ORD-12086,11-12-2023,13-12-2023,Standard,CUST-1028,Corporate,India,Ahmedabad,Gujarat,West,Furniture,Office Furniture,Office Chair,3,0.1,297.08,15.57,0.052410125,2023-12,2023
ORD-11633,06-11-2025,09-11-2025,Same Day,CUST-1552,Home Office,India,Lucknow,Uttar Pradesh,North,Office Supplies,Paper,Desk Organizer,1,0.2,83.35,0.25,0.0029994,2025-11,2025
ORD-11868,25-11-2024,27-11-2024,Standard,CUST-1341,Consumer,India,Pune,Maharashtra,West,Technology,Printers,Business Laptop,2,0,326.82,67.12,0.205372988,2024-11,2024
ORD-10088,18-12-2025,22-12-2025,Standard,CUST-1541,Corporate,India,Ahmedabad,Gujarat,West,Technology,Phones,Mechanical Keyboard,4,0.05,1686.27,311.49,0.184721308,2025-12,2025
ORD-11180,01-08-2023,04-08-2023,Second Class,CUST-1414,Corporate,India,Kolkata,West Bengal,East,Office Supplies,Binders,Sticky Notes,4,0.1,945.5,191.47,0.20250661,2023-08,2023
ORD-11831,07-02-2025,08-02-2025,Standard,CUST-1485,Corporate,India,Bhopal,Madhya Pradesh,Central,Office Supplies,Binders,File Binder,1,0.05,123.05,20.48,0.166436408,2025-02,2025
ORD-10781,26-11-2023,29-11-2023,Standard,CUST-1589,Corporate,India,Lucknow,Uttar Pradesh,North,Technology,Accessories,Laser Printer,2,0,935.94,154.19,0.164743466,2023-11,2023
ORD-11050,14-04-2023,15-04-2023,Standard,CUST-1164,Corporate,India,Bengaluru,Karnataka,South,Technology,Accessories,Monitor,4,0,977.65,184.13,0.188339385,2023-04,2023
ORD-11206,29-12-2025,02-01-2026,Same Day,CUST-1047,Corporate,India,Nagpur,Maharashtra,Central,Furniture,Chairs,Conference Table,1,0,246.17,34.12,0.138603404,2025-12,2025
ORD-11805,17-04-2023,21-04-2023,Standard,CUST-1071,Consumer,India,Nagpur,Maharashtra,Central,Technology,Accessories,USB-C Hub,4,0.15,1649.67,328.26,0.198985252,2023-04,2023
ORD-11187,24-01-2023,27-01-2023,Standard,CUST-1419,Consumer,India,Kolkata,West Bengal,East,Technology,Computers,Tablet,3,0.05,1103.82,156.81,0.142061206,2023-01,2023
ORD-10433,20-04-2024,23-04-2024,Second Class,CUST-1528,Home Office,India,Ahmedabad,Gujarat,West,Furniture,Tables,Standing Desk,3,0.2,889.75,3.77,0.004237145,2024-04,2024
ORD-11124,15-10-2023,18-10-2023,Standard,CUST-1466,Consumer,India,Kolkata,West Bengal,East,Office Supplies,Paper,Envelope Pack,4,0,403.37,65.52,0.162431514,2023-10,2023
ORD-10532,05-11-2024,07-11-2024,Standard,CUST-1252,Home Office,India,Bengaluru,Karnataka,South,Office Supplies,Writing,File Binder,5,0.3,93.36,-2.81,-0.030098543,2024-11,2024
ORD-11198,07-02-2025,09-02-2025,Same Day,CUST-1023,Corporate,India,Delhi,Delhi,North,Technology,Phones,Laser Printer,2,0.05,274.15,51.37,0.187379172,2025-02,2025
ORD-10444,21-11-2023,22-11-2023,Standard,CUST-1352,Consumer,India,Bhopal,Madhya Pradesh,Central,Furniture,Tables,Executive Chair,2,0.1,144.98,7.52,0.051869223,2023-11,2023
ORD-11137,13-06-2024,15-06-2024,First Class,CUST-1159,Consumer,India,Nagpur,Maharashtra,Central,Technology,Computers,Monitor,5,0,2063.99,273.93,0.132718666,2024-06,2024
ORD-11578,18-06-2025,19-06-2025,Same Day,CUST-1524,Consumer,India,Mumbai,Maharashtra,West,Furniture,Storage,Office Chair,4,0,153.29,15.63,0.101963598,2025-06,2025
ORD-11319,16-06-2025,19-06-2025,Standard,CUST-1059,Home Office,India,Pune,Maharashtra,West,Office Supplies,Stationery,Ball Pen Set,5,0.05,461.93,49.94,0.108111619,2025-06,2025
ORD-12193,07-11-2024,09-11-2024,Standard,CUST-1201,Consumer,India,Kolkata,West Bengal,East,Technology,Phones,USB-C Hub,1,0.3,99.65,4.06,0.040742599,2024-11,2024
ORD-12040,15-04-2025,17-04-2025,Same Day,CUST-1435,Consumer,India,Bengaluru,Karnataka,South,Technology,Printers,USB-C Hub,4,0.15,4613.39,774.41,0.167861377,2025-04,2025
ORD-10879,01-09-2023,03-09-2023,Second Class,CUST-1100,Consumer,India,Delhi,Delhi,North,Office Supplies,Writing,Printer Paper,2,0.3,93.57,2.4,0.025649247,2023-09,2023
ORD-10306,09-04-2025,11-04-2025,Standard,CUST-1162,Consumer,India,Nagpur,Maharashtra,Central,Furniture,Storage,Conference Table,4,0.05,718.18,117.28,0.163301679,2025-04,2025
ORD-10560,24-02-2023,27-02-2023,Standard,CUST-1000,Consumer,India,Jaipur,Rajasthan,North,Furniture,Chairs,Conference Table,4,0.1,1661.08,158.87,0.095642594,2023-02,2023
ORD-11644,13-12-2024,16-12-2024,Second Class,CUST-1470,Consumer,India,Ahmedabad,Gujarat,West,Technology,Accessories,Mechanical Keyboard,3,0.2,526.42,46.02,0.087420691,2024-12,2024
ORD-10912,16-10-2025,18-10-2025,Second Class,CUST-1104,Consumer,India,Mumbai,Maharashtra,West,Technology,Accessories,Wireless Headset,2,0.15,122.13,10.8,0.088430361,2025-10,2025
ORD-12497,11-05-2024,15-05-2024,Second Class,CUST-1207,Corporate,India,Jaipur,Rajasthan,North,Office Supplies,Stationery,Desk Organizer,2,0.2,289.46,18.53,0.064015753,2024-05,2024
ORD-10669,05-04-2023,09-04-2023,Standard,CUST-1509,Home Office,India,Bengaluru,Karnataka,South,Technology,Computers,Monitor,1,0,1230.81,213.1,0.173138015,2023-04,2023
ORD-12409,14-02-2024,18-02-2024,Standard,CUST-1296,Consumer,India,Pune,Maharashtra,West,Technology,Computers,Wireless Headset,1,0.1,222.55,35.27,0.15848124,2024-02,2024
ORD-11287,11-08-2024,14-08-2024,Standard,CUST-1437,Corporate,India,Ahmedabad,Gujarat,West,Technology,Phones,Wireless Headset,2,0.1,803.59,127.19,0.158277231,2024-08,2024
ORD-12259,07-03-2025,08-03-2025,Second Class,CUST-1497,Corporate,India,Delhi,Delhi,North,Furniture,Chairs,Bookshelf,5,0.05,387.79,47.72,0.123056293,2025-03,2025
ORD-10771,26-10-2024,29-10-2024,Second Class,CUST-1504,Home Office,India,Ahmedabad,Gujarat,West,Furniture,Chairs,Office Chair,2,0.15,224.38,14.02,0.062483287,2024-10,2024
ORD-11384,09-01-2025,11-01-2025,Standard,CUST-1028,Corporate,India,Bhopal,Madhya Pradesh,Central,Furniture,Storage,Executive Chair,3,0.05,371.17,26.12,0.070372067,2025-01,2025
ORD-10958,04-11-2023,07-11-2023,First Class,CUST-1472,Corporate,India,Jaipur,Rajasthan,North,Technology,Printers,Mechanical Keyboard,1,0.2,94.43,11.3,0.119665361,2023-11,2023
ORD-11728,16-06-2024,17-06-2024,Same Day,CUST-1034,Consumer,India,Jaipur,Rajasthan,North,Technology,Accessories,Monitor,5,0,981.71,258.45,0.263265119,2024-06,2024
ORD-11499,09-06-2025,11-06-2025,Second Class,CUST-1085,Home Office,India,Lucknow,Uttar Pradesh,North,Technology,Phones,USB-C Hub,4,0.15,507.63,43.27,0.085239249,2025-06,2025
ORD-11660,30-05-2024,03-06-2024,Standard,CUST-1577,Consumer,India,Chennai,Tamil Nadu,South,Technology,Phones,USB-C Hub,2,0.1,2097.74,169.76,0.080925186,2024-05,2024
ORD-10968,15-11-2023,19-11-2023,Standard,CUST-1291,Corporate,India,Ahmedabad,Gujarat,West,Technology,Computers,Laser Printer,2,0,304.98,56.44,0.185061315,2023-11,2023
ORD-11660,07-04-2023,09-04-2023,Standard,CUST-1073,Consumer,India,Lucknow,Uttar Pradesh,North,Office Supplies,Stationery,File Binder,2,0.05,74.35,10.69,0.143779422,2023-04,2023
ORD-11017,11-09-2023,12-09-2023,Standard,CUST-1525,Corporate,India,Nagpur,Maharashtra,Central,Technology,Computers,Smartphone,5,0.15,543.87,49.67,0.091326972,2023-09,2023
ORD-10596,11-06-2024,14-06-2024,Second Class,CUST-1406,Consumer,India,Jaipur,Rajasthan,North,Technology,Computers,Monitor,2,0.2,651.19,72.73,0.111687833,2024-06,2024
ORD-11540,12-10-2024,17-10-2024,Standard,CUST-1485,Consumer,India,Kolkata,West Bengal,East,Technology,Accessories,USB-C Hub,4,0.1,1055.07,123.49,0.117044367,2024-10,2024
ORD-10265,21-03-2024,23-03-2024,Same Day,CUST-1306,Consumer,India,Jaipur,Rajasthan,North,Furniture,Chairs,Conference Table,3,0.15,373.14,7.37,0.0197513,2024-03,2024
ORD-11399,07-10-2024,10-10-2024,First Class,CUST-1559,Consumer,India,Ahmedabad,Gujarat,West,Furniture,Tables,Reception Desk,2,0,625,56.12,0.089792,2024-10,2024
ORD-11245,21-11-2024,23-11-2024,First Class,CUST-1174,Consumer,India,Delhi,Delhi,North,Furniture,Office Furniture,Standing Desk,5,0.1,825.5,24.29,0.029424591,2024-11,2024
ORD-12016,23-02-2023,24-02-2023,First Class,CUST-1007,Consumer,India,Nagpur,Maharashtra,Central,Furniture,Storage,Filing Cabinet,4,0.15,221.08,6.19,0.027998914,2023-02,2023
ORD-11339,16-07-2024,17-07-2024,Standard,CUST-1009,Consumer,India,Ahmedabad,Gujarat,West,Technology,Accessories,Tablet,2,0.05,203.61,34.92,0.171504347,2024-07,2024
ORD-11824,17-04-2025,19-04-2025,Standard,CUST-1546,Consumer,India,Ahmedabad,Gujarat,West,Technology,Computers,Smartphone,3,0,1164.89,164.41,0.14113779,2025-04,2025
ORD-11700,18-01-2023,19-01-2023,Same Day,CUST-1079,Consumer,India,Hyderabad,Telangana,South,Technology,Computers,Monitor,2,0.3,594.88,8.17,0.013733862,2023-01,2023
ORD-10546,17-02-2024,20-02-2024,Standard,CUST-1364,Corporate,India,Bengaluru,Karnataka,South,Technology,Printers,Smartphone,2,0,774.63,165.38,0.213495475,2024-02,2024
ORD-10765,28-09-2023,30-09-2023,Second Class,CUST-1255,Consumer,India,Bhopal,Madhya Pradesh,Central,Furniture,Tables,Conference Table,3,0.2,491.49,-24.2,-0.049238031,2023-09,2023
ORD-12340,13-05-2025,16-05-2025,Standard,CUST-1292,Corporate,India,Hyderabad,Telangana,South,Furniture,Chairs,Standing Desk,3,0.15,183.4,0.04,0.000218103,2025-05,2025
ORD-10651,29-04-2024,30-04-2024,Second Class,CUST-1158,Corporate,India,Jaipur,Rajasthan,North,Technology,Accessories,Laser Printer,2,0,406.06,69.6,0.171403241,2024-04,2024
ORD-11746,25-06-2023,26-06-2023,Standard,CUST-1329,Corporate,India,Ahmedabad,Gujarat,West,Technology,Computers,Tablet,4,0.2,503.62,34.97,0.069437274,2023-06,2023
ORD-10761,05-04-2023,06-04-2023,Standard,CUST-1572,Consumer,India,Bhopal,Madhya Pradesh,Central,Furniture,Tables,Filing Cabinet,3,0,809.18,121.16,0.149731827,2023-04,2023
ORD-12237,12-09-2023,14-09-2023,Standard,CUST-1136,Consumer,India,Bengaluru,Karnataka,South,Furniture,Office Furniture,Bookshelf,4,0,403.01,61.73,0.153172378,2023-09,2023
ORD-10322,08-12-2023,10-12-2023,Standard,CUST-1145,Consumer,India,Hyderabad,Telangana,South,Technology,Printers,Monitor,2,0.05,62.7,13.13,0.209409888,2023-12,2023
ORD-11396,02-05-2023,06-05-2023,Standard,CUST-1093,Consumer,India,Ahmedabad,Gujarat,West,Technology,Phones,Wireless Headset,1,0.1,184.14,18.07,0.098131856,2023-05,2023
ORD-11283,05-12-2023,08-12-2023,Standard,CUST-1510,Home Office,India,Pune,Maharashtra,West,Furniture,Chairs,Bookshelf,1,0.1,97.34,5.66,0.058146702,2023-12,2023
ORD-10682,06-08-2024,08-08-2024,Standard,CUST-1397,Corporate,India,Nagpur,Maharashtra,Central,Technology,Phones,Business Laptop,1,0,388.56,82.94,0.213454807,2024-08,2024
ORD-10397,13-09-2023,16-09-2023,Standard,CUST-1347,Home Office,India,Hyderabad,Telangana,South,Office Supplies,Binders,Ball Pen Set,3,0.15,580.42,60.41,0.104079804,2023-09,2023
ORD-12470,05-08-2024,06-08-2024,Second Class,CUST-1226,Consumer,India,Bengaluru,Karnataka,South,Technology,Printers,Tablet,3,0,371.48,69.25,0.186416496,2024-08,2024
ORD-10178,31-12-2025,02-01-2026,First Class,CUST-1363,Consumer,India,Hyderabad,Telangana,South,Technology,Printers,Wireless Headset,3,0.05,1721.74,350.14,0.203364039,2025-12,2025
ORD-11460,26-08-2023,29-08-2023,First Class,CUST-1324,Corporate,India,Chennai,Tamil Nadu,South,Technology,Accessories,Wireless Headset,3,0.2,351.52,51.63,0.146876422,2023-08,2023
ORD-11219,13-03-2024,17-03-2024,Standard,CUST-1384,Consumer,India,Chennai,Tamil Nadu,South,Furniture,Tables,Standing Desk,1,0.05,197.69,8.05,0.04072032,2024-03,2024
ORD-11477,24-01-2025,29-01-2025,First Class,CUST-1025,Home Office,India,Jaipur,Rajasthan,North,Office Supplies,Binders,File Binder,2,0.05,209.31,23.68,0.11313363,2025-01,2025
ORD-11251,26-09-2024,29-09-2024,First Class,CUST-1386,Consumer,India,Pune,Maharashtra,West,Technology,Accessories,Mechanical Keyboard,1,0.1,256.5,18.97,0.073957115,2024-09,2024
ORD-12223,01-10-2024,04-10-2024,Standard,CUST-1141,Corporate,India,Delhi,Delhi,North,Furniture,Storage,Standing Desk,3,0.05,821.66,35.84,0.043619015,2024-10,2024
ORD-10214,24-03-2024,27-03-2024,Standard,CUST-1007,Corporate,India,Delhi,Delhi,North,Furniture,Office Furniture,Office Chair,5,0.05,1213.83,78.16,0.064391224,2024-03,2024
ORD-12013,05-07-2024,07-07-2024,Standard,CUST-1231,Consumer,India,Bengaluru,Karnataka,South,Office Supplies,Binders,Sticky Notes,3,0.1,140.91,10.24,0.072670499,2024-07,2024
ORD-10488,30-12-2024,02-01-2025,Standard,CUST-1326,Consumer,India,Kolkata,West Bengal,East,Office Supplies,Binders,Envelope Pack,1,0,24.02,3.44,0.143213988,2024-12,2024
ORD-11118,13-01-2024,15-01-2024,Same Day,CUST-1306,Consumer,India,Nagpur,Maharashtra,Central,Office Supplies,Stationery,Printer Paper,1,0.05,33.27,4.82,0.144875263,2024-01,2024
ORD-10068,07-08-2025,11-08-2025,Standard,CUST-1038,Corporate,India,Delhi,Delhi,North,Furniture,Storage,Conference Table,2,0.2,350.28,12.31,0.035143314,2025-08,2025
ORD-10968,16-01-2024,21-01-2024,Standard,CUST-1007,Corporate,India,Nagpur,Maharashtra,Central,Office Supplies,Stationery,Envelope Pack,2,0.1,127.55,8.2,0.064288514,2024-01,2024
ORD-11588,16-06-2024,19-06-2024,Second Class,CUST-1323,Consumer,India,Bengaluru,Karnataka,South,Furniture,Storage,Reception Desk,4,0,212.13,31,0.146136803,2024-06,2024
ORD-11244,18-08-2024,21-08-2024,First Class,CUST-1395,Consumer,India,Pune,Maharashtra,West,Furniture,Office Furniture,Filing Cabinet,3,0.2,1115.34,-21.02,-0.018846271,2024-08,2024
ORD-11992,29-12-2023,01-01-2024,Standard,CUST-1318,Corporate,India,Kolkata,West Bengal,East,Technology,Computers,Smartphone,3,0,1163.29,253.41,0.21783906,2023-12,2023
ORD-12196,30-06-2023,03-07-2023,Standard,CUST-1241,Consumer,India,Kolkata,West Bengal,East,Office Supplies,Binders,Envelope Pack,2,0,65.7,10.67,0.162404871,2023-06,2023
ORD-11860,26-01-2025,28-01-2025,First Class,CUST-1406,Consumer,India,Chennai,Tamil Nadu,South,Technology,Printers,Laser Printer,4,0.1,914.91,75.29,0.082292247,2025-01,2025
ORD-10386,15-01-2023,18-01-2023,Same Day,CUST-1373,Consumer,India,Jaipur,Rajasthan,North,Office Supplies,Binders,Desk Organizer,3,0.05,684.38,153.35,0.224071422,2023-01,2023
ORD-10461,19-11-2025,21-11-2025,Standard,CUST-1313,Corporate,India,Ahmedabad,Gujarat,West,Furniture,Office Furniture,Standing Desk,3,0.3,495.55,-14.99,-0.030249218,2025-11,2025
ORD-10095,30-04-2024,05-05-2024,Same Day,CUST-1545,Consumer,India,Kolkata,West Bengal,East,Technology,Accessories,Monitor,1,0,567.9,113.75,0.200299348,2024-04,2024
ORD-11417,15-09-2025,17-09-2025,Standard,CUST-1127,Consumer,India,Mumbai,Maharashtra,West,Technology,Printers,Wireless Headset,4,0.2,1347.99,96.03,0.071239401,2025-09,2025
ORD-12297,19-04-2024,22-04-2024,Standard,CUST-1000,Consumer,India,Bengaluru,Karnataka,South,Furniture,Storage,Filing Cabinet,3,0.3,160.94,-10.66,-0.066235864,2024-04,2024
ORD-11058,13-10-2024,16-10-2024,Standard,CUST-1108,Consumer,India,Kolkata,West Bengal,East,Office Supplies,Writing,File Binder,2,0.05,279.29,37.91,0.135737048,2024-10,2024
ORD-10174,02-10-2023,03-10-2023,Second Class,CUST-1265,Corporate,India,Kolkata,West Bengal,East,Furniture,Office Furniture,Standing Desk,1,0.3,309.22,-26.57,-0.085925878,2023-10,2023
ORD-11910,18-11-2023,19-11-2023,Standard,CUST-1533,Corporate,India,Lucknow,Uttar Pradesh,North,Technology,Accessories,Smartphone,2,0.1,1474.29,152.32,0.103317529,2023-11,2023
ORD-10738,11-04-2023,14-04-2023,Standard,CUST-1331,Consumer,India,Nagpur,Maharashtra,Central,Furniture,Tables,Office Chair,3,0.1,760.4,52.12,0.068542872,2023-04,2023
ORD-12411,03-09-2025,07-09-2025,Standard,CUST-1423,Consumer,India,Mumbai,Maharashtra,West,Office Supplies,Stationery,Desk Organizer,3,0,228.29,52.34,0.229269788,2025-09,2025
ORD-10818,01-03-2023,04-03-2023,Standard,CUST-1285,Corporate,India,Lucknow,Uttar Pradesh,North,Office Supplies,Binders,Notebook,1,0.2,99.95,3.07,0.030715358,2023-03,2023
ORD-11153,01-05-2023,04-05-2023,Standard,CUST-1589,Consumer,India,Kolkata,West Bengal,East,Technology,Computers,Laser Printer,4,0.05,1374.22,230.62,0.167818835,2023-05,2023
ORD-11537,07-06-2025,08-06-2025,Standard,CUST-1174,Consumer,India,Ahmedabad,Gujarat,West,Furniture,Storage,Bookshelf,2,0.1,921.75,79.73,0.086498508,2025-06,2025
ORD-12205,17-08-2025,19-08-2025,Standard,CUST-1532,Home Office,India,Mumbai,Maharashtra,West,Technology,Accessories,Monitor,2,0,506.23,75.12,0.148391048,2025-08,2025
ORD-10565,14-12-2023,16-12-2023,Standard,CUST-1570,Consumer,India,Chennai,Tamil Nadu,South,Technology,Accessories,Monitor,2,0.2,927.6,67.63,0.072908581,2023-12,2023
ORD-10540,07-06-2024,10-06-2024,Standard,CUST-1564,Consumer,India,Hyderabad,Telangana,South,Furniture,Office Furniture,Executive Chair,4,0.05,1550.53,122.79,0.079192276,2024-06,2024
ORD-10179,08-11-2025,10-11-2025,Standard,CUST-1255,Consumer,India,Kolkata,West Bengal,East,Technology,Computers,Wireless Headset,2,0.15,523.64,63.59,0.121438393,2025-11,2025
ORD-12135,20-01-2023,22-01-2023,Standard,CUST-1455,Consumer,India,Kolkata,West Bengal,East,Technology,Accessories,Smartphone,4,0.3,952.75,-51.79,-0.054358436,2023-01,2023
ORD-10006,09-11-2025,11-11-2025,Standard,CUST-1419,Consumer,India,Jaipur,Rajasthan,North,Office Supplies,Stationery,Notebook,2,0.15,113.5,12.06,0.106255507,2025-11,2025
ORD-11239,28-08-2023,30-08-2023,Standard,CUST-1197,Consumer,India,Nagpur,Maharashtra,Central,Technology,Computers,Monitor,4,0.05,2005.1,242.4,0.120891726,2023-08,2023
ORD-11676,14-06-2025,15-06-2025,Second Class,CUST-1168,Corporate,India,Nagpur,Maharashtra,Central,Furniture,Tables,Standing Desk,2,0.2,694.36,-15.68,-0.022581946,2025-06,2025
ORD-11206,22-04-2024,23-04-2024,Standard,CUST-1012,Consumer,India,Jaipur,Rajasthan,North,Technology,Printers,Smartphone,5,0.1,931.56,131.58,0.141246941,2024-04,2024
ORD-10557,29-03-2023,31-03-2023,Second Class,CUST-1507,Consumer,India,Lucknow,Uttar Pradesh,North,Technology,Accessories,Mechanical Keyboard,3,0.2,1874.81,132.84,0.07085518,2023-03,2023
ORD-10570,09-06-2024,13-06-2024,Second Class,CUST-1249,Corporate,India,Bengaluru,Karnataka,South,Technology,Printers,Mechanical Keyboard,3,0.3,656.02,-0.92,-0.001402396,2024-06,2024
ORD-10741,15-12-2024,16-12-2024,Second Class,CUST-1375,Consumer,India,Ahmedabad,Gujarat,West,Technology,Accessories,Tablet,2,0.2,512.47,34.83,0.067964954,2024-12,2024
ORD-11622,25-01-2024,28-01-2024,First Class,CUST-1199,Consumer,India,Bengaluru,Karnataka,South,Technology,Printers,USB-C Hub,5,0,1084.14,216.69,0.19987271,2024-01,2024
ORD-10997,21-01-2023,25-01-2023,First Class,CUST-1552,Corporate,India,Hyderabad,Telangana,South,Technology,Phones,Monitor,3,0.15,2013.56,300.85,0.149411987,2023-01,2023
ORD-12340,09-10-2023,11-10-2023,Standard,CUST-1094,Corporate,India,Kolkata,West Bengal,East,Technology,Printers,Monitor,4,0,2744.09,612.19,0.223093995,2023-10,2023
ORD-11925,25-01-2023,29-01-2023,Standard,CUST-1225,Corporate,India,Ahmedabad,Gujarat,West,Technology,Phones,Smartphone,1,0,250.7,52.36,0.208855205,2023-01,2023
ORD-11462,28-07-2024,30-07-2024,Second Class,CUST-1172,Consumer,India,Mumbai,Maharashtra,West,Technology,Printers,USB-C Hub,2,0.2,416.18,18.77,0.045100678,2024-07,2024
ORD-10597,13-05-2023,17-05-2023,First Class,CUST-1169,Consumer,India,Kolkata,West Bengal,East,Technology,Printers,Business Laptop,1,0.05,75.17,14.62,0.194492484,2023-05,2023
ORD-12390,06-10-2024,08-10-2024,Second Class,CUST-1149,Consumer,India,Chennai,Tamil Nadu,South,Technology,Computers,Laser Printer,3,0,857.33,213.39,0.248900657,2024-10,2024
ORD-10216,02-08-2024,05-08-2024,Second Class,CUST-1200,Consumer,India,Bhopal,Madhya Pradesh,Central,Technology,Computers,Mechanical Keyboard,2,0.05,918.52,197,0.214475461,2024-08,2024
ORD-11532,11-01-2024,14-01-2024,Standard,CUST-1575,Corporate,India,Bhopal,Madhya Pradesh,Central,Furniture,Office Furniture,Bookshelf,5,0.05,1187.21,167.42,0.141019702,2024-01,2024
ORD-10496,04-05-2025,07-05-2025,Standard,CUST-1581,Corporate,India,Kolkata,West Bengal,East,Technology,Phones,Mechanical Keyboard,3,0.2,1336.56,42.64,0.031902795,2025-05,2025
ORD-10595,19-05-2024,22-05-2024,Standard,CUST-1086,Consumer,India,Nagpur,Maharashtra,Central,Furniture,Storage,Office Chair,1,0.2,83.87,2.58,0.030761893,2024-05,2024
ORD-11555,05-09-2025,08-09-2025,Same Day,CUST-1316,Consumer,India,Delhi,Delhi,North,Technology,Printers,USB-C Hub,2,0.05,1221.67,164.06,0.134291584,2025-09,2025
ORD-11986,18-01-2025,20-01-2025,Same Day,CUST-1264,Corporate,India,Ahmedabad,Gujarat,West,Furniture,Tables,Filing Cabinet,1,0.1,57.57,0.28,0.004863644,2025-01,2025
ORD-11069,15-11-2025,18-11-2025,Standard,CUST-1406,Home Office,India,Delhi,Delhi,North,Furniture,Tables,Executive Chair,1,0.3,103.29,-11.66,-0.112886049,2025-11,2025
ORD-12337,21-08-2024,24-08-2024,Standard,CUST-1446,Consumer,India,Lucknow,Uttar Pradesh,North,Office Supplies,Stationery,Envelope Pack,2,0,153.38,17.05,0.11116182,2024-08,2024
ORD-12417,28-07-2023,31-07-2023,Second Class,CUST-1357,Consumer,India,Jaipur,Rajasthan,North,Furniture,Tables,Conference Table,4,0,1267.81,206.13,0.162587454,2023-07,2023
ORD-12407,05-12-2024,07-12-2024,First Class,CUST-1393,Home Office,India,Mumbai,Maharashtra,West,Office Supplies,Paper,Sticky Notes,1,0,58.47,9.74,0.166581153,2024-12,2024
ORD-10400,14-09-2024,15-09-2024,Standard,CUST-1513,Corporate,India,Kolkata,West Bengal,East,Furniture,Chairs,Conference Table,4,0,342.39,45.49,0.132860189,2024-09,2024
ORD-10299,31-12-2023,04-01-2024,Standard,CUST-1061,Home Office,India,Lucknow,Uttar Pradesh,North,Technology,Phones,Laser Printer,3,0.1,215.18,25.71,0.119481364,2023-12,2023
ORD-12115,07-02-2024,10-02-2024,Standard,CUST-1566,Consumer,India,Lucknow,Uttar Pradesh,North,Furniture,Storage,Executive Chair,4,0.15,1143.25,101.97,0.08919309,2024-02,2024
ORD-10580,13-05-2023,16-05-2023,First Class,CUST-1201,Corporate,India,Bhopal,Madhya Pradesh,Central,Furniture,Tables,Standing Desk,2,0.3,263.07,-6.2,-0.023567872,2023-05,2023
ORD-11091,05-01-2024,07-01-2024,Standard,CUST-1352,Consumer,India,Mumbai,Maharashtra,West,Furniture,Office Furniture,Reception Desk,4,0.15,514.06,26.49,0.05153095,2024-01,2024
ORD-12426,12-07-2024,15-07-2024,Second Class,CUST-1464,Home Office,India,Pune,Maharashtra,West,Furniture,Chairs,Executive Chair,4,0.2,988.18,-3.99,-0.004037726,2024-07,2024
ORD-10135,06-03-2023,07-03-2023,First Class,CUST-1431,Consumer,India,Bhopal,Madhya Pradesh,Central,Technology,Computers,Mechanical Keyboard,3,0.1,1507.69,321.3,0.213107469,2023-03,2023
ORD-10717,29-05-2024,31-05-2024,Second Class,CUST-1397,Corporate,India,Kolkata,West Bengal,East,Technology,Computers,Smartphone,3,0.3,1244.83,85.51,0.068692111,2024-05,2024
ORD-11482,04-10-2024,06-10-2024,Standard,CUST-1287,Home Office,India,Delhi,Delhi,North,Technology,Accessories,Monitor,2,0,1291.77,270.08,0.209077467,2024-10,2024
ORD-12443,24-09-2025,27-09-2025,Standard,CUST-1010,Consumer,India,Ahmedabad,Gujarat,West,Office Supplies,Stationery,Desk Organizer,3,0.2,73.67,3.56,0.048323605,2025-09,2025
ORD-10666,31-12-2024,03-01-2025,Standard,CUST-1379,Home Office,India,Delhi,Delhi,North,Furniture,Storage,Bookshelf,3,0,540.76,69.88,0.129225534,2024-12,2024
ORD-11851,04-10-2023,06-10-2023,Standard,CUST-1525,Consumer,India,Mumbai,Maharashtra,West,Technology,Computers,Wireless Headset,2,0.05,217.81,34.78,0.159680455,2023-10,2023
ORD-10954,06-10-2023,08-10-2023,Standard,CUST-1014,Consumer,India,Hyderabad,Telangana,South,Technology,Accessories,Monitor,1,0.1,193.22,28.38,0.146879205,2023-10,2023
ORD-12430,16-09-2023,18-09-2023,Second Class,CUST-1390,Corporate,India,Kolkata,West Bengal,East,Technology,Phones,USB-C Hub,5,0.15,650.53,50.95,0.078320754,2023-09,2023
ORD-11656,16-01-2023,18-01-2023,Standard,CUST-1317,Consumer,India,Chennai,Tamil Nadu,South,Furniture,Chairs,Bookshelf,1,0.3,172.24,-15.86,-0.092080817,2023-01,2023
ORD-11487,07-12-2025,11-12-2025,Standard,CUST-1276,Corporate,India,Bengaluru,Karnataka,South,Office Supplies,Writing,File Binder,2,0.1,1015.99,132.44,0.130355614,2025-12,2025
ORD-11124,26-04-2025,29-04-2025,Standard,CUST-1247,Consumer,India,Ahmedabad,Gujarat,West,Furniture,Tables,Standing Desk,1,0.05,122.58,15.44,0.125958558,2025-04,2025
ORD-10692,02-12-2024,03-12-2024,Standard,CUST-1179,Consumer,India,Chennai,Tamil Nadu,South,Technology,Printers,Monitor,2,0.05,1229.97,164.93,0.134092701,2024-12,2024
ORD-11605,23-08-2023,27-08-2023,Standard,CUST-1592,Corporate,India,Chennai,Tamil Nadu,South,Technology,Accessories,Mechanical Keyboard,4,0,479.27,128.46,0.268032633,2023-08,2023
ORD-11093,25-04-2023,27-04-2023,First Class,CUST-1443,Corporate,India,Kolkata,West Bengal,East,Technology,Printers,Tablet,2,0,312.04,78.77,0.252435585,2023-04,2023
ORD-11204,16-06-2025,19-06-2025,Standard,CUST-1056,Home Office,India,Hyderabad,Telangana,South,Technology,Printers,Mechanical Keyboard,2,0.2,771.44,14.88,0.019288603,2025-06,2025
ORD-11687,03-09-2023,07-09-2023,Standard,CUST-1024,Home Office,India,Kolkata,West Bengal,East,Technology,Computers,USB-C Hub,1,0,367.33,79.34,0.215991071,2023-09,2023
ORD-11998,02-02-2025,03-02-2025,Second Class,CUST-1203,Consumer,India,Hyderabad,Telangana,South,Office Supplies,Writing,Desk Organizer,2,0,278.81,50.8,0.182202934,2025-02,2025
ORD-10066,09-10-2023,12-10-2023,Standard,CUST-1335,Consumer,India,Pune,Maharashtra,West,Furniture,Storage,Executive Chair,1,0.2,136.86,0.61,0.004457109,2023-10,2023
ORD-10722,24-08-2025,25-08-2025,Second Class,CUST-1175,Consumer,India,Ahmedabad,Gujarat,West,Furniture,Storage,Reception Desk,2,0,442.64,81.8,0.184800289,2025-08,2025
ORD-11368,01-03-2024,03-03-2024,Standard,CUST-1459,Consumer,India,Mumbai,Maharashtra,West,Office Supplies,Binders,Printer Paper,1,0.1,63.25,6.38,0.100869565,2024-03,2024
ORD-11990,06-11-2023,09-11-2023,Standard,CUST-1132,Consumer,India,Nagpur,Maharashtra,Central,Office Supplies,Writing,Envelope Pack,3,0.1,256.42,11.53,0.044965291,2023-11,2023
ORD-10970,26-04-2024,29-04-2024,Standard,CUST-1426,Corporate,India,Jaipur,Rajasthan,North,Technology,Computers,Business Laptop,4,0.2,2324.23,141.99,0.0610912,2024-04,2024
ORD-10302,21-12-2024,23-12-2024,Second Class,CUST-1012,Consumer,India,Mumbai,Maharashtra,West,Furniture,Office Furniture,Bookshelf,1,0.05,161.29,13.58,0.084196168,2024-12,2024
ORD-12078,09-06-2023,12-06-2023,Second Class,CUST-1408,Consumer,India,Chennai,Tamil Nadu,South,Technology,Printers,Business Laptop,1,0.05,324.31,50.98,0.157195276,2023-06,2023
ORD-12051,10-11-2025,12-11-2025,Standard,CUST-1300,Corporate,India,Bengaluru,Karnataka,South,Office Supplies,Writing,Notebook,2,0.15,50.87,3.17,0.062315707,2025-11,2025
ORD-12312,23-05-2024,27-05-2024,Standard,CUST-1064,Consumer,India,Bhopal,Madhya Pradesh,Central,Technology,Phones,USB-C Hub,2,0.05,1601.54,330.84,0.20657617,2024-05,2024
ORD-11324,13-01-2024,14-01-2024,First Class,CUST-1238,Corporate,India,Pune,Maharashtra,West,Technology,Computers,Business Laptop,3,0.1,656.85,70.88,0.107908959,2024-01,2024
ORD-12212,06-01-2023,10-01-2023,Standard,CUST-1011,Consumer,India,Bhopal,Madhya Pradesh,Central,Furniture,Chairs,Reception Desk,2,0.3,226.39,-12.91,-0.057025487,2023-01,2023
ORD-10521,27-05-2025,29-05-2025,Standard,CUST-1208,Consumer,India,Mumbai,Maharashtra,West,Technology,Computers,Business Laptop,3,0.15,463.17,48.47,0.104648401,2025-05,2025
ORD-10555,18-11-2025,21-11-2025,Second Class,CUST-1203,Consumer,India,Mumbai,Maharashtra,West,Furniture,Tables,Bookshelf,5,0.1,666.61,48.47,0.07271118,2025-11,2025
ORD-10578,05-06-2023,07-06-2023,Standard,CUST-1303,Home Office,India,Bengaluru,Karnataka,South,Technology,Computers,Tablet,2,0.15,1504.72,206.74,0.137394333,2023-06,2023
ORD-11169,09-08-2023,11-08-2023,Standard,CUST-1474,Consumer,India,Bengaluru,Karnataka,South,Technology,Accessories,Laser Printer,1,0,386.49,76.76,0.198607985,2023-08,2023
ORD-11885,03-08-2025,06-08-2025,Standard,CUST-1158,Consumer,India,Mumbai,Maharashtra,West,Furniture,Chairs,Office Chair,3,0,1230.43,173.26,0.140812561,2025-08,2025
ORD-11309,17-01-2025,18-01-2025,Standard,CUST-1208,Corporate,India,Lucknow,Uttar Pradesh,North,Furniture,Office Furniture,Office Chair,1,0.15,70.16,-0.49,-0.006984036,2025-01,2025
ORD-10407,30-10-2025,01-11-2025,Standard,CUST-1067,Consumer,India,Delhi,Delhi,North,Office Supplies,Stationery,Desk Organizer,1,0.1,47.22,4.74,0.100381194,2025-10,2025
ORD-10846,15-03-2023,17-03-2023,Standard,CUST-1060,Corporate,India,Bengaluru,Karnataka,South,Technology,Computers,Business Laptop,5,0,3399.64,692.15,0.203595087,2023-03,2023
ORD-10061,28-03-2025,29-03-2025,Standard,CUST-1356,Home Office,India,Delhi,Delhi,North,Technology,Accessories,Smartphone,2,0.2,698.44,47.7,0.068295058,2025-03,2025
ORD-12426,21-12-2025,25-12-2025,Standard,CUST-1336,Consumer,India,Ahmedabad,Gujarat,West,Office Supplies,Binders,File Binder,2,0.05,96.79,18.17,0.187726005,2025-12,2025
ORD-11040,22-06-2023,27-06-2023,Same Day,CUST-1343,Consumer,India,Bhopal,Madhya Pradesh,Central,Office Supplies,Writing,Envelope Pack,2,0.2,341.27,18.78,0.055029742,2023-06,2023
ORD-12123,23-10-2023,25-10-2023,First Class,CUST-1391,Corporate,India,Pune,Maharashtra,West,Technology,Computers,Smartphone,3,0.05,332.24,60.23,0.181284614,2023-10,2023
ORD-11922,08-05-2024,10-05-2024,Same Day,CUST-1035,Consumer,India,Lucknow,Uttar Pradesh,North,Furniture,Office Furniture,Executive Chair,5,0.1,863.71,64.45,0.074619953,2024-05,2024
ORD-11399,11-05-2024,14-05-2024,First Class,CUST-1020,Corporate,India,Bengaluru,Karnataka,South,Technology,Accessories,Business Laptop,2,0,294.7,74.87,0.254054971,2024-05,2024
ORD-10973,11-09-2024,12-09-2024,Standard,CUST-1223,Consumer,India,Ahmedabad,Gujarat,West,Furniture,Tables,Reception Desk,2,0.1,438.07,48.36,0.110393316,2024-09,2024
ORD-12464,24-06-2023,26-06-2023,Standard,CUST-1494,Consumer,India,Nagpur,Maharashtra,Central,Office Supplies,Paper,Ball Pen Set,4,0,805.73,76.74,0.095242823,2023-06,2023
ORD-10868,19-09-2024,22-09-2024,Standard,CUST-1177,Consumer,India,Hyderabad,Telangana,South,Office Supplies,Paper,Desk Organizer,2,0,244.2,24.29,0.099467649,2024-09,2024
ORD-11787,26-10-2025,28-10-2025,First Class,CUST-1377,Corporate,India,Chennai,Tamil Nadu,South,Technology,Printers,Business Laptop,2,0,992.43,229.83,0.231583084,2025-10,2025
ORD-11508,26-09-2025,28-09-2025,Second Class,CUST-1214,Consumer,India,Delhi,Delhi,North,Technology,Printers,Laser Printer,2,0.15,821.73,107.49,0.13080939,2025-09,2025
ORD-10382,25-11-2023,27-11-2023,First Class,CUST-1510,Consumer,India,Lucknow,Uttar Pradesh,North,Furniture,Office Furniture,Standing Desk,3,0.2,1017.75,-39.66,-0.038968312,2023-11,2023
ORD-11675,28-11-2023,30-11-2023,Standard,CUST-1392,Corporate,India,Lucknow,Uttar Pradesh,North,Technology,Accessories,Smartphone,2,0.3,645.55,-26.89,-0.041654403,2023-11,2023
ORD-10326,03-02-2024,07-02-2024,Same Day,CUST-1146,Corporate,India,Nagpur,Maharashtra,Central,Technology,Accessories,USB-C Hub,1,0,163.46,39.43,0.241221094,2024-02,2024
ORD-11396,29-07-2023,01-08-2023,Standard,CUST-1104,Corporate,India,Nagpur,Maharashtra,Central,Office Supplies,Paper,File Binder,2,0.1,191.11,21.18,0.110826226,2023-07,2023
ORD-10062,16-11-2025,17-11-2025,Second Class,CUST-1260,Corporate,India,Pune,Maharashtra,West,Technology,Phones,Business Laptop,1,0.2,864.17,57.35,0.066364257,2025-11,2025
ORD-11578,27-04-2024,01-05-2024,Standard,CUST-1497,Consumer,India,Delhi,Delhi,North,Office Supplies,Writing,File Binder,2,0.1,74.76,5.6,0.074906367,2024-04,2024
ORD-10607,16-12-2025,17-12-2025,First Class,CUST-1078,Consumer,India,Hyderabad,Telangana,South,Office Supplies,Stationery,Ball Pen Set,4,0.05,300.3,36.82,0.122610723,2025-12,2025
ORD-11614,15-12-2023,18-12-2023,First Class,CUST-1055,Consumer,India,Pune,Maharashtra,West,Furniture,Office Furniture,Reception Desk,2,0.15,1033.32,41.1,0.039774707,2023-12,2023
ORD-11641,11-10-2023,13-10-2023,First Class,CUST-1173,Consumer,India,Lucknow,Uttar Pradesh,North,Office Supplies,Paper,File Binder,2,0.2,254.9,15.57,0.061082778,2023-10,2023
ORD-11445,15-05-2024,18-05-2024,Second Class,CUST-1590,Consumer,India,Mumbai,Maharashtra,West,Office Supplies,Paper,Printer Paper,1,0.2,228.5,10.74,0.047002188,2024-05,2024
ORD-10106,29-05-2023,30-05-2023,First Class,CUST-1295,Consumer,India,Hyderabad,Telangana,South,Furniture,Chairs,Reception Desk,3,0.3,238.49,-18.17,-0.076187681,2023-05,2023
ORD-12151,09-05-2025,11-05-2025,Standard,CUST-1464,Corporate,India,Lucknow,Uttar Pradesh,North,Furniture,Tables,Standing Desk,1,0.1,478.32,17.32,0.036210069,2025-05,2025
ORD-10410,03-02-2023,06-02-2023,First Class,CUST-1333,Corporate,India,Bhopal,Madhya Pradesh,Central,Office Supplies,Stationery,Ball Pen Set,4,0.15,205.92,8.47,0.041132479,2023-02,2023
ORD-12292,11-10-2023,14-10-2023,Standard,CUST-1587,Corporate,India,Kolkata,West Bengal,East,Office Supplies,Paper,Notebook,4,0.1,210.85,33.48,0.158785867,2023-10,2023
ORD-10993,02-05-2023,06-05-2023,Standard,CUST-1248,Consumer,India,Kolkata,West Bengal,East,Technology,Computers,Business Laptop,1,0,394.63,75.19,0.190532904,2023-05,2023
ORD-12401,19-03-2023,20-03-2023,Standard,CUST-1226,Consumer,India,Nagpur,Maharashtra,Central,Technology,Accessories,Tablet,4,0.1,2928.96,545.61,0.186281137,2023-03,2023
ORD-10079,14-09-2024,17-09-2024,Same Day,CUST-1472,Corporate,India,Bengaluru,Karnataka,South,Office Supplies,Stationery,File Binder,4,0.2,276.06,15.96,0.057813519,2024-09,2024
ORD-11841,28-11-2025,02-12-2025,First Class,CUST-1033,Consumer,India,Pune,Maharashtra,West,Furniture,Office Furniture,Filing Cabinet,1,0,172.24,17.27,0.100267069,2025-11,2025
ORD-11331,21-01-2024,24-01-2024,First Class,CUST-1296,Consumer,India,Lucknow,Uttar Pradesh,North,Office Supplies,Binders,Envelope Pack,2,0.2,317.48,2.28,0.007181555,2024-01,2024
ORD-10058,07-05-2024,10-05-2024,Standard,CUST-1074,Consumer,India,Nagpur,Maharashtra,Central,Office Supplies,Writing,Notebook,3,0.05,103.28,15.54,0.150464756,2024-05,2024
ORD-10347,21-01-2024,25-01-2024,Standard,CUST-1422,Consumer,India,Bhopal,Madhya Pradesh,Central,Office Supplies,Binders,File Binder,2,0.1,81.61,9.39,0.115059429,2024-01,2024
ORD-10028,24-11-2024,28-11-2024,Standard,CUST-1041,Consumer,India,Bengaluru,Karnataka,South,Office Supplies,Stationery,Ball Pen Set,1,0.05,65.53,12.04,0.183732642,2024-11,2024
ORD-10594,23-08-2025,24-08-2025,Standard,CUST-1013,Home Office,India,Pune,Maharashtra,West,Office Supplies,Stationery,Printer Paper,2,0,57.03,7.45,0.130633,2025-08,2025
ORD-10567,05-09-2024,08-09-2024,Second Class,CUST-1245,Home Office,India,Nagpur,Maharashtra,Central,Office Supplies,Stationery,Printer Paper,5,0,384.91,37.25,0.09677587,2024-09,2024
ORD-12015,07-02-2023,09-02-2023,Same Day,CUST-1405,Corporate,India,Hyderabad,Telangana,South,Office Supplies,Writing,Notebook,3,0.1,113.29,15.73,0.138847206,2023-02,2023
ORD-12155,22-01-2025,27-01-2025,Standard,CUST-1080,Home Office,India,Bhopal,Madhya Pradesh,Central,Furniture,Office Furniture,Office Chair,2,0.1,523.26,40.65,0.077686045,2025-01,2025
ORD-11401,16-11-2024,19-11-2024,Standard,CUST-1151,Consumer,India,Lucknow,Uttar Pradesh,North,Office Supplies,Binders,Desk Organizer,4,0.1,541.93,55.2,0.101858174,2024-11,2024
ORD-12316,12-09-2024,14-09-2024,Second Class,CUST-1271,Consumer,India,Pune,Maharashtra,West,Office Supplies,Binders,Printer Paper,1,0.1,205.92,27.62,0.134129759,2024-09,2024
ORD-10257,09-11-2025,12-11-2025,Second Class,CUST-1224,Corporate,India,Lucknow,Uttar Pradesh,North,Office Supplies,Binders,Sticky Notes,2,0,125.83,15.27,0.121354208,2025-11,2025
ORD-12227,13-02-2024,15-02-2024,Standard,CUST-1282,Consumer,India,Mumbai,Maharashtra,West,Furniture,Storage,Standing Desk,3,0.05,239.18,32.28,0.134961117,2024-02,2024
ORD-11128,22-03-2024,25-03-2024,Second Class,CUST-1022,Home Office,India,Chennai,Tamil Nadu,South,Technology,Phones,Smartphone,5,0,2956.1,486.73,0.164652752,2024-03,2024
ORD-11499,11-07-2024,13-07-2024,Standard,CUST-1423,Consumer,India,Jaipur,Rajasthan,North,Technology,Accessories,Tablet,1,0,303.53,51.77,0.170559747,2024-07,2024
ORD-10721,16-11-2025,21-11-2025,First Class,CUST-1582,Consumer,India,Kolkata,West Bengal,East,Furniture,Tables,Conference Table,2,0.15,467.33,33.11,0.070849293,2025-11,2025
ORD-10908,10-02-2023,11-02-2023,Second Class,CUST-1171,Corporate,India,Bhopal,Madhya Pradesh,Central,Technology,Computers,USB-C Hub,3,0.3,763.43,-9.64,-0.012627222,2023-02,2023
ORD-10027,10-05-2025,11-05-2025,First Class,CUST-1071,Home Office,India,Chennai,Tamil Nadu,South,Office Supplies,Writing,Ball Pen Set,2,0.1,141.3,8.32,0.058881812,2025-05,2025
ORD-11075,13-04-2024,15-04-2024,Standard,CUST-1176,Consumer,India,Pune,Maharashtra,West,Technology,Accessories,Business Laptop,4,0.1,842.74,149.17,0.177005957,2024-04,2024
ORD-10586,20-03-2023,22-03-2023,Standard,CUST-1377,Consumer,India,Jaipur,Rajasthan,North,Furniture,Tables,Office Chair,3,0,361.36,39.74,0.109973434,2023-03,2023
ORD-11384,14-04-2023,16-04-2023,Standard,CUST-1094,Consumer,India,Bhopal,Madhya Pradesh,Central,Furniture,Office Furniture,Reception Desk,4,0,423.13,48.69,0.115071018,2023-04,2023
ORD-11395,03-01-2024,06-01-2024,Second Class,CUST-1098,Home Office,India,Chennai,Tamil Nadu,South,Furniture,Office Furniture,Filing Cabinet,4,0.1,504.88,20.33,0.040266994,2024-01,2024
ORD-11180,22-04-2023,24-04-2023,Standard,CUST-1470,Consumer,India,Mumbai,Maharashtra,West,Technology,Accessories,USB-C Hub,3,0.3,878.53,-26.1,-0.029708718,2023-04,2023
ORD-12227,16-03-2025,19-03-2025,Standard,CUST-1107,Consumer,India,Kolkata,West Bengal,East,Technology,Phones,Smartphone,2,0.15,384.6,69.7,0.181227249,2025-03,2025
ORD-10658,20-10-2023,23-10-2023,Standard,CUST-1106,Home Office,India,Ahmedabad,Gujarat,West,Furniture,Storage,Standing Desk,2,0.05,316.14,30.3,0.095843614,2023-10,2023
ORD-12461,22-09-2023,24-09-2023,Second Class,CUST-1385,Consumer,India,Pune,Maharashtra,West,Office Supplies,Paper,Printer Paper,2,0.3,140.24,-5.91,-0.042142042,2023-09,2023
ORD-11668,15-12-2024,17-12-2024,Second Class,CUST-1441,Consumer,India,Kolkata,West Bengal,East,Technology,Phones,Tablet,5,0.15,2695.4,229.07,0.084985531,2024-12,2024
ORD-11952,22-05-2025,26-05-2025,Standard,CUST-1408,Corporate,India,Chennai,Tamil Nadu,South,Furniture,Office Furniture,Office Chair,2,0.3,121.29,-13.27,-0.109407206,2025-05,2025
ORD-11270,05-08-2023,08-08-2023,Standard,CUST-1564,Corporate,India,Bhopal,Madhya Pradesh,Central,Technology,Printers,Monitor,3,0.05,885.83,178.55,0.201562377,2023-08,2023
ORD-12385,25-11-2025,28-11-2025,First Class,CUST-1296,Corporate,India,Ahmedabad,Gujarat,West,Technology,Computers,Tablet,2,0.15,337.04,32.09,0.095211251,2025-11,2025
ORD-11268,17-12-2023,21-12-2023,Same Day,CUST-1107,Consumer,India,Nagpur,Maharashtra,Central,Technology,Printers,Smartphone,1,0.1,312.14,62.16,0.199141411,2023-12,2023
ORD-10755,02-02-2023,04-02-2023,Standard,CUST-1462,Home Office,India,Delhi,Delhi,North,Furniture,Chairs,Standing Desk,1,0,137.8,10.77,0.078156749,2023-02,2023
ORD-11629,22-04-2024,25-04-2024,Standard,CUST-1296,Consumer,India,Kolkata,West Bengal,East,Technology,Computers,Smartphone,5,0.15,811.88,38.24,0.047100557,2024-04,2024
ORD-10507,22-07-2024,25-07-2024,Standard,CUST-1167,Home Office,India,Delhi,Delhi,North,Office Supplies,Writing,Desk Organizer,2,0,466.59,91.12,0.195289226,2024-07,2024
ORD-10005,16-04-2025,19-04-2025,First Class,CUST-1091,Corporate,India,Nagpur,Maharashtra,Central,Technology,Computers,Monitor,4,0.15,765.85,108.55,0.141737938,2025-04,2025
ORD-10014,11-11-2024,13-11-2024,Standard,CUST-1532,Corporate,India,Jaipur,Rajasthan,North,Technology,Accessories,Tablet,2,0.1,678.05,113.29,0.167082074,2024-11,2024
ORD-10168,03-01-2024,04-01-2024,First Class,CUST-1585,Home Office,India,Bhopal,Madhya Pradesh,Central,Office Supplies,Stationery,File Binder,3,0,341.89,82.98,0.242709643,2024-01,2024
ORD-11066,30-01-2025,02-02-2025,Second Class,CUST-1597,Home Office,India,Hyderabad,Telangana,South,Furniture,Office Furniture,Office Chair,2,0.2,175.73,10.12,0.057588346,2025-01,2025
ORD-10931,10-04-2024,12-04-2024,Standard,CUST-1022,Home Office,India,Lucknow,Uttar Pradesh,North,Office Supplies,Binders,File Binder,2,0.05,175.14,15.77,0.090042252,2024-04,2024
ORD-12115,01-04-2023,04-04-2023,Standard,CUST-1516,Corporate,India,Jaipur,Rajasthan,North,Technology,Accessories,Laser Printer,2,0.2,1171.34,50.05,0.04272884,2023-04,2023
ORD-11082,03-05-2023,04-05-2023,Standard,CUST-1229,Home Office,India,Ahmedabad,Gujarat,West,Furniture,Storage,Filing Cabinet,2,0.05,50.12,4.98,0.099361532,2023-05,2023
ORD-11757,06-04-2023,08-04-2023,Second Class,CUST-1265,Consumer,India,Ahmedabad,Gujarat,West,Technology,Computers,Wireless Headset,5,0.2,470.69,44.89,0.095370626,2023-04,2023
ORD-11313,20-09-2025,22-09-2025,Standard,CUST-1530,Consumer,India,Kolkata,West Bengal,East,Technology,Computers,Business Laptop,2,0.3,1810.9,21.6,0.011927771,2025-09,2025
ORD-10760,31-08-2025,03-09-2025,Second Class,CUST-1499,Consumer,India,Nagpur,Maharashtra,Central,Office Supplies,Stationery,Printer Paper,2,0.1,132.64,13.53,0.102005428,2025-08,2025
ORD-12098,27-05-2023,30-05-2023,Second Class,CUST-1273,Consumer,India,Lucknow,Uttar Pradesh,North,Technology,Accessories,Wireless Headset,1,0.1,335.83,50.28,0.149718608,2023-05,2023
ORD-11512,14-05-2024,17-05-2024,Standard,CUST-1568,Consumer,India,Hyderabad,Telangana,South,Furniture,Storage,Standing Desk,3,0.2,2578.52,-77.38,-0.030009463,2024-05,2024
ORD-10846,02-01-2024,05-01-2024,Second Class,CUST-1072,Consumer,India,Chennai,Tamil Nadu,South,Furniture,Chairs,Standing Desk,2,0.05,419.37,25.86,0.061663924,2024-01,2024
ORD-10011,09-01-2023,12-01-2023,Second Class,CUST-1189,Consumer,India,Bengaluru,Karnataka,South,Office Supplies,Writing,File Binder,4,0.15,84.94,1.68,0.019778667,2023-01,2023
ORD-12488,09-10-2025,13-10-2025,Standard,CUST-1145,Home Office,India,Pune,Maharashtra,West,Technology,Printers,Monitor,2,0,350.46,83.5,0.238258289,2025-10,2025
ORD-11516,05-06-2025,07-06-2025,First Class,CUST-1338,Corporate,India,Hyderabad,Telangana,South,Technology,Accessories,USB-C Hub,5,0.2,1860.1,123.04,0.066146981,2025-06,2025
ORD-12126,02-04-2025,04-04-2025,Second Class,CUST-1392,Corporate,India,Ahmedabad,Gujarat,West,Technology,Computers,Tablet,3,0,702.92,134.6,0.19148694,2025-04,2025
ORD-11992,17-12-2024,21-12-2024,Standard,CUST-1070,Corporate,India,Bengaluru,Karnataka,South,Furniture,Tables,Executive Chair,2,0.1,418.58,24.7,0.059009031,2024-12,2024
ORD-10697,16-06-2025,19-06-2025,First Class,CUST-1418,Consumer,India,Ahmedabad,Gujarat,West,Furniture,Tables,Bookshelf,4,0.15,970.63,14.89,0.015340552,2025-06,2025
ORD-10042,02-11-2025,05-11-2025,Standard,CUST-1031,Consumer,India,Lucknow,Uttar Pradesh,North,Furniture,Office Furniture,Bookshelf,1,0.3,283.67,-29.51,-0.10402933,2025-11,2025
ORD-10831,12-07-2024,14-07-2024,Same Day,CUST-1371,Consumer,India,Lucknow,Uttar Pradesh,North,Furniture,Storage,Reception Desk,3,0,429.7,75.01,0.174563649,2024-07,2024
ORD-11335,11-12-2023,13-12-2023,Standard,CUST-1523,Corporate,India,Bhopal,Madhya Pradesh,Central,Technology,Computers,USB-C Hub,2,0,1052.49,173.84,0.165170215,2023-12,2023
ORD-10817,06-03-2024,09-03-2024,Same Day,CUST-1320,Consumer,India,Kolkata,West Bengal,East,Technology,Phones,Smartphone,2,0.05,881.12,173.04,0.196386417,2024-03,2024
ORD-10750,09-08-2023,11-08-2023,Second Class,CUST-1166,Consumer,India,Chennai,Tamil Nadu,South,Technology,Computers,Laser Printer,2,0.05,649.93,108.2,0.166479467,2023-08,2023
ORD-10716,06-09-2023,09-09-2023,Standard,CUST-1244,Consumer,India,Mumbai,Maharashtra,West,Technology,Printers,Laser Printer,2,0,245.22,70.86,0.288965011,2023-09,2023
ORD-11304,28-04-2023,01-05-2023,Standard,CUST-1453,Consumer,India,Ahmedabad,Gujarat,West,Technology,Printers,Business Laptop,1,0,313.38,73.03,0.23303976,2023-04,2023
ORD-11327,27-09-2025,02-10-2025,Standard,CUST-1346,Consumer,India,Chennai,Tamil Nadu,South,Technology,Computers,Business Laptop,2,0,882.92,147.92,0.167534998,2025-09,2025
ORD-11185,06-09-2024,10-09-2024,Standard,CUST-1365,Corporate,India,Delhi,Delhi,North,Technology,Printers,Laser Printer,1,0.05,231.99,38.08,0.164145006,2024-09,2024
ORD-10845,02-08-2025,03-08-2025,Standard,CUST-1081,Corporate,India,Ahmedabad,Gujarat,West,Furniture,Storage,Conference Table,4,0.3,476.96,-51.97,-0.108960919,2025-08,2025
ORD-11430,31-01-2025,02-02-2025,Standard,CUST-1143,Corporate,India,Bengaluru,Karnataka,South,Furniture,Tables,Executive Chair,2,0.15,163.66,4.3,0.026273983,2025-01,2025
ORD-11127,06-05-2025,10-05-2025,Standard,CUST-1311,Consumer,India,Chennai,Tamil Nadu,South,Furniture,Office Furniture,Conference Table,2,0.15,275.97,10.13,0.036706888,2025-05,2025
ORD-11916,05-12-2023,06-12-2023,Standard,CUST-1436,Consumer,India,Hyderabad,Telangana,South,Office Supplies,Stationery,Printer Paper,3,0.05,480.18,50.44,0.105043942,2023-12,2023
ORD-11861,14-06-2024,16-06-2024,Second Class,CUST-1376,Consumer,India,Chennai,Tamil Nadu,South,Furniture,Office Furniture,Filing Cabinet,2,0.1,538.19,57.76,0.107322693,2024-06,2024
ORD-12473,03-06-2023,05-06-2023,Standard,CUST-1531,Corporate,India,Hyderabad,Telangana,South,Office Supplies,Stationery,Desk Organizer,4,0.2,533.22,-1.29,-0.002419264,2023-06,2023
ORD-10575,15-02-2023,20-02-2023,Second Class,CUST-1572,Corporate,India,Lucknow,Uttar Pradesh,North,Furniture,Storage,Office Chair,1,0.2,103.98,4.69,0.045104828,2023-02,2023
ORD-10678,16-04-2025,19-04-2025,Standard,CUST-1159,Corporate,India,Nagpur,Maharashtra,Central,Furniture,Tables,Office Chair,1,0.1,361.49,40.72,0.112644886,2025-04,2025
ORD-12017,14-04-2025,17-04-2025,First Class,CUST-1191,Consumer,India,Hyderabad,Telangana,South,Furniture,Tables,Office Chair,3,0.15,1050.41,41,0.039032378,2025-04,2025
ORD-10941,30-05-2024,31-05-2024,Standard,CUST-1514,Corporate,India,Jaipur,Rajasthan,North,Office Supplies,Writing,Printer Paper,1,0,27.32,4.78,0.174963397,2024-05,2024
ORD-12261,11-06-2024,16-06-2024,Standard,CUST-1221,Corporate,India,Mumbai,Maharashtra,West,Furniture,Tables,Standing Desk,4,0.05,1548.99,146.41,0.094519655,2024-06,2024
ORD-10078,04-07-2025,05-07-2025,Second Class,CUST-1035,Home Office,India,Jaipur,Rajasthan,North,Furniture,Tables,Executive Chair,2,0,120.38,13.87,0.115218475,2025-07,2025
ORD-12105,04-11-2024,06-11-2024,First Class,CUST-1305,Consumer,India,Bengaluru,Karnataka,South,Technology,Printers,Business Laptop,1,0.2,377.4,11.1,0.029411765,2024-11,2024
ORD-12018,20-09-2025,24-09-2025,Standard,CUST-1147,Consumer,India,Pune,Maharashtra,West,Technology,Accessories,Mechanical Keyboard,5,0.05,825,132.14,0.160169697,2025-09,2025
ORD-12377,21-06-2023,24-06-2023,Standard,CUST-1032,Corporate,India,Bengaluru,Karnataka,South,Furniture,Chairs,Executive Chair,1,0.1,332.53,27.19,0.081767059,2023-06,2023
ORD-12164,26-05-2024,27-05-2024,First Class,CUST-1359,Corporate,India,Nagpur,Maharashtra,Central,Office Supplies,Binders,Envelope Pack,3,0.1,89.32,14.86,0.166368115,2024-05,2024
ORD-11165,23-12-2023,25-12-2023,Standard,CUST-1049,Corporate,India,Kolkata,West Bengal,East,Technology,Phones,Monitor,2,0,803.73,224.22,0.278974282,2023-12,2023
ORD-12102,31-10-2024,03-11-2024,Standard,CUST-1467,Consumer,India,Ahmedabad,Gujarat,West,Technology,Printers,Mechanical Keyboard,5,0.05,880.04,168.3,0.191241307,2024-10,2024
ORD-12378,28-02-2024,02-03-2024,Standard,CUST-1458,Home Office,India,Jaipur,Rajasthan,North,Furniture,Storage,Executive Chair,1,0.15,196.17,5.05,0.025742978,2024-02,2024
ORD-11664,19-11-2024,23-11-2024,Same Day,CUST-1330,Home Office,India,Bengaluru,Karnataka,South,Office Supplies,Binders,Ball Pen Set,2,0,185.37,20.73,0.111830393,2024-11,2024
ORD-10329,12-08-2025,14-08-2025,Standard,CUST-1539,Corporate,India,Nagpur,Maharashtra,Central,Technology,Computers,Laser Printer,3,0.3,374.71,-3.62,-0.009660804,2025-08,2025
ORD-11672,14-04-2024,16-04-2024,Second Class,CUST-1419,Corporate,India,Ahmedabad,Gujarat,West,Office Supplies,Binders,Printer Paper,2,0.1,156.81,17.16,0.109431796,2024-04,2024
ORD-10782,27-02-2025,03-03-2025,Standard,CUST-1007,Consumer,India,Bhopal,Madhya Pradesh,Central,Technology,Computers,Tablet,1,0.15,333.92,43.56,0.130450407,2025-02,2025
ORD-11642,13-02-2025,15-02-2025,Second Class,CUST-1334,Consumer,India,Nagpur,Maharashtra,Central,Office Supplies,Binders,Sticky Notes,3,0.05,267.13,26.93,0.100812339,2025-02,2025
ORD-11535,01-08-2024,04-08-2024,First Class,CUST-1540,Consumer,India,Ahmedabad,Gujarat,West,Office Supplies,Binders,File Binder,2,0.1,312.79,31.69,0.101313981,2024-08,2024
ORD-12194,13-01-2023,18-01-2023,Standard,CUST-1197,Home Office,India,Ahmedabad,Gujarat,West,Furniture,Storage,Bookshelf,2,0.1,180.98,13.13,0.072549453,2023-01,2023
ORD-10104,23-12-2024,25-12-2024,Second Class,CUST-1119,Home Office,India,Mumbai,Maharashtra,West,Office Supplies,Writing,Sticky Notes,2,0.3,466.12,-0.83,-0.001780657,2024-12,2024
ORD-11918,04-11-2024,06-11-2024,Standard,CUST-1495,Corporate,India,Pune,Maharashtra,West,Technology,Phones,Business Laptop,4,0.2,1229.53,156.33,0.127146145,2024-11,2024
ORD-10869,06-11-2024,08-11-2024,Standard,CUST-1502,Consumer,India,Hyderabad,Telangana,South,Technology,Computers,USB-C Hub,2,0,240.43,53.51,0.222559581,2024-11,2024
ORD-11230,07-08-2023,10-08-2023,Standard,CUST-1418,Home Office,India,Bengaluru,Karnataka,South,Technology,Printers,Wireless Headset,4,0.15,1059.83,97.66,0.092146854,2023-08,2023
ORD-11165,16-11-2024,19-11-2024,First Class,CUST-1252,Consumer,India,Kolkata,West Bengal,East,Technology,Computers,Laser Printer,1,0.15,421.78,58.9,0.139646261,2024-11,2024
ORD-12254,24-03-2025,26-03-2025,Standard,CUST-1482,Corporate,India,Nagpur,Maharashtra,Central,Furniture,Office Furniture,Bookshelf,1,0.3,174.24,-13.83,-0.079373278,2025-03,2025
ORD-10663,30-10-2024,02-11-2024,Second Class,CUST-1012,Corporate,India,Bengaluru,Karnataka,South,Furniture,Tables,Executive Chair,2,0.1,364.44,17.88,0.049061574,2024-10,2024
ORD-10389,04-04-2025,07-04-2025,Standard,CUST-1589,Home Office,India,Hyderabad,Telangana,South,Office Supplies,Paper,File Binder,3,0.3,543.53,11.87,0.021838721,2025-04,2025
ORD-10987,21-07-2024,24-07-2024,Standard,CUST-1150,Consumer,India,Bhopal,Madhya Pradesh,Central,Office Supplies,Writing,Desk Organizer,2,0.2,68.74,6.17,0.08975851,2024-07,2024
ORD-10171,16-09-2024,18-09-2024,Standard,CUST-1298,Consumer,India,Lucknow,Uttar Pradesh,North,Technology,Accessories,USB-C Hub,1,0,388.07,85.17,0.219470714,2024-09,2024
ORD-10167,16-02-2023,18-02-2023,Standard,CUST-1201,Home Office,India,Chennai,Tamil Nadu,South,Office Supplies,Binders,Sticky Notes,3,0.05,105.34,17.47,0.165843934,2023-02,2023
ORD-12291,27-03-2023,30-03-2023,Standard,CUST-1297,Corporate,India,Ahmedabad,Gujarat,West,Technology,Accessories,USB-C Hub,3,0.1,519.82,49.79,0.095783156,2023-03,2023
ORD-11593,24-09-2023,29-09-2023,Same Day,CUST-1366,Corporate,India,Jaipur,Rajasthan,North,Furniture,Storage,Standing Desk,4,0.3,2391.49,-83.2,-0.034790026,2023-09,2023
ORD-10689,27-03-2023,30-03-2023,Standard,CUST-1260,Consumer,India,Jaipur,Rajasthan,North,Office Supplies,Writing,File Binder,3,0.15,271.74,7.25,0.026679915,2023-03,2023
ORD-10527,13-11-2025,17-11-2025,First Class,CUST-1411,Corporate,India,Chennai,Tamil Nadu,South,Technology,Phones,Mechanical Keyboard,5,0,1339.29,271.08,0.202405752,2025-11,2025
ORD-11282,06-11-2023,07-11-2023,First Class,CUST-1222,Consumer,India,Kolkata,West Bengal,East,Furniture,Tables,Reception Desk,2,0.1,1280.58,49.43,0.038599697,2023-11,2023
ORD-10448,02-11-2023,03-11-2023,Second Class,CUST-1176,Consumer,India,Nagpur,Maharashtra,Central,Furniture,Office Furniture,Reception Desk,5,0.2,720.31,-41.78,-0.058002804,2023-11,2023
ORD-10037,12-01-2025,16-01-2025,Standard,CUST-1252,Consumer,India,Jaipur,Rajasthan,North,Furniture,Storage,Reception Desk,3,0.05,3155.22,314.26,0.099600028,2025-01,2025
ORD-10760,02-12-2025,07-12-2025,Same Day,CUST-1506,Corporate,India,Chennai,Tamil Nadu,South,Technology,Computers,Monitor,5,0.05,1439.56,286.22,0.198824641,2025-12,2025
ORD-11455,22-06-2025,24-06-2025,Standard,CUST-1437,Corporate,India,Chennai,Tamil Nadu,South,Technology,Phones,Wireless Headset,3,0,953.83,214.19,0.224557835,2025-06,2025
ORD-12349,08-02-2023,09-02-2023,Standard,CUST-1241,Consumer,India,Nagpur,Maharashtra,Central,Technology,Printers,Tablet,2,0.2,837.98,13.56,0.01618177,2023-02,2023
ORD-11790,01-12-2024,05-12-2024,Standard,CUST-1319,Consumer,India,Ahmedabad,Gujarat,West,Technology,Accessories,Laser Printer,3,0.1,255.81,41.93,0.163910715,2024-12,2024
ORD-10987,30-05-2025,01-06-2025,Standard,CUST-1560,Consumer,India,Hyderabad,Telangana,South,Technology,Computers,Laser Printer,3,0.05,326.61,64.92,0.198769174,2025-05,2025
ORD-12289,21-08-2024,22-08-2024,First Class,CUST-1368,Consumer,India,Hyderabad,Telangana,South,Furniture,Office Furniture,Executive Chair,3,0.15,329.66,15.04,0.045622763,2024-08,2024
ORD-11888,31-01-2023,02-02-2023,Standard,CUST-1316,Consumer,India,Hyderabad,Telangana,South,Technology,Phones,Smartphone,1,0.2,228.44,17.47,0.076475223,2023-01,2023
ORD-11714,29-10-2024,01-11-2024,Standard,CUST-1211,Home Office,India,Bengaluru,Karnataka,South,Technology,Accessories,Smartphone,2,0.2,401.34,12.29,0.030622415,2024-10,2024
ORD-10078,02-10-2024,03-10-2024,Second Class,CUST-1443,Corporate,India,Pune,Maharashtra,West,Furniture,Chairs,Filing Cabinet,1,0.15,178.83,8.64,0.048314041,2024-10,2024
ORD-11049,15-07-2025,20-07-2025,Standard,CUST-1240,Consumer,India,Nagpur,Maharashtra,Central,Technology,Computers,Tablet,1,0.05,280.86,38.73,0.137897885,2025-07,2025
ORD-12441,15-07-2024,18-07-2024,Standard,CUST-1272,Consumer,India,Bengaluru,Karnataka,South,Technology,Phones,Smartphone,1,0.2,327.23,30.37,0.092809339,2024-07,2024
ORD-10492,28-02-2025,03-03-2025,First Class,CUST-1094,Consumer,India,Chennai,Tamil Nadu,South,Technology,Printers,Mechanical Keyboard,5,0,1194.84,237.93,0.199131264,2025-02,2025
ORD-12084,03-02-2025,05-02-2025,Standard,CUST-1142,Corporate,India,Pune,Maharashtra,West,Furniture,Storage,Reception Desk,2,0,827.28,99.74,0.120563775,2025-02,2025
ORD-12376,19-08-2023,22-08-2023,Standard,CUST-1262,Consumer,India,Nagpur,Maharashtra,Central,Furniture,Office Furniture,Executive Chair,1,0.05,168.71,11.3,0.066978839,2023-08,2023
ORD-12371,29-12-2023,01-01-2024,Standard,CUST-1451,Corporate,India,Jaipur,Rajasthan,North,Technology,Accessories,Tablet,2,0.1,375.5,53.74,0.143115846,2023-12,2023
ORD-11909,13-07-2025,15-07-2025,Standard,CUST-1403,Home Office,India,Nagpur,Maharashtra,Central,Technology,Printers,Business Laptop,4,0.3,303.65,39.18,0.129030133,2025-07,2025
ORD-11500,06-02-2023,07-02-2023,Second Class,CUST-1078,Home Office,India,Delhi,Delhi,North,Technology,Phones,Smartphone,3,0.15,503.55,81.14,0.161135935,2023-02,2023
ORD-12331,09-03-2024,11-03-2024,Same Day,CUST-1166,Consumer,India,Bengaluru,Karnataka,South,Furniture,Storage,Office Chair,1,0.3,61.13,-5.45,-0.089154261,2024-03,2024
ORD-10155,27-06-2024,29-06-2024,Second Class,CUST-1582,Consumer,India,Bengaluru,Karnataka,South,Furniture,Chairs,Filing Cabinet,2,0,1186.08,130.22,0.109790233,2024-06,2024
ORD-11196,05-09-2024,08-09-2024,Standard,CUST-1221,Consumer,India,Nagpur,Maharashtra,Central,Technology,Printers,Laser Printer,3,0,964.63,217.38,0.225350653,2024-09,2024
ORD-11556,07-03-2025,10-03-2025,Standard,CUST-1277,Corporate,India,Ahmedabad,Gujarat,West,Furniture,Chairs,Executive Chair,2,0,377.08,56.1,0.148774796,2025-03,2025
ORD-10682,15-06-2025,20-06-2025,Standard,CUST-1278,Home Office,India,Hyderabad,Telangana,South,Technology,Accessories,Laser Printer,1,0.1,257.16,40.61,0.15791725,2025-06,2025
ORD-10161,22-10-2025,26-10-2025,Standard,CUST-1030,Consumer,India,Nagpur,Maharashtra,Central,Technology,Phones,Laser Printer,4,0.1,2939.79,320.61,0.10905881,2025-10,2025
ORD-11795,05-12-2024,07-12-2024,Same Day,CUST-1489,Corporate,India,Lucknow,Uttar Pradesh,North,Technology,Accessories,USB-C Hub,2,0,346.51,83.61,0.241291738,2024-12,2024
ORD-11362,23-01-2025,26-01-2025,Standard,CUST-1132,Consumer,India,Jaipur,Rajasthan,North,Office Supplies,Binders,Notebook,1,0.15,22.23,1.33,0.05982906,2025-01,2025
ORD-11172,04-01-2024,07-01-2024,First Class,CUST-1351,Consumer,India,Lucknow,Uttar Pradesh,North,Furniture,Chairs,Filing Cabinet,3,0.1,368.26,9.14,0.024819421,2024-01,2024
ORD-10990,15-04-2023,17-04-2023,Standard,CUST-1057,Corporate,India,Hyderabad,Telangana,South,Office Supplies,Writing,Desk Organizer,1,0.15,40.56,2.93,0.072238659,2023-04,2023
ORD-11113,11-12-2024,14-12-2024,Standard,CUST-1541,Home Office,India,Pune,Maharashtra,West,Technology,Printers,Wireless Headset,5,0.1,414.05,65.33,0.157782876,2024-12,2024
ORD-11604,09-11-2024,12-11-2024,Standard,CUST-1270,Consumer,India,Bengaluru,Karnataka,South,Furniture,Storage,Reception Desk,4,0.2,623.94,43.55,0.069798378,2024-11,2024
ORD-11266,04-12-2024,07-12-2024,Second Class,CUST-1196,Consumer,India,Hyderabad,Telangana,South,Furniture,Chairs,Standing Desk,2,0.2,278.01,11.68,0.042012877,2024-12,2024
ORD-12462,20-08-2024,21-08-2024,First Class,CUST-1117,Home Office,India,Bengaluru,Karnataka,South,Technology,Accessories,Monitor,4,0.3,469.15,-7.46,-0.015901098,2024-08,2024
ORD-11041,21-08-2024,24-08-2024,Standard,CUST-1399,Consumer,India,Chennai,Tamil Nadu,South,Technology,Printers,USB-C Hub,1,0.05,245.35,54.92,0.223843489,2024-08,2024
ORD-11927,16-05-2023,20-05-2023,Standard,CUST-1031,Consumer,India,Delhi,Delhi,North,Furniture,Storage,Standing Desk,3,0.1,455.54,66.75,0.146529394,2023-05,2023
ORD-10561,28-04-2023,01-05-2023,Standard,CUST-1500,Consumer,India,Hyderabad,Telangana,South,Office Supplies,Writing,Notebook,2,0,297.31,31.37,0.105512764,2023-04,2023
ORD-12467,12-10-2023,17-10-2023,First Class,CUST-1562,Consumer,India,Mumbai,Maharashtra,West,Office Supplies,Paper,Printer Paper,5,0.2,825.09,48.39,0.058648147,2023-10,2023
ORD-10865,21-02-2023,26-02-2023,Second Class,CUST-1186,Home Office,India,Nagpur,Maharashtra,Central,Technology,Computers,Business Laptop,5,0,505.84,69.56,0.137513838,2023-02,2023
ORD-10701,09-02-2023,11-02-2023,Standard,CUST-1102,Consumer,India,Jaipur,Rajasthan,North,Technology,Computers,Tablet,5,0.15,827.17,83.14,0.100511382,2023-02,2023
ORD-10861,02-07-2024,05-07-2024,Standard,CUST-1398,Consumer,India,Delhi,Delhi,North,Office Supplies,Writing,File Binder,2,0.05,79.37,10.88,0.137079501,2024-07,2024
ORD-11400,01-09-2024,03-09-2024,Standard,CUST-1096,Consumer,India,Hyderabad,Telangana,South,Furniture,Office Furniture,Reception Desk,1,0.05,897.41,132.84,0.148025986,2024-09,2024
ORD-10161,20-07-2024,21-07-2024,First Class,CUST-1522,Consumer,India,Mumbai,Maharashtra,West,Furniture,Chairs,Bookshelf,4,0.05,891.11,126.66,0.142137334,2024-07,2024
ORD-11191,30-06-2023,03-07-2023,First Class,CUST-1256,Consumer,India,Mumbai,Maharashtra,West,Office Supplies,Binders,File Binder,4,0.15,285.94,28.4,0.099321536,2023-06,2023
ORD-10174,16-06-2024,17-06-2024,Standard,CUST-1309,Consumer,India,Jaipur,Rajasthan,North,Technology,Printers,Tablet,4,0.05,601.14,115.46,0.192068403,2024-06,2024
ORD-12410,25-12-2025,28-12-2025,Standard,CUST-1507,Corporate,India,Hyderabad,Telangana,South,Furniture,Tables,Conference Table,2,0,158.67,24.74,0.155921094,2025-12,2025
ORD-10904,27-04-2025,28-04-2025,Standard,CUST-1317,Home Office,India,Nagpur,Maharashtra,Central,Technology,Printers,Wireless Headset,1,0.15,543.03,58.4,0.107544703,2025-04,2025
ORD-10070,20-10-2025,23-10-2025,Second Class,CUST-1013,Home Office,India,Delhi,Delhi,North,Furniture,Office Furniture,Bookshelf,2,0,776.19,114.19,0.147116041,2025-10,2025
ORD-11116,06-04-2025,08-04-2025,Standard,CUST-1215,Consumer,India,Bhopal,Madhya Pradesh,Central,Office Supplies,Binders,Ball Pen Set,2,0.05,110.96,10.99,0.099044701,2025-04,2025
ORD-10833,17-09-2023,20-09-2023,Second Class,CUST-1263,Corporate,India,Ahmedabad,Gujarat,West,Furniture,Storage,Filing Cabinet,5,0.1,1861.79,68.46,0.036771064,2023-09,2023
ORD-12137,17-12-2024,20-12-2024,Same Day,CUST-1164,Consumer,India,Pune,Maharashtra,West,Technology,Printers,USB-C Hub,3,0.2,1951.29,115.44,0.059160863,2024-12,2024
ORD-12093,30-03-2024,01-04-2024,Standard,CUST-1196,Corporate,India,Mumbai,Maharashtra,West,Office Supplies,Binders,Notebook,5,0.2,518.17,33.49,0.064631299,2024-03,2024
ORD-10477,13-06-2024,15-06-2024,Standard,CUST-1133,Consumer,India,Lucknow,Uttar Pradesh,North,Technology,Computers,USB-C Hub,3,0,1855.35,275.88,0.148694316,2024-06,2024
ORD-10375,24-09-2024,29-09-2024,First Class,CUST-1069,Home Office,India,Hyderabad,Telangana,South,Technology,Printers,Tablet,3,0.05,825.53,108.3,0.131188449,2024-09,2024
ORD-10655,14-09-2023,15-09-2023,Standard,CUST-1147,Corporate,India,Ahmedabad,Gujarat,West,Office Supplies,Paper,Printer Paper,1,0.15,77.26,5.14,0.066528605,2023-09,2023
ORD-11707,08-03-2023,10-03-2023,Standard,CUST-1168,Consumer,India,Ahmedabad,Gujarat,West,Furniture,Office Furniture,Office Chair,4,0,488.42,56.26,0.115187748,2023-03,2023
ORD-10130,21-05-2024,25-05-2024,Second Class,CUST-1148,Consumer,India,Ahmedabad,Gujarat,West,Office Supplies,Stationery,File Binder,3,0,138.55,13.86,0.100036088,2024-05,2024
ORD-12251,30-05-2024,02-06-2024,Second Class,CUST-1375,Home Office,India,Chennai,Tamil Nadu,South,Office Supplies,Binders,Ball Pen Set,2,0.15,292.45,29.48,0.100803556,2024-05,2024
ORD-12269,15-09-2025,18-09-2025,Same Day,CUST-1024,Home Office,India,Delhi,Delhi,North,Technology,Printers,Monitor,4,0,1295.38,275.3,0.21252451,2025-09,2025
ORD-11348,16-09-2025,19-09-2025,Standard,CUST-1474,Consumer,India,Mumbai,Maharashtra,West,Furniture,Tables,Reception Desk,3,0,342.91,46.03,0.134233472,2025-09,2025
ORD-11327,31-03-2023,02-04-2023,Standard,CUST-1469,Consumer,India,Hyderabad,Telangana,South,Technology,Computers,Smartphone,2,0.05,374.17,75.71,0.202341182,2023-03,2023
ORD-11056,02-03-2024,03-03-2024,Second Class,CUST-1598,Corporate,India,Ahmedabad,Gujarat,West,Furniture,Tables,Conference Table,5,0.3,1671.01,-107.26,-0.064188724,2024-03,2024
ORD-10178,09-03-2023,13-03-2023,Second Class,CUST-1536,Consumer,India,Pune,Maharashtra,West,Office Supplies,Stationery,Envelope Pack,2,0.2,251.53,0.14,0.000556594,2023-03,2023
ORD-12054,30-01-2024,01-02-2024,First Class,CUST-1470,Corporate,India,Pune,Maharashtra,West,Technology,Phones,Mechanical Keyboard,3,0.1,225.85,41.64,0.184370157,2024-01,2024
ORD-11369,07-07-2023,11-07-2023,Standard,CUST-1398,Home Office,India,Kolkata,West Bengal,East,Technology,Phones,Tablet,5,0.05,1663.03,268.87,0.161674774,2023-07,2023
ORD-11928,17-06-2023,21-06-2023,Same Day,CUST-1000,Consumer,India,Ahmedabad,Gujarat,West,Furniture,Tables,Bookshelf,5,0.2,1549.69,-18.08,-0.011666849,2023-06,2023
ORD-10862,22-06-2023,24-06-2023,First Class,CUST-1479,Corporate,India,Pune,Maharashtra,West,Technology,Printers,Tablet,5,0.15,832.97,82.63,0.099199251,2023-06,2023
ORD-12143,03-04-2024,06-04-2024,Same Day,CUST-1541,Consumer,India,Lucknow,Uttar Pradesh,North,Technology,Phones,Monitor,2,0.2,497.24,32.2,0.064757461,2024-04,2024
ORD-11097,03-08-2023,05-08-2023,Standard,CUST-1248,Corporate,India,Bhopal,Madhya Pradesh,Central,Furniture,Chairs,Reception Desk,3,0.3,496.85,-46.59,-0.093770756,2023-08,2023
ORD-10677,08-01-2024,09-01-2024,Second Class,CUST-1410,Home Office,India,Bhopal,Madhya Pradesh,Central,Furniture,Storage,Reception Desk,3,0,200.42,14.68,0.073246183,2024-01,2024
ORD-11250,28-03-2024,30-03-2024,Second Class,CUST-1434,Consumer,India,Mumbai,Maharashtra,West,Technology,Accessories,Wireless Headset,2,0.3,1909.3,69.62,0.036463625,2024-03,2024
ORD-11506,24-10-2024,28-10-2024,First Class,CUST-1257,Consumer,India,Delhi,Delhi,North,Technology,Computers,USB-C Hub,3,0,558.23,114.46,0.205040933,2024-10,2024
ORD-12072,23-05-2024,24-05-2024,Second Class,CUST-1196,Consumer,India,Delhi,Delhi,North,Technology,Phones,Smartphone,3,0.15,490.84,69.34,0.14126803,2024-05,2024
ORD-12176,30-01-2024,03-02-2024,Standard,CUST-1573,Consumer,India,Lucknow,Uttar Pradesh,North,Office Supplies,Binders,Sticky Notes,1,0.05,241.77,27.64,0.114323531,2024-01,2024
ORD-10243,07-10-2025,09-10-2025,Standard,CUST-1122,Corporate,India,Hyderabad,Telangana,South,Technology,Printers,Monitor,4,0.2,2598.21,170.44,0.065599009,2025-10,2025
ORD-10184,04-06-2025,06-06-2025,Standard,CUST-1021,Consumer,India,Pune,Maharashtra,West,Office Supplies,Paper,Ball Pen Set,2,0,460.33,106.25,0.230812678,2025-06,2025
ORD-10660,05-06-2024,07-06-2024,Standard,CUST-1593,Consumer,India,Bengaluru,Karnataka,South,Office Supplies,Writing,Ball Pen Set,4,0.1,175.3,19.87,0.113348545,2024-06,2024
ORD-11070,10-03-2023,12-03-2023,Second Class,CUST-1193,Corporate,India,Pune,Maharashtra,West,Office Supplies,Stationery,Printer Paper,2,0.05,102.41,16.32,0.159359438,2023-03,2023
ORD-11457,04-09-2025,08-09-2025,Standard,CUST-1243,Home Office,India,Jaipur,Rajasthan,North,Furniture,Tables,Office Chair,4,0,277.29,49.75,0.179415053,2025-09,2025
ORD-11411,07-02-2023,08-02-2023,Standard,CUST-1382,Corporate,India,Kolkata,West Bengal,East,Technology,Printers,USB-C Hub,2,0.2,633.52,-9.99,-0.015769036,2023-02,2023
ORD-11208,26-03-2023,30-03-2023,Second Class,CUST-1326,Consumer,India,Lucknow,Uttar Pradesh,North,Furniture,Tables,Filing Cabinet,3,0.1,656.61,98.26,0.149647432,2023-03,2023
ORD-11691,07-10-2024,11-10-2024,First Class,CUST-1004,Consumer,India,Lucknow,Uttar Pradesh,North,Furniture,Office Furniture,Bookshelf,1,0.05,367.61,20.76,0.056472892,2024-10,2024
ORD-12120,26-01-2025,27-01-2025,Standard,CUST-1567,Corporate,India,Lucknow,Uttar Pradesh,North,Technology,Phones,Business Laptop,2,0.3,586.43,52.22,0.089047286,2025-01,2025
ORD-11520,10-01-2023,12-01-2023,Standard,CUST-1315,Consumer,India,Bengaluru,Karnataka,South,Furniture,Storage,Executive Chair,1,0.1,502.66,31.31,0.062288625,2023-01,2023
ORD-11315,21-12-2024,25-12-2024,Standard,CUST-1528,Consumer,India,Jaipur,Rajasthan,North,Technology,Phones,Business Laptop,1,0.15,275.93,24.36,0.08828326,2024-12,2024
ORD-10064,15-03-2023,19-03-2023,First Class,CUST-1194,Consumer,India,Kolkata,West Bengal,East,Technology,Printers,Business Laptop,3,0,890.02,155.37,0.174569111,2023-03,2023
ORD-11486,12-04-2025,15-04-2025,Standard,CUST-1500,Corporate,India,Ahmedabad,Gujarat,West,Furniture,Office Furniture,Office Chair,3,0.3,1331.12,-80.23,-0.060272552,2025-04,2025
ORD-10094,08-08-2024,10-08-2024,Standard,CUST-1392,Consumer,India,Ahmedabad,Gujarat,West,Office Supplies,Paper,File Binder,4,0,538.22,127.49,0.236873397,2024-08,2024
ORD-12307,16-08-2025,18-08-2025,Second Class,CUST-1166,Corporate,India,Hyderabad,Telangana,South,Technology,Phones,Tablet,2,0,625.39,124.92,0.199747358,2025-08,2025
ORD-10452,07-06-2023,08-06-2023,Same Day,CUST-1331,Consumer,India,Lucknow,Uttar Pradesh,North,Technology,Accessories,Smartphone,2,0.1,712.59,88.67,0.124433405,2023-06,2023
ORD-10125,13-12-2023,16-12-2023,Standard,CUST-1541,Home Office,India,Kolkata,West Bengal,East,Technology,Accessories,Monitor,3,0.15,1290.55,199.42,0.154523265,2023-12,2023
ORD-10639,04-02-2024,06-02-2024,Same Day,CUST-1018,Consumer,India,Hyderabad,Telangana,South,Technology,Phones,Smartphone,2,0.2,220.42,18.41,0.083522366,2024-02,2024
ORD-11234,07-04-2023,12-04-2023,Standard,CUST-1023,Consumer,India,Lucknow,Uttar Pradesh,North,Office Supplies,Stationery,Printer Paper,1,0,193.86,32.97,0.170071185,2023-04,2023
ORD-10691,10-06-2023,14-06-2023,Standard,CUST-1542,Consumer,India,Lucknow,Uttar Pradesh,North,Technology,Phones,USB-C Hub,1,0.3,307.69,-14.72,-0.047840359,2023-06,2023
ORD-10744,22-10-2025,26-10-2025,Standard,CUST-1104,Corporate,India,Mumbai,Maharashtra,West,Office Supplies,Paper,Notebook,3,0,244.96,37,0.151045069,2025-10,2025
ORD-11062,07-05-2024,10-05-2024,Second Class,CUST-1494,Home Office,India,Lucknow,Uttar Pradesh,North,Office Supplies,Paper,Sticky Notes,1,0.15,97.97,9.76,0.099622333,2024-05,2024
ORD-11450,11-06-2023,14-06-2023,Standard,CUST-1217,Consumer,India,Nagpur,Maharashtra,Central,Furniture,Tables,Executive Chair,4,0.05,1098.02,104.75,0.095398991,2023-06,2023
ORD-10576,27-03-2025,30-03-2025,Second Class,CUST-1118,Corporate,India,Pune,Maharashtra,West,Office Supplies,Binders,Sticky Notes,1,0.1,89.28,4.12,0.046146953,2025-03,2025
ORD-11008,11-11-2023,13-11-2023,Standard,CUST-1081,Consumer,India,Bengaluru,Karnataka,South,Office Supplies,Stationery,Ball Pen Set,5,0.3,314.97,-3.94,-0.012509128,2023-11,2023
ORD-11017,03-02-2023,06-02-2023,Standard,CUST-1480,Home Office,India,Bhopal,Madhya Pradesh,Central,Office Supplies,Paper,Sticky Notes,1,0.2,270.57,7.27,0.026869202,2023-02,2023
ORD-10701,29-09-2024,02-10-2024,Second Class,CUST-1241,Home Office,India,Bengaluru,Karnataka,South,Office Supplies,Writing,Sticky Notes,2,0.05,147.83,23.5,0.15896638,2024-09,2024
ORD-10689,20-06-2025,22-06-2025,Second Class,CUST-1439,Consumer,India,Hyderabad,Telangana,South,Technology,Printers,Tablet,1,0,578.87,121.64,0.210133536,2025-06,2025
ORD-11463,25-11-2025,28-11-2025,Standard,CUST-1122,Consumer,India,Bhopal,Madhya Pradesh,Central,Technology,Phones,Smartphone,2,0.05,103.35,13.55,0.131107886,2025-11,2025
ORD-10785,15-07-2025,18-07-2025,Standard,CUST-1094,Consumer,India,Pune,Maharashtra,West,Technology,Computers,Smartphone,3,0.15,2155.74,281.49,0.130576971,2025-07,2025
ORD-10764,18-08-2025,20-08-2025,First Class,CUST-1025,Consumer,India,Delhi,Delhi,North,Technology,Printers,USB-C Hub,4,0.05,607.08,116.25,0.191490413,2025-08,2025
ORD-12251,03-10-2024,07-10-2024,Standard,CUST-1426,Consumer,India,Bengaluru,Karnataka,South,Technology,Computers,Smartphone,5,0.15,1865.63,325.35,0.174391492,2024-10,2024
ORD-12228,21-11-2023,24-11-2023,Same Day,CUST-1248,Corporate,India,Delhi,Delhi,North,Technology,Accessories,Monitor,2,0.3,400.04,13.51,0.033771623,2023-11,2023
ORD-10349,03-12-2024,06-12-2024,Second Class,CUST-1118,Home Office,India,Jaipur,Rajasthan,North,Furniture,Chairs,Executive Chair,4,0.2,562.08,-40.73,-0.072462995,2024-12,2024
ORD-10595,05-07-2025,08-07-2025,Standard,CUST-1334,Corporate,India,Pune,Maharashtra,West,Technology,Printers,Mechanical Keyboard,2,0.15,614.13,38.89,0.063325355,2025-07,2025
ORD-11863,15-11-2024,16-11-2024,Standard,CUST-1019,Consumer,India,Delhi,Delhi,North,Furniture,Tables,Bookshelf,1,0.15,542.07,35.58,0.065637279,2024-11,2024
ORD-12134,09-02-2024,11-02-2024,Second Class,CUST-1444,Consumer,India,Mumbai,Maharashtra,West,Furniture,Storage,Executive Chair,3,0.15,656.92,43.6,0.066370334,2024-02,2024
ORD-12088,12-04-2025,16-04-2025,Standard,CUST-1094,Corporate,India,Kolkata,West Bengal,East,Technology,Printers,Monitor,3,0,750.68,151.37,0.201643843,2025-04,2025
ORD-10196,27-11-2023,28-11-2023,First Class,CUST-1095,Consumer,India,Ahmedabad,Gujarat,West,Furniture,Storage,Executive Chair,5,0,1485.98,221.66,0.149167553,2023-11,2023
ORD-10047,09-06-2024,12-06-2024,Second Class,CUST-1111,Home Office,India,Nagpur,Maharashtra,Central,Office Supplies,Binders,Sticky Notes,2,0,91.62,15.15,0.165356909,2024-06,2024
ORD-10789,11-01-2024,14-01-2024,Standard,CUST-1141,Consumer,India,Lucknow,Uttar Pradesh,North,Technology,Printers,Wireless Headset,4,0.2,4334.81,146.44,0.033782334,2024-01,2024
ORD-12231,16-11-2025,18-11-2025,Same Day,CUST-1264,Consumer,India,Ahmedabad,Gujarat,West,Technology,Printers,Monitor,3,0.15,1006.28,66.71,0.066293676,2025-11,2025
ORD-10739,15-08-2023,17-08-2023,Second Class,CUST-1083,Consumer,India,Hyderabad,Telangana,South,Technology,Accessories,Business Laptop,1,0.1,137.21,12.87,0.093797828,2023-08,2023
ORD-11945,11-08-2023,15-08-2023,Same Day,CUST-1447,Corporate,India,Mumbai,Maharashtra,West,Technology,Phones,Business Laptop,2,0,863.32,139.5,0.161585507,2023-08,2023
ORD-12498,06-05-2024,08-05-2024,Standard,CUST-1370,Consumer,India,Bengaluru,Karnataka,South,Technology,Phones,Laser Printer,3,0.2,789.11,49.05,0.062158634,2024-05,2024
ORD-12488,16-06-2023,19-06-2023,First Class,CUST-1127,Consumer,India,Hyderabad,Telangana,South,Furniture,Chairs,Standing Desk,4,0,488.97,58.34,0.119312023,2023-06,2023
ORD-11669,18-05-2025,22-05-2025,First Class,CUST-1398,Consumer,India,Nagpur,Maharashtra,Central,Furniture,Storage,Standing Desk,1,0.1,142.83,7.65,0.053560176,2025-05,2025
ORD-10723,27-08-2023,29-08-2023,Standard,CUST-1398,Corporate,India,Hyderabad,Telangana,South,Office Supplies,Binders,Desk Organizer,3,0,728.61,137.98,0.189374288,2023-08,2023
ORD-11165,06-08-2024,10-08-2024,First Class,CUST-1575,Consumer,India,Nagpur,Maharashtra,Central,Technology,Phones,USB-C Hub,3,0.1,1082.61,125.64,0.116052872,2024-08,2024
ORD-10068,21-06-2025,24-06-2025,Standard,CUST-1552,Consumer,India,Ahmedabad,Gujarat,West,Furniture,Tables,Standing Desk,3,0.1,481.61,33.4,0.069350719,2025-06,2025
ORD-10927,30-05-2024,31-05-2024,Standard,CUST-1470,Corporate,India,Pune,Maharashtra,West,Technology,Accessories,Wireless Headset,2,0.05,254.92,36.7,0.143966735,2024-05,2024
ORD-11593,09-09-2025,11-09-2025,Second Class,CUST-1288,Consumer,India,Bhopal,Madhya Pradesh,Central,Technology,Printers,Wireless Headset,5,0.1,2186.07,386.32,0.176718952,2025-09,2025
ORD-11168,27-05-2025,29-05-2025,Standard,CUST-1227,Consumer,India,Bengaluru,Karnataka,South,Technology,Computers,Tablet,1,0,227.53,43.69,0.192018635,2025-05,2025
ORD-10128,04-11-2023,07-11-2023,Second Class,CUST-1523,Consumer,India,Hyderabad,Telangana,South,Furniture,Tables,Office Chair,2,0.1,929.1,79.75,0.085835755,2023-11,2023
ORD-10302,18-10-2024,20-10-2024,First Class,CUST-1375,Corporate,India,Bhopal,Madhya Pradesh,Central,Office Supplies,Paper,Ball Pen Set,2,0.15,105.24,5.59,0.053116686,2024-10,2024
ORD-11652,09-02-2024,10-02-2024,Standard,CUST-1048,Corporate,India,Lucknow,Uttar Pradesh,North,Technology,Phones,Business Laptop,5,0.05,331.43,47.7,0.143921793,2024-02,2024
ORD-12262,13-02-2025,15-02-2025,Second Class,CUST-1185,Consumer,India,Bhopal,Madhya Pradesh,Central,Office Supplies,Paper,Sticky Notes,2,0.15,96.96,7.33,0.075598185,2025-02,2025
ORD-12096,04-08-2023,08-08-2023,Second Class,CUST-1260,Corporate,India,Bengaluru,Karnataka,South,Technology,Accessories,Monitor,1,0.3,291.37,-24.07,-0.08260974,2023-08,2023
ORD-11731,26-10-2025,29-10-2025,Second Class,CUST-1581,Consumer,India,Kolkata,West Bengal,East,Technology,Accessories,USB-C Hub,5,0,1930.84,338.86,0.175498747,2025-10,2025
ORD-11595,16-08-2025,17-08-2025,Standard,CUST-1508,Corporate,India,Pune,Maharashtra,West,Office Supplies,Binders,Desk Organizer,3,0.3,348.58,-21.24,-0.060932928,2025-08,2025
ORD-10112,08-12-2025,11-12-2025,Standard,CUST-1091,Consumer,India,Jaipur,Rajasthan,North,Furniture,Storage,Conference Table,5,0.1,348.8,23.81,0.068262615,2025-12,2025
ORD-10246,16-09-2023,18-09-2023,Standard,CUST-1030,Consumer,India,Bengaluru,Karnataka,South,Technology,Computers,Tablet,3,0.1,2099.88,234.76,0.111796865,2023-09,2023
ORD-11351,15-02-2024,18-02-2024,Same Day,CUST-1497,Consumer,India,Bhopal,Madhya Pradesh,Central,Office Supplies,Paper,Printer Paper,2,0.1,399.99,57.66,0.144153604,2024-02,2024
ORD-12358,08-04-2023,12-04-2023,Standard,CUST-1457,Consumer,India,Delhi,Delhi,North,Office Supplies,Paper,Notebook,1,0,50.94,9.4,0.184530821,2023-04,2023
ORD-10711,16-02-2024,21-02-2024,First Class,CUST-1319,Consumer,India,Hyderabad,Telangana,South,Technology,Computers,Laser Printer,4,0.2,2677.3,363.65,0.135827139,2024-02,2024
ORD-10845,08-09-2025,10-09-2025,First Class,CUST-1220,Consumer,India,Delhi,Delhi,North,Furniture,Chairs,Executive Chair,2,0.1,294.37,30.18,0.102524034,2025-09,2025
ORD-11855,22-02-2023,26-02-2023,Standard,CUST-1177,Consumer,India,Pune,Maharashtra,West,Furniture,Office Furniture,Standing Desk,3,0.2,493.54,24.03,0.048689063,2023-02,2023
ORD-12356,18-12-2025,21-12-2025,Second Class,CUST-1050,Home Office,India,Mumbai,Maharashtra,West,Technology,Printers,Mechanical Keyboard,4,0,530.58,118.02,0.222435825,2025-12,2025
ORD-10406,23-11-2025,25-11-2025,First Class,CUST-1439,Consumer,India,Delhi,Delhi,North,Office Supplies,Binders,Sticky Notes,3,0.15,148.24,2.02,0.013626552,2025-11,2025
ORD-12224,12-04-2023,17-04-2023,Standard,CUST-1486,Corporate,India,Hyderabad,Telangana,South,Technology,Printers,USB-C Hub,1,0.15,197.75,9.9,0.050063211,2023-04,2023
ORD-11274,22-05-2025,26-05-2025,Second Class,CUST-1309,Home Office,India,Lucknow,Uttar Pradesh,North,Office Supplies,Stationery,Sticky Notes,1,0.1,44.31,5.56,0.125479576,2025-05,2025
ORD-12146,02-05-2024,06-05-2024,Standard,CUST-1013,Home Office,India,Nagpur,Maharashtra,Central,Technology,Accessories,Laser Printer,2,0.2,604.76,74.01,0.122379126,2024-05,2024
ORD-10111,02-02-2023,04-02-2023,Standard,CUST-1277,Home Office,India,Lucknow,Uttar Pradesh,North,Office Supplies,Stationery,Notebook,1,0,68.11,12.78,0.187637645,2023-02,2023
ORD-10403,15-01-2025,20-01-2025,Standard,CUST-1085,Corporate,India,Hyderabad,Telangana,South,Office Supplies,Stationery,Sticky Notes,1,0.3,154.56,-7.94,-0.051371636,2025-01,2025
ORD-10585,11-07-2023,14-07-2023,Second Class,CUST-1566,Corporate,India,Ahmedabad,Gujarat,West,Office Supplies,Writing,Ball Pen Set,2,0.2,53.44,1.32,0.024700599,2023-07,2023
ORD-10842,03-06-2025,05-06-2025,Second Class,CUST-1086,Consumer,India,Pune,Maharashtra,West,Furniture,Chairs,Office Chair,3,0.2,2162.8,-64.52,-0.0298317,2025-06,2025
ORD-10487,22-09-2023,27-09-2023,Standard,CUST-1510,Corporate,India,Ahmedabad,Gujarat,West,Office Supplies,Paper,File Binder,3,0.3,227.16,-2.61,-0.011489699,2023-09,2023
ORD-11919,09-06-2025,11-06-2025,Standard,CUST-1460,Corporate,India,Nagpur,Maharashtra,Central,Technology,Accessories,Laser Printer,2,0,163.93,42.38,0.25852498,2025-06,2025
ORD-12481,21-08-2023,23-08-2023,Same Day,CUST-1443,Corporate,India,Hyderabad,Telangana,South,Furniture,Storage,Standing Desk,3,0,1118.44,134.61,0.120355138,2023-08,2023
ORD-12172,23-05-2024,26-05-2024,Same Day,CUST-1175,Corporate,India,Nagpur,Maharashtra,Central,Office Supplies,Writing,Ball Pen Set,2,0.15,144.05,3.97,0.027559875,2024-05,2024
ORD-12415,01-02-2025,03-02-2025,Standard,CUST-1167,Corporate,India,Kolkata,West Bengal,East,Technology,Printers,Monitor,2,0.15,434.51,48.04,0.110561322,2025-02,2025
ORD-11836,19-06-2024,20-06-2024,First Class,CUST-1198,Corporate,India,Hyderabad,Telangana,South,Technology,Computers,Smartphone,2,0,1141.74,237.79,0.208269834,2024-06,2024
ORD-10558,18-03-2023,19-03-2023,Standard,CUST-1354,Consumer,India,Jaipur,Rajasthan,North,Technology,Computers,Wireless Headset,3,0.15,325.08,36.7,0.112895287,2023-03,2023
ORD-11950,28-04-2025,30-04-2025,Same Day,CUST-1580,Consumer,India,Jaipur,Rajasthan,North,Technology,Accessories,Smartphone,4,0,2192.62,291.55,0.132968777,2025-04,2025
ORD-11971,13-08-2023,18-08-2023,Standard,CUST-1078,Home Office,India,Ahmedabad,Gujarat,West,Office Supplies,Paper,Ball Pen Set,5,0,223.46,26.47,0.118455205,2023-08,2023
ORD-11242,12-06-2025,15-06-2025,Same Day,CUST-1497,Corporate,India,Ahmedabad,Gujarat,West,Technology,Printers,Tablet,4,0,711.16,98.24,0.138140503,2025-06,2025
ORD-11310,22-08-2023,25-08-2023,Standard,CUST-1366,Corporate,India,Pune,Maharashtra,West,Technology,Accessories,Laser Printer,4,0.2,1195.26,24.09,0.020154611,2023-08,2023
ORD-10717,02-11-2025,05-11-2025,First Class,CUST-1043,Corporate,India,Lucknow,Uttar Pradesh,North,Furniture,Chairs,Conference Table,2,0.1,1044.71,17.42,0.016674484,2025-11,2025
ORD-10792,14-11-2023,15-11-2023,First Class,CUST-1064,Consumer,India,Mumbai,Maharashtra,West,Technology,Computers,Mechanical Keyboard,2,0.1,345.65,44.24,0.127990742,2023-11,2023
ORD-11075,22-02-2025,27-02-2025,Standard,CUST-1274,Consumer,India,Kolkata,West Bengal,East,Furniture,Storage,Conference Table,3,0.1,1303.38,94.64,0.072611211,2025-02,2025
ORD-10897,20-07-2024,24-07-2024,Second Class,CUST-1517,Corporate,India,Nagpur,Maharashtra,Central,Technology,Accessories,Business Laptop,1,0,99.88,19.73,0.197537044,2024-07,2024
ORD-11937,21-02-2025,23-02-2025,First Class,CUST-1395,Corporate,India,Chennai,Tamil Nadu,South,Furniture,Office Furniture,Executive Chair,2,0.15,278.35,-5.03,-0.018070774,2025-02,2025
ORD-11601,20-03-2025,24-03-2025,Standard,CUST-1016,Home Office,India,Lucknow,Uttar Pradesh,North,Technology,Computers,Smartphone,3,0,625.2,120.1,0.192098528,2025-03,2025
ORD-11526,19-08-2023,21-08-2023,Second Class,CUST-1075,Consumer,India,Hyderabad,Telangana,South,Technology,Phones,Monitor,2,0,228.27,37.75,0.165374337,2023-08,2023
ORD-10813,09-08-2025,10-08-2025,Standard,CUST-1265,Consumer,India,Mumbai,Maharashtra,West,Technology,Computers,Wireless Headset,2,0,881.84,142.22,0.161276422,2025-08,2025
ORD-10723,16-10-2025,19-10-2025,Standard,CUST-1345,Corporate,India,Pune,Maharashtra,West,Office Supplies,Binders,Envelope Pack,3,0.2,141.23,14.25,0.100899242,2025-10,2025
ORD-11991,19-06-2025,22-06-2025,Standard,CUST-1205,Consumer,India,Bengaluru,Karnataka,South,Office Supplies,Stationery,Sticky Notes,2,0.1,77.9,8.41,0.107958922,2025-06,2025
ORD-10733,30-05-2025,01-06-2025,Second Class,CUST-1515,Corporate,India,Bhopal,Madhya Pradesh,Central,Office Supplies,Writing,Sticky Notes,3,0.05,184.61,28.22,0.152862792,2025-05,2025
ORD-11016,14-11-2023,17-11-2023,Second Class,CUST-1044,Consumer,India,Lucknow,Uttar Pradesh,North,Technology,Printers,Mechanical Keyboard,3,0.1,750.27,99.23,0.132259053,2023-11,2023
ORD-10300,07-07-2024,09-07-2024,Standard,CUST-1590,Corporate,India,Lucknow,Uttar Pradesh,North,Furniture,Chairs,Executive Chair,2,0.3,195.27,-20.91,-0.107082501,2024-07,2024
ORD-12055,02-05-2024,03-05-2024,First Class,CUST-1167,Home Office,India,Mumbai,Maharashtra,West,Technology,Phones,Smartphone,5,0.05,650.05,90.24,0.138820091,2024-05,2024
ORD-10986,14-07-2023,17-07-2023,Second Class,CUST-1095,Consumer,India,Bhopal,Madhya Pradesh,Central,Technology,Phones,USB-C Hub,2,0.2,252.59,24.11,0.095451126,2023-07,2023
ORD-10360,23-06-2024,27-06-2024,Second Class,CUST-1513,Corporate,India,Hyderabad,Telangana,South,Technology,Printers,Mechanical Keyboard,1,0.1,577.04,113.8,0.197213365,2024-06,2024
ORD-11893,01-10-2023,05-10-2023,First Class,CUST-1329,Consumer,India,Lucknow,Uttar Pradesh,North,Technology,Phones,Business Laptop,5,0.15,1658.62,50.39,0.030380678,2023-10,2023
ORD-10392,01-02-2025,03-02-2025,Second Class,CUST-1160,Consumer,India,Mumbai,Maharashtra,West,Technology,Printers,Laser Printer,1,0,230.33,42.2,0.183215387,2025-02,2025
ORD-11838,21-04-2025,24-04-2025,Standard,CUST-1097,Consumer,India,Delhi,Delhi,North,Technology,Phones,Smartphone,3,0.1,594.7,120.16,0.202051455,2025-04,2025
ORD-10686,28-11-2025,02-12-2025,First Class,CUST-1500,Corporate,India,Ahmedabad,Gujarat,West,Technology,Printers,Mechanical Keyboard,3,0.15,825.28,135.93,0.164707736,2025-11,2025
ORD-11671,25-12-2025,27-12-2025,Standard,CUST-1588,Corporate,India,Jaipur,Rajasthan,North,Furniture,Tables,Filing Cabinet,2,0,560.32,109.01,0.194549543,2025-12,2025
ORD-11221,05-07-2025,07-07-2025,Standard,CUST-1504,Consumer,India,Bhopal,Madhya Pradesh,Central,Technology,Phones,Wireless Headset,4,0,2755.71,484.32,0.17575144,2025-07,2025
ORD-11230,15-08-2025,17-08-2025,First Class,CUST-1159,Corporate,India,Ahmedabad,Gujarat,West,Office Supplies,Paper,Notebook,1,0.2,100.96,8.82,0.087361331,2025-08,2025
ORD-10016,18-01-2023,22-01-2023,Standard,CUST-1407,Home Office,India,Hyderabad,Telangana,South,Technology,Printers,USB-C Hub,5,0.15,948.22,60.37,0.06366666,2023-01,2023
ORD-11105,02-07-2025,05-07-2025,Standard,CUST-1116,Consumer,India,Delhi,Delhi,North,Office Supplies,Paper,Notebook,3,0.1,134.37,8.51,0.063332589,2025-07,2025
ORD-12002,01-06-2024,03-06-2024,Standard,CUST-1191,Corporate,India,Lucknow,Uttar Pradesh,North,Office Supplies,Binders,Ball Pen Set,4,0.15,303.05,24.57,0.08107573,2024-06,2024
ORD-11217,12-03-2023,14-03-2023,Standard,CUST-1194,Home Office,India,Kolkata,West Bengal,East,Furniture,Chairs,Filing Cabinet,2,0.3,561.29,-25.82,-0.046001176,2023-03,2023
ORD-10530,03-07-2023,06-07-2023,Same Day,CUST-1035,Consumer,India,Bhopal,Madhya Pradesh,Central,Technology,Printers,USB-C Hub,3,0.1,524.7,90.67,0.172803507,2023-07,2023
ORD-11481,01-04-2023,04-04-2023,Standard,CUST-1562,Consumer,India,Ahmedabad,Gujarat,West,Office Supplies,Writing,Printer Paper,5,0.1,212.64,15.48,0.072799097,2023-04,2023
ORD-12128,05-09-2024,09-09-2024,First Class,CUST-1388,Consumer,India,Pune,Maharashtra,West,Furniture,Storage,Bookshelf,1,0.3,96.63,-7.02,-0.072648246,2024-09,2024
ORD-11071,06-02-2024,08-02-2024,Standard,CUST-1179,Consumer,India,Ahmedabad,Gujarat,West,Technology,Accessories,Smartphone,1,0.2,300.14,27.1,0.090291197,2024-02,2024
ORD-11737,15-06-2025,19-06-2025,First Class,CUST-1155,Consumer,India,Chennai,Tamil Nadu,South,Technology,Printers,Mechanical Keyboard,2,0,395.39,96.68,0.244518071,2025-06,2025
ORD-11714,12-04-2024,15-04-2024,First Class,CUST-1271,Consumer,India,Kolkata,West Bengal,East,Office Supplies,Paper,Notebook,5,0.3,229.49,-12.36,-0.053858556,2024-04,2024
ORD-10621,17-05-2024,21-05-2024,Standard,CUST-1494,Corporate,India,Chennai,Tamil Nadu,South,Furniture,Storage,Bookshelf,2,0,386.52,51.21,0.13248991,2024-05,2024
ORD-10860,26-04-2024,29-04-2024,Same Day,CUST-1092,Consumer,India,Chennai,Tamil Nadu,South,Office Supplies,Writing,Printer Paper,1,0.15,91.98,4.49,0.04881496,2024-04,2024
ORD-11207,21-10-2023,24-10-2023,Second Class,CUST-1442,Consumer,India,Bhopal,Madhya Pradesh,Central,Technology,Computers,Business Laptop,4,0.05,387.49,71.37,0.184185398,2023-10,2023
ORD-10959,04-12-2025,07-12-2025,First Class,CUST-1122,Consumer,India,Pune,Maharashtra,West,Office Supplies,Stationery,File Binder,5,0,154,22.44,0.145714286,2025-12,2025
ORD-11219,02-08-2023,06-08-2023,Standard,CUST-1431,Corporate,India,Delhi,Delhi,North,Office Supplies,Writing,Notebook,4,0,787.9,77.65,0.098553116,2023-08,2023
ORD-10445,23-05-2024,26-05-2024,Standard,CUST-1251,Corporate,India,Chennai,Tamil Nadu,South,Furniture,Tables,Filing Cabinet,2,0.15,637,65.44,0.102731554,2024-05,2024
ORD-11979,22-10-2025,24-10-2025,Standard,CUST-1028,Home Office,India,Kolkata,West Bengal,East,Furniture,Chairs,Standing Desk,4,0.1,1181.45,10.5,0.008887384,2025-10,2025
ORD-11532,30-10-2024,01-11-2024,Standard,CUST-1406,Consumer,India,Nagpur,Maharashtra,Central,Technology,Accessories,Wireless Headset,1,0.1,276.44,23.07,0.083453914,2024-10,2024
ORD-10842,03-06-2024,06-06-2024,First Class,CUST-1129,Home Office,India,Ahmedabad,Gujarat,West,Office Supplies,Paper,Ball Pen Set,3,0,275.24,37.72,0.137044034,2024-06,2024
ORD-12285,22-10-2023,25-10-2023,Same Day,CUST-1317,Corporate,India,Hyderabad,Telangana,South,Office Supplies,Binders,Notebook,2,0,145.48,32.14,0.220923838,2023-10,2023
ORD-10662,30-11-2023,03-12-2023,Standard,CUST-1554,Consumer,India,Bhopal,Madhya Pradesh,Central,Technology,Computers,Monitor,1,0.15,276.74,30.32,0.109561321,2023-11,2023
ORD-11381,28-07-2024,30-07-2024,Same Day,CUST-1058,Consumer,India,Kolkata,West Bengal,East,Office Supplies,Writing,Printer Paper,1,0.05,61.04,9.8,0.160550459,2024-07,2024
ORD-12462,04-12-2024,07-12-2024,Standard,CUST-1479,Consumer,India,Jaipur,Rajasthan,North,Office Supplies,Writing,Ball Pen Set,3,0.3,143.75,-7.04,-0.048973913,2024-12,2024
ORD-10046,14-06-2023,18-06-2023,Standard,CUST-1202,Consumer,India,Mumbai,Maharashtra,West,Technology,Computers,Business Laptop,5,0,2029.31,468.66,0.230945494,2023-06,2023
ORD-11239,07-04-2024,09-04-2024,Second Class,CUST-1396,Consumer,India,Ahmedabad,Gujarat,West,Office Supplies,Writing,Envelope Pack,3,0.3,187.3,-8.82,-0.04709023,2024-04,2024
ORD-11148,06-03-2025,08-03-2025,Standard,CUST-1399,Consumer,India,Pune,Maharashtra,West,Technology,Printers,Smartphone,1,0.2,79.83,7.8,0.097707629,2025-03,2025
ORD-10651,28-03-2023,01-04-2023,First Class,CUST-1258,Consumer,India,Chennai,Tamil Nadu,South,Technology,Phones,USB-C Hub,2,0.2,794.58,-9.2,-0.011578444,2023-03,2023
ORD-11434,24-12-2025,28-12-2025,Second Class,CUST-1088,Corporate,India,Hyderabad,Telangana,South,Office Supplies,Paper,File Binder,5,0,199.4,27.65,0.138665998,2025-12,2025
ORD-11677,15-06-2025,18-06-2025,Same Day,CUST-1373,Home Office,India,Chennai,Tamil Nadu,South,Technology,Accessories,Laser Printer,1,0.05,115.74,21.29,0.183946777,2025-06,2025
ORD-11090,25-03-2024,28-03-2024,Second Class,CUST-1553,Consumer,India,Pune,Maharashtra,West,Office Supplies,Stationery,Desk Organizer,2,0.1,120.89,15.46,0.127884854,2024-03,2024
ORD-10419,25-12-2025,27-12-2025,Standard,CUST-1008,Consumer,India,Kolkata,West Bengal,East,Technology,Printers,Tablet,2,0,302.23,64.01,0.211792344,2025-12,2025
ORD-10809,29-01-2023,02-02-2023,Standard,CUST-1045,Consumer,India,Jaipur,Rajasthan,North,Technology,Accessories,USB-C Hub,1,0.1,272.47,49.63,0.182148493,2023-01,2023
ORD-11750,17-04-2024,20-04-2024,Same Day,CUST-1164,Home Office,India,Mumbai,Maharashtra,West,Technology,Accessories,Laser Printer,2,0.3,599.48,-2.2,-0.003669847,2024-04,2024
ORD-11015,26-11-2023,28-11-2023,Standard,CUST-1220,Consumer,India,Bhopal,Madhya Pradesh,Central,Furniture,Chairs,Office Chair,3,0.15,1380.7,47.13,0.034134859,2023-11,2023
ORD-11386,30-10-2025,03-11-2025,Standard,CUST-1037,Corporate,India,Jaipur,Rajasthan,North,Office Supplies,Paper,Sticky Notes,3,0.05,590.17,76.82,0.130165884,2025-10,2025
ORD-10272,11-12-2025,14-12-2025,Standard,CUST-1111,Home Office,India,Ahmedabad,Gujarat,West,Technology,Printers,USB-C Hub,2,0.05,319.76,56.82,0.177695772,2025-12,2025
ORD-10913,26-02-2024,27-02-2024,Second Class,CUST-1111,Consumer,India,Kolkata,West Bengal,East,Technology,Computers,Smartphone,3,0,921.44,196.83,0.213611304,2024-02,2024
ORD-12237,03-03-2024,04-03-2024,Standard,CUST-1064,Corporate,India,Mumbai,Maharashtra,West,Furniture,Office Furniture,Filing Cabinet,3,0,2022.21,274.64,0.13581181,2024-03,2024
ORD-12465,07-08-2025,09-08-2025,First Class,CUST-1138,Consumer,India,Bengaluru,Karnataka,South,Technology,Phones,Wireless Headset,2,0,778.6,151.01,0.193950681,2025-08,2025
ORD-10805,23-05-2023,24-05-2023,Standard,CUST-1321,Consumer,India,Jaipur,Rajasthan,North,Furniture,Office Furniture,Filing Cabinet,4,0.2,243.39,9.62,0.039525042,2023-05,2023
ORD-10582,01-06-2025,03-06-2025,Standard,CUST-1589,Home Office,India,Chennai,Tamil Nadu,South,Furniture,Office Furniture,Office Chair,2,0,366.44,46.63,0.127251392,2025-06,2025
ORD-10296,25-08-2025,27-08-2025,Standard,CUST-1468,Corporate,India,Lucknow,Uttar Pradesh,North,Technology,Printers,Wireless Headset,1,0.3,201.66,2.4,0.01190122,2025-08,2025
ORD-10219,11-02-2023,14-02-2023,Second Class,CUST-1580,Home Office,India,Ahmedabad,Gujarat,West,Technology,Printers,Business Laptop,2,0.15,795.53,48.63,0.061129059,2023-02,2023
ORD-11825,14-01-2024,16-01-2024,Standard,CUST-1542,Corporate,India,Bhopal,Madhya Pradesh,Central,Office Supplies,Writing,Printer Paper,3,0,195.32,27.43,0.140436207,2024-01,2024
ORD-12057,11-09-2025,14-09-2025,Second Class,CUST-1191,Corporate,India,Ahmedabad,Gujarat,West,Office Supplies,Stationery,Desk Organizer,1,0,49.2,6.93,0.140853659,2025-09,2025
ORD-10660,21-09-2023,24-09-2023,Standard,CUST-1482,Corporate,India,Mumbai,Maharashtra,West,Technology,Accessories,Wireless Headset,4,0.1,913.42,147.11,0.161054061,2023-09,2023
ORD-11746,03-02-2025,06-02-2025,Standard,CUST-1188,Home Office,India,Bengaluru,Karnataka,South,Technology,Phones,Tablet,5,0.05,1588.88,247.29,0.155637934,2025-02,2025
ORD-12148,26-07-2024,29-07-2024,Standard,CUST-1301,Corporate,India,Hyderabad,Telangana,South,Technology,Computers,Wireless Headset,2,0.1,310.32,22.75,0.07331142,2024-07,2024
ORD-12180,26-07-2025,28-07-2025,Standard,CUST-1277,Consumer,India,Jaipur,Rajasthan,North,Furniture,Storage,Office Chair,1,0.1,522.87,14.9,0.028496567,2025-07,2025
ORD-10599,19-01-2025,21-01-2025,Standard,CUST-1497,Corporate,India,Delhi,Delhi,North,Office Supplies,Paper,Notebook,4,0.2,1074.71,-31.85,-0.029635902,2025-01,2025
ORD-10657,24-03-2024,26-03-2024,Same Day,CUST-1210,Consumer,India,Hyderabad,Telangana,South,Furniture,Office Furniture,Reception Desk,1,0,420.11,80.18,0.190854776,2024-03,2024
ORD-12135,19-11-2025,21-11-2025,Standard,CUST-1511,Consumer,India,Ahmedabad,Gujarat,West,Office Supplies,Binders,Ball Pen Set,2,0,86.24,17.58,0.203849722,2025-11,2025
ORD-11995,19-02-2023,21-02-2023,Second Class,CUST-1257,Consumer,India,Nagpur,Maharashtra,Central,Technology,Computers,Wireless Headset,5,0.05,354.82,42.26,0.119102644,2023-02,2023
ORD-10338,25-01-2024,26-01-2024,Standard,CUST-1149,Consumer,India,Ahmedabad,Gujarat,West,Technology,Computers,Wireless Headset,2,0.3,286.26,-0.39,-0.001362398,2024-01,2024
ORD-10486,04-12-2025,06-12-2025,Second Class,CUST-1423,Consumer,India,Pune,Maharashtra,West,Technology,Phones,Monitor,2,0.15,219.73,32.87,0.149592682,2025-12,2025
ORD-10605,30-03-2023,31-03-2023,Standard,CUST-1335,Consumer,India,Mumbai,Maharashtra,West,Furniture,Office Furniture,Standing Desk,2,0.05,1266.69,110.34,0.087108922,2023-03,2023
ORD-10948,14-08-2024,16-08-2024,Second Class,CUST-1426,Corporate,India,Bhopal,Madhya Pradesh,Central,Technology,Accessories,Monitor,2,0.1,4018.14,759.62,0.189047669,2024-08,2024
ORD-12401,16-10-2024,17-10-2024,Standard,CUST-1498,Home Office,India,Lucknow,Uttar Pradesh,North,Technology,Accessories,Wireless Headset,1,0.2,399.59,35.11,0.087865062,2024-10,2024
ORD-10419,08-11-2025,11-11-2025,First Class,CUST-1203,Corporate,India,Bengaluru,Karnataka,South,Furniture,Chairs,Executive Chair,2,0,213.7,25.06,0.117267197,2025-11,2025
ORD-10614,20-07-2024,23-07-2024,Standard,CUST-1137,Consumer,India,Nagpur,Maharashtra,Central,Office Supplies,Writing,Envelope Pack,4,0.05,360.29,50.3,0.139609759,2024-07,2024
ORD-11312,27-10-2025,30-10-2025,Standard,CUST-1354,Home Office,India,Delhi,Delhi,North,Technology,Printers,Mechanical Keyboard,1,0.15,33.02,3.02,0.091459721,2025-10,2025
ORD-11389,17-05-2025,20-05-2025,Second Class,CUST-1506,Consumer,India,Hyderabad,Telangana,South,Office Supplies,Paper,Envelope Pack,5,0.05,239.73,22.46,0.093688733,2025-05,2025
ORD-10024,21-11-2024,25-11-2024,Standard,CUST-1403,Home Office,India,Jaipur,Rajasthan,North,Technology,Accessories,Smartphone,4,0,570.77,108.77,0.190567129,2024-11,2024
ORD-11310,23-05-2024,26-05-2024,Second Class,CUST-1229,Home Office,India,Mumbai,Maharashtra,West,Technology,Accessories,Business Laptop,4,0.15,3009.63,398.07,0.132265428,2024-05,2024
ORD-10763,04-06-2023,06-06-2023,Standard,CUST-1175,Corporate,India,Jaipur,Rajasthan,North,Technology,Phones,Wireless Headset,4,0,980.78,231.19,0.235720549,2023-06,2023
ORD-12414,19-07-2025,20-07-2025,Standard,CUST-1242,Consumer,India,Kolkata,West Bengal,East,Furniture,Chairs,Conference Table,2,0.1,340.11,33.37,0.098115316,2025-07,2025
ORD-12390,24-07-2025,26-07-2025,Standard,CUST-1114,Corporate,India,Pune,Maharashtra,West,Office Supplies,Writing,Notebook,1,0.15,79.71,8.35,0.104754736,2025-07,2025
ORD-10878,07-01-2023,08-01-2023,Standard,CUST-1250,Consumer,India,Bengaluru,Karnataka,South,Office Supplies,Stationery,Notebook,1,0,35.86,5.44,0.15170106,2023-01,2023
ORD-10582,29-01-2025,31-01-2025,Standard,CUST-1140,Consumer,India,Pune,Maharashtra,West,Technology,Printers,Wireless Headset,3,0.05,929,210.5,0.226587729,2025-01,2025
ORD-11337,17-05-2023,19-05-2023,Standard,CUST-1432,Consumer,India,Ahmedabad,Gujarat,West,Office Supplies,Writing,Envelope Pack,4,0,476.66,90.73,0.19034532,2023-05,2023
ORD-11608,25-04-2023,28-04-2023,Second Class,CUST-1484,Consumer,India,Pune,Maharashtra,West,Technology,Printers,Smartphone,1,0,184.91,33.37,0.180466173,2023-04,2023
ORD-12034,13-07-2024,16-07-2024,Same Day,CUST-1163,Corporate,India,Bhopal,Madhya Pradesh,Central,Office Supplies,Binders,Ball Pen Set,3,0.2,210.08,5.46,0.025990099,2024-07,2024
ORD-10694,06-05-2023,07-05-2023,Standard,CUST-1450,Corporate,India,Delhi,Delhi,North,Office Supplies,Stationery,Desk Organizer,3,0.2,173.46,16.82,0.096967601,2023-05,2023
ORD-12065,03-07-2024,08-07-2024,Standard,CUST-1334,Consumer,India,Ahmedabad,Gujarat,West,Technology,Computers,Tablet,1,0.05,112.77,17.65,0.156513257,2024-07,2024
ORD-10432,30-12-2025,02-01-2026,Standard,CUST-1490,Corporate,India,Nagpur,Maharashtra,Central,Technology,Accessories,USB-C Hub,3,0,606.06,120.24,0.198396198,2025-12,2025
ORD-12113,01-04-2025,03-04-2025,Standard,CUST-1492,Corporate,India,Hyderabad,Telangana,South,Technology,Accessories,Wireless Headset,5,0.05,1700.58,259.68,0.152700843,2025-04,2025
ORD-10944,17-02-2025,19-02-2025,Second Class,CUST-1200,Corporate,India,Jaipur,Rajasthan,North,Furniture,Tables,Office Chair,2,0.3,742.02,-92.3,-0.124390178,2025-02,2025
ORD-12159,14-07-2025,16-07-2025,Standard,CUST-1051,Corporate,India,Nagpur,Maharashtra,Central,Technology,Accessories,Laser Printer,3,0.3,7008.25,161.54,0.023049977,2025-07,2025
ORD-10499,22-10-2023,23-10-2023,First Class,CUST-1552,Consumer,India,Hyderabad,Telangana,South,Technology,Phones,Monitor,3,0.1,1731.29,261.08,0.150800848,2023-10,2023
ORD-10173,01-03-2025,03-03-2025,First Class,CUST-1361,Consumer,India,Kolkata,West Bengal,East,Technology,Printers,Business Laptop,3,0.05,386.59,67.02,0.17336196,2025-03,2025
ORD-10753,02-03-2023,03-03-2023,Standard,CUST-1104,Consumer,India,Ahmedabad,Gujarat,West,Technology,Computers,Laser Printer,2,0.15,136.87,11.13,0.081318039,2023-03,2023
ORD-10847,16-01-2025,19-01-2025,Standard,CUST-1322,Consumer,India,Ahmedabad,Gujarat,West,Furniture,Tables,Conference Table,2,0.05,443.54,39.29,0.088582766,2025-01,2025
ORD-12129,26-11-2024,29-11-2024,Standard,CUST-1365,Consumer,India,Bengaluru,Karnataka,South,Office Supplies,Stationery,Printer Paper,5,0,148.06,17.81,0.120289072,2024-11,2024
ORD-11442,08-09-2025,10-09-2025,First Class,CUST-1594,Home Office,India,Ahmedabad,Gujarat,West,Technology,Computers,Mechanical Keyboard,4,0,1619.07,335.32,0.207106549,2025-09,2025
ORD-11060,16-04-2024,17-04-2024,Same Day,CUST-1534,Consumer,India,Jaipur,Rajasthan,North,Office Supplies,Writing,Ball Pen Set,5,0,218.02,31.79,0.145812311,2024-04,2024
ORD-10409,17-04-2023,21-04-2023,Standard,CUST-1260,Consumer,India,Delhi,Delhi,North,Furniture,Chairs,Standing Desk,2,0.15,230.34,1.06,0.004601893,2023-04,2023
ORD-11159,28-04-2024,30-04-2024,Standard,CUST-1518,Home Office,India,Kolkata,West Bengal,East,Furniture,Storage,Executive Chair,3,0.2,557.33,-9.97,-0.017888863,2024-04,2024
ORD-11685,14-06-2024,19-06-2024,Standard,CUST-1511,Consumer,India,Bengaluru,Karnataka,South,Technology,Phones,Wireless Headset,2,0,406.63,88.25,0.217027765,2024-06,2024
ORD-10340,21-09-2024,25-09-2024,Standard,CUST-1243,Consumer,India,Lucknow,Uttar Pradesh,North,Office Supplies,Writing,Printer Paper,2,0.1,302.17,26.87,0.088923454,2024-09,2024
ORD-11583,21-06-2025,22-06-2025,Second Class,CUST-1134,Corporate,India,Jaipur,Rajasthan,North,Furniture,Office Furniture,Office Chair,2,0.3,156.81,-3.62,-0.023085262,2025-06,2025
ORD-10632,07-10-2024,09-10-2024,Standard,CUST-1261,Corporate,India,Nagpur,Maharashtra,Central,Furniture,Office Furniture,Standing Desk,3,0.1,195.74,26.61,0.135945642,2024-10,2024
ORD-12460,01-06-2023,04-06-2023,Standard,CUST-1451,Corporate,India,Delhi,Delhi,North,Technology,Accessories,Smartphone,1,0,192.25,48.03,0.249830949,2023-06,2023
ORD-11237,20-04-2024,22-04-2024,Standard,CUST-1116,Consumer,India,Pune,Maharashtra,West,Technology,Accessories,USB-C Hub,1,0.15,222.81,21.42,0.096135721,2024-04,2024
ORD-10916,28-04-2024,30-04-2024,Standard,CUST-1442,Corporate,India,Hyderabad,Telangana,South,Office Supplies,Writing,Printer Paper,3,0.2,135.85,18.91,0.139197644,2024-04,2024
ORD-11271,17-11-2023,19-11-2023,Standard,CUST-1518,Consumer,India,Kolkata,West Bengal,East,Office Supplies,Binders,Printer Paper,2,0.15,214.97,18.75,0.087221473,2023-11,2023
ORD-10059,03-01-2024,05-01-2024,Standard,CUST-1162,Corporate,India,Chennai,Tamil Nadu,South,Office Supplies,Writing,File Binder,4,0.15,194.29,4.6,0.023675948,2024-01,2024
ORD-11879,20-11-2025,21-11-2025,First Class,CUST-1214,Consumer,India,Jaipur,Rajasthan,North,Furniture,Tables,Office Chair,1,0,80.64,13.55,0.168030754,2025-11,2025
ORD-12452,14-10-2024,16-10-2024,Standard,CUST-1199,Home Office,India,Hyderabad,Telangana,South,Furniture,Chairs,Reception Desk,2,0.2,232.2,-11.47,-0.049397071,2024-10,2024
ORD-12319,25-02-2024,27-02-2024,Same Day,CUST-1333,Consumer,India,Mumbai,Maharashtra,West,Furniture,Tables,Reception Desk,1,0.15,306.97,6.92,0.02254292,2024-02,2024
ORD-10542,02-12-2025,05-12-2025,First Class,CUST-1082,Corporate,India,Hyderabad,Telangana,South,Technology,Printers,Laser Printer,2,0.1,251.36,34.9,0.138844685,2025-12,2025
ORD-11238,18-11-2023,20-11-2023,Standard,CUST-1294,Corporate,India,Nagpur,Maharashtra,Central,Office Supplies,Stationery,Sticky Notes,1,0.1,108.63,8.84,0.081377152,2023-11,2023
ORD-11739,12-09-2025,13-09-2025,Standard,CUST-1326,Corporate,India,Hyderabad,Telangana,South,Furniture,Storage,Executive Chair,2,0,775.08,89.15,0.115020385,2025-09,2025
ORD-10192,28-05-2025,31-05-2025,Same Day,CUST-1580,Consumer,India,Lucknow,Uttar Pradesh,North,Technology,Printers,Tablet,1,0.05,867.59,193.96,0.223561821,2025-05,2025
ORD-12044,10-08-2025,13-08-2025,Standard,CUST-1301,Consumer,India,Lucknow,Uttar Pradesh,North,Furniture,Tables,Bookshelf,1,0.1,56.86,4.66,0.081955681,2025-08,2025
ORD-10962,03-12-2023,07-12-2023,Standard,CUST-1022,Corporate,India,Bhopal,Madhya Pradesh,Central,Technology,Accessories,Mechanical Keyboard,2,0.2,634.4,40.34,0.063587642,2023-12,2023
ORD-10131,08-01-2024,10-01-2024,Standard,CUST-1276,Consumer,India,Ahmedabad,Gujarat,West,Furniture,Storage,Reception Desk,4,0.2,605.58,19.14,0.031606064,2024-01,2024
ORD-11934,03-12-2025,07-12-2025,First Class,CUST-1442,Home Office,India,Delhi,Delhi,North,Office Supplies,Writing,Envelope Pack,3,0.2,192.5,-9.84,-0.051116883,2025-12,2025
ORD-10934,22-11-2023,23-11-2023,Standard,CUST-1594,Consumer,India,Ahmedabad,Gujarat,West,Office Supplies,Writing,Printer Paper,3,0.05,236.54,28.22,0.119303289,2023-11,2023
ORD-11537,21-05-2023,24-05-2023,Standard,CUST-1504,Consumer,India,Jaipur,Rajasthan,North,Furniture,Tables,Standing Desk,5,0.3,2881.01,-273.58,-0.094959754,2023-05,2023
ORD-11597,06-11-2025,08-11-2025,First Class,CUST-1137,Home Office,India,Ahmedabad,Gujarat,West,Office Supplies,Writing,Ball Pen Set,3,0.15,593.1,36.76,0.06197943,2025-11,2025
ORD-10826,09-12-2024,11-12-2024,Standard,CUST-1068,Consumer,India,Chennai,Tamil Nadu,South,Furniture,Office Furniture,Reception Desk,3,0,948.82,116.38,0.122657617,2024-12,2024
ORD-11676,12-07-2025,13-07-2025,Second Class,CUST-1161,Corporate,India,Chennai,Tamil Nadu,South,Furniture,Tables,Reception Desk,5,0.1,891.61,5.42,0.006078891,2025-07,2025
ORD-11689,16-06-2023,20-06-2023,Standard,CUST-1061,Consumer,India,Jaipur,Rajasthan,North,Technology,Computers,Wireless Headset,4,0.2,1458.82,130.69,0.089586104,2023-06,2023
ORD-10586,08-11-2023,10-11-2023,Standard,CUST-1413,Home Office,India,Jaipur,Rajasthan,North,Office Supplies,Paper,Sticky Notes,3,0.15,151.73,2.71,0.017860674,2023-11,2023
ORD-11764,17-12-2023,20-12-2023,Standard,CUST-1015,Consumer,India,Kolkata,West Bengal,East,Technology,Printers,Wireless Headset,2,0.2,1244.63,102.7,0.082514482,2023-12,2023
ORD-10230,14-07-2023,17-07-2023,Second Class,CUST-1589,Corporate,India,Ahmedabad,Gujarat,West,Technology,Accessories,Business Laptop,1,0.1,540.69,71.13,0.131554125,2023-07,2023
ORD-11563,19-03-2025,23-03-2025,Standard,CUST-1020,Consumer,India,Chennai,Tamil Nadu,South,Technology,Printers,Monitor,2,0.15,297.74,42.24,0.141868745,2025-03,2025
ORD-12440,15-10-2025,19-10-2025,Standard,CUST-1515,Consumer,India,Bengaluru,Karnataka,South,Technology,Phones,Laser Printer,3,0.05,257.61,52.65,0.204378712,2025-10,2025
ORD-10925,04-03-2025,08-03-2025,Same Day,CUST-1338,Home Office,India,Nagpur,Maharashtra,Central,Furniture,Office Furniture,Bookshelf,3,0.2,318.19,-0.79,-0.002482793,2025-03,2025
ORD-11780,31-01-2024,03-02-2024,Standard,CUST-1157,Consumer,India,Bengaluru,Karnataka,South,Technology,Phones,USB-C Hub,1,0.1,458.6,71.69,0.156323594,2024-01,2024
ORD-11387,01-01-2024,03-01-2024,Standard,CUST-1204,Corporate,India,Lucknow,Uttar Pradesh,North,Furniture,Storage,Executive Chair,1,0.15,128.69,9.75,0.075763463,2024-01,2024
ORD-12369,03-09-2023,07-09-2023,Standard,CUST-1141,Consumer,India,Kolkata,West Bengal,East,Office Supplies,Stationery,Envelope Pack,5,0.1,187.42,18.89,0.10078967,2023-09,2023
ORD-12211,05-04-2024,08-04-2024,Standard,CUST-1491,Corporate,India,Bengaluru,Karnataka,South,Office Supplies,Stationery,Sticky Notes,2,0.1,675.38,75.81,0.11224792,2024-04,2024
ORD-10782,28-08-2024,29-08-2024,Standard,CUST-1439,Home Office,India,Kolkata,West Bengal,East,Office Supplies,Binders,Sticky Notes,1,0,108.37,22.27,0.205499677,2024-08,2024
ORD-11377,14-09-2025,17-09-2025,Second Class,CUST-1063,Home Office,India,Mumbai,Maharashtra,West,Technology,Computers,Tablet,4,0.15,1416.47,130.04,0.091805686,2025-09,2025
ORD-11439,27-06-2025,01-07-2025,Standard,CUST-1328,Consumer,India,Chennai,Tamil Nadu,South,Technology,Phones,Tablet,3,0.2,5446.46,515.02,0.094560504,2025-06,2025
ORD-11225,01-06-2023,04-06-2023,Standard,CUST-1203,Corporate,India,Nagpur,Maharashtra,Central,Office Supplies,Paper,Ball Pen Set,2,0,239.99,51.19,0.213300554,2023-06,2023
ORD-11720,19-07-2024,21-07-2024,Same Day,CUST-1213,Consumer,India,Ahmedabad,Gujarat,West,Technology,Computers,Mechanical Keyboard,2,0.05,639.78,144.06,0.225171153,2024-07,2024
ORD-10672,24-03-2024,26-03-2024,Standard,CUST-1534,Home Office,India,Nagpur,Maharashtra,Central,Technology,Accessories,Laser Printer,4,0.15,1067.12,154.16,0.144463603,2024-03,2024
ORD-11860,30-11-2025,03-12-2025,Standard,CUST-1009,Home Office,India,Kolkata,West Bengal,East,Technology,Accessories,Business Laptop,3,0.15,374.69,26.37,0.070378179,2025-11,2025
ORD-10272,19-05-2023,20-05-2023,Standard,CUST-1226,Corporate,India,Kolkata,West Bengal,East,Office Supplies,Binders,Printer Paper,2,0.1,128.56,18.12,0.140945862,2023-05,2023
ORD-12354,26-07-2025,29-07-2025,Standard,CUST-1532,Consumer,India,Bhopal,Madhya Pradesh,Central,Furniture,Chairs,Office Chair,2,0.15,774.59,24.83,0.032055668,2025-07,2025
ORD-10855,05-11-2024,07-11-2024,Standard,CUST-1273,Home Office,India,Bhopal,Madhya Pradesh,Central,Office Supplies,Binders,Ball Pen Set,1,0.1,62.19,4.74,0.076218041,2024-11,2024
ORD-11057,14-10-2025,17-10-2025,Standard,CUST-1358,Consumer,India,Delhi,Delhi,North,Furniture,Chairs,Office Chair,3,0.05,660.95,52.23,0.079022619,2025-10,2025
ORD-11511,19-10-2024,20-10-2024,Standard,CUST-1366,Consumer,India,Ahmedabad,Gujarat,West,Technology,Accessories,Business Laptop,1,0.2,202.11,12.4,0.061352729,2024-10,2024
ORD-11365,18-01-2023,20-01-2023,Second Class,CUST-1255,Consumer,India,Mumbai,Maharashtra,West,Furniture,Tables,Executive Chair,2,0.15,540.93,-16.64,-0.030761836,2023-01,2023
ORD-11308,28-10-2023,30-10-2023,Standard,CUST-1597,Home Office,India,Delhi,Delhi,North,Furniture,Chairs,Executive Chair,2,0.15,185.44,7.71,0.04157679,2023-10,2023
ORD-10546,25-07-2024,27-07-2024,Standard,CUST-1222,Consumer,India,Jaipur,Rajasthan,North,Office Supplies,Writing,Sticky Notes,2,0.05,136.29,14.11,0.103529239,2024-07,2024
ORD-12122,20-05-2025,24-05-2025,Same Day,CUST-1223,Home Office,India,Lucknow,Uttar Pradesh,North,Technology,Accessories,Business Laptop,1,0,203.63,42.59,0.209153857,2025-05,2025
ORD-11305,20-05-2024,24-05-2024,Same Day,CUST-1145,Consumer,India,Chennai,Tamil Nadu,South,Office Supplies,Paper,File Binder,1,0,37.8,7.39,0.195502646,2024-05,2024
ORD-11100,18-06-2023,22-06-2023,Second Class,CUST-1135,Consumer,India,Pune,Maharashtra,West,Office Supplies,Writing,Ball Pen Set,2,0.05,57.19,9.09,0.158943871,2023-06,2023
ORD-10314,10-07-2024,12-07-2024,Second Class,CUST-1207,Consumer,India,Ahmedabad,Gujarat,West,Technology,Phones,Wireless Headset,4,0.3,605.12,25.6,0.042305658,2024-07,2024
ORD-10386,31-10-2023,03-11-2023,First Class,CUST-1446,Consumer,India,Pune,Maharashtra,West,Furniture,Office Furniture,Office Chair,3,0,732.1,25.8,0.035241087,2023-10,2023
ORD-10358,18-01-2024,20-01-2024,First Class,CUST-1327,Corporate,India,Jaipur,Rajasthan,North,Furniture,Storage,Standing Desk,4,0.15,212.52,13.11,0.061688312,2024-01,2024
ORD-11165,29-09-2025,01-10-2025,First Class,CUST-1564,Corporate,India,Ahmedabad,Gujarat,West,Furniture,Chairs,Office Chair,1,0,399.36,53.5,0.133964343,2025-09,2025
ORD-11363,11-04-2025,13-04-2025,First Class,CUST-1139,Consumer,India,Mumbai,Maharashtra,West,Technology,Accessories,Laser Printer,3,0.1,1003.66,132.77,0.132285834,2025-04,2025
ORD-10332,12-08-2024,14-08-2024,Second Class,CUST-1041,Consumer,India,Nagpur,Maharashtra,Central,Office Supplies,Binders,Envelope Pack,5,0.1,202.13,20.61,0.101964083,2024-08,2024
ORD-11488,29-12-2025,31-12-2025,Standard,CUST-1239,Consumer,India,Delhi,Delhi,North,Technology,Phones,Wireless Headset,5,0.2,1023.4,57.04,0.055735783,2025-12,2025
ORD-10867,29-06-2023,30-06-2023,Second Class,CUST-1258,Corporate,India,Kolkata,West Bengal,East,Furniture,Storage,Filing Cabinet,5,0.2,644.74,11.93,0.018503583,2023-06,2023
ORD-10425,12-07-2024,14-07-2024,Standard,CUST-1357,Home Office,India,Bhopal,Madhya Pradesh,Central,Furniture,Chairs,Executive Chair,1,0.2,209.49,-1.97,-0.00940379,2024-07,2024
ORD-11500,27-04-2024,02-05-2024,Second Class,CUST-1161,Corporate,India,Delhi,Delhi,North,Office Supplies,Writing,Printer Paper,1,0.05,37.2,4.49,0.120698925,2024-04,2024
ORD-10946,30-01-2024,02-02-2024,Standard,CUST-1576,Consumer,India,Pune,Maharashtra,West,Technology,Computers,Business Laptop,5,0.05,2962.93,358.28,0.120920845,2024-01,2024
ORD-11248,25-01-2025,28-01-2025,First Class,CUST-1385,Consumer,India,Ahmedabad,Gujarat,West,Technology,Phones,Mechanical Keyboard,2,0.1,137.7,21.68,0.157443718,2025-01,2025
ORD-11746,24-05-2025,26-05-2025,Standard,CUST-1222,Consumer,India,Hyderabad,Telangana,South,Technology,Printers,Wireless Headset,2,0.05,1998.4,321.97,0.161113891,2025-05,2025
ORD-10193,13-06-2024,18-06-2024,Standard,CUST-1005,Consumer,India,Chennai,Tamil Nadu,South,Technology,Computers,Business Laptop,2,0.3,248.3,5.68,0.022875554,2024-06,2024
ORD-11061,11-01-2025,14-01-2025,Standard,CUST-1297,Consumer,India,Lucknow,Uttar Pradesh,North,Technology,Printers,Tablet,2,0.1,544.04,78.34,0.143996765,2025-01,2025
ORD-11408,16-05-2024,19-05-2024,Second Class,CUST-1253,Corporate,India,Nagpur,Maharashtra,Central,Office Supplies,Stationery,Desk Organizer,5,0.2,129.54,1.02,0.007874016,2024-05,2024
ORD-11504,16-09-2023,17-09-2023,Standard,CUST-1206,Consumer,India,Kolkata,West Bengal,East,Office Supplies,Writing,Sticky Notes,1,0.1,198.34,28.03,0.141322981,2023-09,2023
ORD-10843,11-10-2024,13-10-2024,Second Class,CUST-1380,Corporate,India,Bhopal,Madhya Pradesh,Central,Office Supplies,Stationery,File Binder,5,0.3,572.37,18.58,0.03246152,2024-10,2024
ORD-11922,26-12-2023,28-12-2023,First Class,CUST-1172,Consumer,India,Pune,Maharashtra,West,Furniture,Chairs,Filing Cabinet,5,0.2,273.41,-9.85,-0.03602648,2023-12,2023
ORD-10201,04-06-2023,07-06-2023,Same Day,CUST-1026,Consumer,India,Chennai,Tamil Nadu,South,Technology,Accessories,Monitor,2,0.05,287.52,58.12,0.20214246,2023-06,2023
ORD-11329,10-11-2025,13-11-2025,Standard,CUST-1496,Consumer,India,Bhopal,Madhya Pradesh,Central,Technology,Printers,Wireless Headset,2,0.2,412.16,16.15,0.039183812,2025-11,2025
ORD-12324,05-04-2024,06-04-2024,Second Class,CUST-1332,Consumer,India,Jaipur,Rajasthan,North,Furniture,Storage,Bookshelf,5,0.2,655.79,-1.12,-0.001707864,2024-04,2024
ORD-11978,21-12-2024,23-12-2024,Second Class,CUST-1373,Consumer,India,Kolkata,West Bengal,East,Furniture,Storage,Office Chair,3,0,1019.78,151.34,0.148404558,2024-12,2024
ORD-10787,15-12-2023,19-12-2023,Standard,CUST-1515,Home Office,India,Chennai,Tamil Nadu,South,Technology,Accessories,USB-C Hub,3,0,504.18,90.58,0.179658059,2023-12,2023
ORD-10555,24-07-2025,28-07-2025,Second Class,CUST-1265,Corporate,India,Bhopal,Madhya Pradesh,Central,Technology,Accessories,Business Laptop,4,0.2,2528.55,242.24,0.095801942,2025-07,2025
ORD-11205,12-05-2025,15-05-2025,Standard,CUST-1568,Consumer,India,Nagpur,Maharashtra,Central,Technology,Accessories,Laser Printer,3,0.05,438.56,73.09,0.166659066,2025-05,2025
ORD-11262,16-04-2023,18-04-2023,Standard,CUST-1263,Home Office,India,Ahmedabad,Gujarat,West,Technology,Computers,Tablet,3,0.15,1802.34,138.77,0.076994352,2023-04,2023
ORD-11584,11-06-2025,12-06-2025,Second Class,CUST-1401,Home Office,India,Jaipur,Rajasthan,North,Technology,Accessories,Tablet,2,0.2,584.33,50.79,0.086920062,2025-06,2025
ORD-10430,12-11-2025,14-11-2025,First Class,CUST-1216,Corporate,India,Mumbai,Maharashtra,West,Technology,Printers,USB-C Hub,3,0,445.84,88.04,0.197469944,2025-11,2025
ORD-10123,11-06-2025,14-06-2025,First Class,CUST-1274,Consumer,India,Lucknow,Uttar Pradesh,North,Technology,Printers,USB-C Hub,3,0.15,940.06,84.62,0.090015531,2025-06,2025
ORD-11069,27-03-2023,31-03-2023,Standard,CUST-1277,Consumer,India,Pune,Maharashtra,West,Office Supplies,Stationery,Printer Paper,2,0.3,166.19,-11,-0.066189301,2023-03,2023
ORD-11088,13-09-2024,14-09-2024,Second Class,CUST-1416,Corporate,India,Bengaluru,Karnataka,South,Office Supplies,Binders,Printer Paper,2,0,42.3,7.06,0.166903073,2024-09,2024
ORD-12267,13-08-2025,17-08-2025,Same Day,CUST-1565,Home Office,India,Bhopal,Madhya Pradesh,Central,Office Supplies,Stationery,Sticky Notes,3,0,343.6,51.04,0.14854482,2025-08,2025
ORD-12311,10-02-2025,12-02-2025,Standard,CUST-1331,Corporate,India,Bhopal,Madhya Pradesh,Central,Office Supplies,Writing,Sticky Notes,4,0.3,1074.52,-52.87,-0.049203365,2025-02,2025
ORD-10823,24-03-2023,27-03-2023,Standard,CUST-1353,Home Office,India,Hyderabad,Telangana,South,Office Supplies,Binders,Notebook,2,0.05,79.57,11.3,0.142013322,2023-03,2023
ORD-11007,25-05-2023,26-05-2023,Standard,CUST-1129,Consumer,India,Bengaluru,Karnataka,South,Furniture,Tables,Conference Table,3,0.05,292.66,26.43,0.090309574,2023-05,2023
ORD-10497,03-01-2025,07-01-2025,Standard,CUST-1438,Consumer,India,Nagpur,Maharashtra,Central,Technology,Printers,Mechanical Keyboard,3,0.1,974.35,100.5,0.103145687,2025-01,2025
ORD-10738,18-06-2023,23-06-2023,Standard,CUST-1500,Consumer,India,Pune,Maharashtra,West,Office Supplies,Stationery,Ball Pen Set,2,0.3,48.01,-0.79,-0.016454905,2023-06,2023
ORD-11251,22-04-2023,24-04-2023,Standard,CUST-1269,Home Office,India,Kolkata,West Bengal,East,Furniture,Chairs,Conference Table,2,0.15,497.34,15.63,0.031427193,2023-04,2023
ORD-10448,20-03-2025,22-03-2025,Standard,CUST-1132,Home Office,India,Pune,Maharashtra,West,Office Supplies,Stationery,File Binder,2,0,109.64,20.58,0.187705217,2025-03,2025
ORD-10083,21-09-2023,25-09-2023,Same Day,CUST-1567,Consumer,India,Bhopal,Madhya Pradesh,Central,Technology,Computers,Wireless Headset,4,0.05,861.19,76.89,0.089283433,2023-09,2023
ORD-10109,08-03-2025,09-03-2025,Standard,CUST-1152,Home Office,India,Nagpur,Maharashtra,Central,Furniture,Storage,Conference Table,2,0.05,487.5,84.07,0.172451282,2025-03,2025
ORD-11058,13-04-2025,17-04-2025,Standard,CUST-1552,Corporate,India,Pune,Maharashtra,West,Technology,Printers,Wireless Headset,5,0,6004.42,1018.96,0.169701653,2025-04,2025
ORD-11441,19-05-2024,22-05-2024,Second Class,CUST-1276,Consumer,India,Ahmedabad,Gujarat,West,Technology,Printers,Monitor,3,0,850.33,139.33,0.163854033,2024-05,2024
ORD-11620,23-09-2024,25-09-2024,Standard,CUST-1584,Consumer,India,Delhi,Delhi,North,Technology,Computers,Smartphone,1,0,577.81,160.1,0.277080701,2024-09,2024
ORD-11901,29-10-2023,01-11-2023,Standard,CUST-1382,Corporate,India,Nagpur,Maharashtra,Central,Furniture,Office Furniture,Filing Cabinet,5,0,1993.31,330.49,0.1657996,2023-10,2023
ORD-11892,08-09-2024,10-09-2024,Standard,CUST-1078,Consumer,India,Hyderabad,Telangana,South,Office Supplies,Binders,Envelope Pack,1,0.1,32.65,1.66,0.050842266,2024-09,2024
ORD-12323,15-07-2024,18-07-2024,Standard,CUST-1008,Consumer,India,Mumbai,Maharashtra,West,Office Supplies,Binders,Desk Organizer,3,0,427.12,96.13,0.225065555,2024-07,2024
ORD-12064,15-08-2023,16-08-2023,Standard,CUST-1591,Corporate,India,Mumbai,Maharashtra,West,Technology,Phones,USB-C Hub,2,0,235.09,54.13,0.230252244,2023-08,2023
ORD-10345,21-03-2024,25-03-2024,Standard,CUST-1078,Home Office,India,Chennai,Tamil Nadu,South,Furniture,Office Furniture,Standing Desk,3,0,466.3,87.4,0.187432983,2024-03,2024
ORD-10334,31-08-2024,03-09-2024,Standard,CUST-1481,Consumer,India,Mumbai,Maharashtra,West,Office Supplies,Binders,Printer Paper,3,0,227.84,44.29,0.194390801,2024-08,2024
ORD-10903,29-10-2024,31-10-2024,First Class,CUST-1514,Consumer,India,Hyderabad,Telangana,South,Office Supplies,Stationery,Notebook,3,0.15,275.3,18.48,0.067126771,2024-10,2024
ORD-10079,01-11-2023,02-11-2023,Standard,CUST-1110,Corporate,India,Chennai,Tamil Nadu,South,Furniture,Tables,Office Chair,2,0,289.53,34.73,0.119953027,2023-11,2023
ORD-11796,15-04-2025,19-04-2025,Same Day,CUST-1443,Consumer,India,Chennai,Tamil Nadu,South,Office Supplies,Binders,Notebook,2,0.15,104.9,3.22,0.030695901,2025-04,2025
ORD-10218,24-02-2024,26-02-2024,Second Class,CUST-1414,Consumer,India,Kolkata,West Bengal,East,Furniture,Storage,Standing Desk,2,0.2,190.51,-0.91,-0.004776652,2024-02,2024
ORD-12233,21-12-2024,23-12-2024,Same Day,CUST-1048,Corporate,India,Delhi,Delhi,North,Office Supplies,Binders,Ball Pen Set,2,0.1,112.43,11.29,0.100418038,2024-12,2024
ORD-10039,19-03-2023,21-03-2023,Standard,CUST-1363,Consumer,India,Bengaluru,Karnataka,South,Technology,Phones,USB-C Hub,1,0.05,351.72,56.64,0.161037189,2023-03,2023
ORD-11459,18-04-2023,21-04-2023,First Class,CUST-1329,Home Office,India,Jaipur,Rajasthan,North,Office Supplies,Writing,Desk Organizer,2,0.05,186.85,23.44,0.12544822,2023-04,2023
ORD-11261,16-05-2023,17-05-2023,Standard,CUST-1218,Consumer,India,Kolkata,West Bengal,East,Technology,Phones,Wireless Headset,1,0.15,157.4,19.73,0.125349428,2023-05,2023
ORD-10923,12-10-2023,14-10-2023,Second Class,CUST-1255,Consumer,India,Lucknow,Uttar Pradesh,North,Furniture,Office Furniture,Standing Desk,3,0.1,294.37,17.12,0.0581581,2023-10,2023
ORD-11893,04-03-2025,06-03-2025,Standard,CUST-1499,Consumer,India,Bhopal,Madhya Pradesh,Central,Furniture,Office Furniture,Executive Chair,3,0.3,335.51,-31.26,-0.09317159,2025-03,2025
ORD-11314,18-06-2024,21-06-2024,Same Day,CUST-1408,Home Office,India,Delhi,Delhi,North,Office Supplies,Paper,Desk Organizer,2,0.2,126.54,4.88,0.038564881,2024-06,2024
ORD-10994,20-07-2024,25-07-2024,Standard,CUST-1027,Consumer,India,Delhi,Delhi,North,Technology,Accessories,Laser Printer,1,0.15,530.76,17.35,0.032688974,2024-07,2024
ORD-11745,16-01-2023,18-01-2023,Standard,CUST-1258,Consumer,India,Delhi,Delhi,North,Technology,Computers,USB-C Hub,1,0,196.83,34.5,0.175278159,2023-01,2023
ORD-10214,14-02-2024,17-02-2024,Second Class,CUST-1356,Consumer,India,Pune,Maharashtra,West,Furniture,Tables,Bookshelf,4,0.15,267.48,13.42,0.050171975,2024-02,2024
ORD-11055,21-01-2025,24-01-2025,Standard,CUST-1517,Home Office,India,Lucknow,Uttar Pradesh,North,Office Supplies,Stationery,Notebook,3,0.2,209.9,16.88,0.080419247,2025-01,2025
ORD-11521,18-10-2024,21-10-2024,Standard,CUST-1046,Corporate,India,Kolkata,West Bengal,East,Office Supplies,Paper,Sticky Notes,2,0.15,172.9,22.63,0.130884905,2024-10,2024
ORD-11760,28-08-2024,31-08-2024,Second Class,CUST-1499,Corporate,India,Lucknow,Uttar Pradesh,North,Office Supplies,Stationery,Envelope Pack,3,0,204.18,23.86,0.116857675,2024-08,2024
ORD-10031,05-12-2025,08-12-2025,Standard,CUST-1577,Consumer,India,Bhopal,Madhya Pradesh,Central,Technology,Computers,Monitor,4,0.2,798.62,58.9,0.073752223,2025-12,2025
ORD-10111,27-02-2023,02-03-2023,Second Class,CUST-1294,Corporate,India,Bengaluru,Karnataka,South,Technology,Accessories,Smartphone,1,0.3,149.26,-3.57,-0.023917995,2023-02,2023
ORD-10088,20-04-2024,23-04-2024,Standard,CUST-1068,Consumer,India,Ahmedabad,Gujarat,West,Office Supplies,Stationery,Envelope Pack,1,0,85.63,11.11,0.129744249,2024-04,2024
ORD-10980,20-05-2025,23-05-2025,First Class,CUST-1576,Corporate,India,Lucknow,Uttar Pradesh,North,Office Supplies,Binders,Ball Pen Set,4,0.15,1330.09,118.35,0.088978941,2025-05,2025
ORD-11377,16-01-2024,18-01-2024,Standard,CUST-1129,Corporate,India,Delhi,Delhi,North,Office Supplies,Writing,File Binder,4,0.1,286.96,35.09,0.122281851,2024-01,2024
ORD-10805,17-07-2023,19-07-2023,Standard,CUST-1375,Consumer,India,Bengaluru,Karnataka,South,Furniture,Storage,Bookshelf,3,0.1,462.05,43.46,0.094059085,2023-07,2023
ORD-10159,09-07-2025,12-07-2025,Standard,CUST-1389,Consumer,India,Ahmedabad,Gujarat,West,Technology,Phones,Laser Printer,5,0.1,1980.42,301.57,0.15227578,2025-07,2025
ORD-10102,10-06-2025,12-06-2025,First Class,CUST-1143,Consumer,India,Bhopal,Madhya Pradesh,Central,Furniture,Office Furniture,Standing Desk,5,0.1,191.94,11.53,0.060070855,2025-06,2025
ORD-11257,22-03-2025,25-03-2025,Second Class,CUST-1434,Consumer,India,Hyderabad,Telangana,South,Technology,Accessories,Business Laptop,2,0.15,683.62,82.69,0.120959012,2025-03,2025
ORD-11093,24-02-2023,25-02-2023,Standard,CUST-1056,Consumer,India,Ahmedabad,Gujarat,West,Furniture,Office Furniture,Office Chair,5,0.3,559.17,-58.15,-0.103993419,2023-02,2023
ORD-11692,08-01-2025,10-01-2025,Second Class,CUST-1268,Consumer,India,Hyderabad,Telangana,South,Furniture,Office Furniture,Bookshelf,2,0.05,505.82,31.83,0.062927524,2025-01,2025
ORD-10351,01-01-2024,02-01-2024,Standard,CUST-1391,Consumer,India,Bhopal,Madhya Pradesh,Central,Furniture,Storage,Reception Desk,5,0.1,301.57,8.79,0.029147462,2024-01,2024
ORD-11074,16-03-2025,20-03-2025,Same Day,CUST-1554,Home Office,India,Mumbai,Maharashtra,West,Office Supplies,Paper,Ball Pen Set,3,0.1,71.78,8.97,0.124965171,2025-03,2025
ORD-11788,21-07-2024,24-07-2024,Standard,CUST-1383,Consumer,India,Ahmedabad,Gujarat,West,Furniture,Storage,Bookshelf,4,0.1,927.67,59.81,0.064473358,2024-07,2024
ORD-10069,04-10-2023,06-10-2023,Second Class,CUST-1501,Corporate,India,Hyderabad,Telangana,South,Technology,Phones,Business Laptop,4,0,938.95,144.4,0.153788807,2023-10,2023
ORD-12179,18-04-2023,19-04-2023,Second Class,CUST-1479,Home Office,India,Bhopal,Madhya Pradesh,Central,Furniture,Storage,Executive Chair,3,0.3,389.26,-24.26,-0.062323383,2023-04,2023
ORD-10089,22-10-2025,25-10-2025,First Class,CUST-1376,Corporate,India,Jaipur,Rajasthan,North,Furniture,Office Furniture,Conference Table,4,0.3,473.06,-18.83,-0.039804676,2025-10,2025
ORD-10051,18-03-2025,22-03-2025,Same Day,CUST-1342,Consumer,India,Delhi,Delhi,North,Technology,Printers,Monitor,1,0.05,42.6,7.01,0.164553991,2025-03,2025
ORD-11894,03-05-2024,07-05-2024,Standard,CUST-1496,Consumer,India,Pune,Maharashtra,West,Office Supplies,Writing,Printer Paper,1,0,60.32,10.91,0.1808687,2024-05,2024
ORD-12340,12-04-2024,15-04-2024,Standard,CUST-1004,Home Office,India,Ahmedabad,Gujarat,West,Furniture,Storage,Standing Desk,3,0.05,2900.8,285.31,0.098355626,2024-04,2024
ORD-11424,26-12-2023,31-12-2023,Standard,CUST-1593,Home Office,India,Chennai,Tamil Nadu,South,Technology,Accessories,Business Laptop,3,0.15,300.45,13.4,0.044599767,2023-12,2023
ORD-11053,03-09-2023,04-09-2023,Standard,CUST-1597,Corporate,India,Lucknow,Uttar Pradesh,North,Technology,Printers,Wireless Headset,3,0.15,1576.79,232.73,0.147597334,2023-09,2023
ORD-12007,12-03-2024,13-03-2024,Second Class,CUST-1202,Consumer,India,Hyderabad,Telangana,South,Office Supplies,Writing,Desk Organizer,5,0,685.47,95.56,0.139407997,2024-03,2024
ORD-10825,06-04-2024,09-04-2024,Standard,CUST-1503,Corporate,India,Bhopal,Madhya Pradesh,Central,Technology,Printers,Wireless Headset,1,0,201.87,41.1,0.203596374,2024-04,2024
ORD-12347,21-04-2023,25-04-2023,Standard,CUST-1166,Consumer,India,Kolkata,West Bengal,East,Office Supplies,Paper,Printer Paper,3,0.15,103.05,11.5,0.111596312,2023-04,2023
ORD-11458,04-02-2023,06-02-2023,First Class,CUST-1093,Consumer,India,Nagpur,Maharashtra,Central,Technology,Accessories,Tablet,4,0.1,768.26,126.9,0.165178455,2023-02,2023
ORD-10148,19-02-2023,20-02-2023,Standard,CUST-1109,Consumer,India,Hyderabad,Telangana,South,Office Supplies,Writing,Printer Paper,5,0.1,850.79,72.61,0.085344209,2023-02,2023
ORD-11527,10-02-2024,11-02-2024,Standard,CUST-1503,Home Office,India,Ahmedabad,Gujarat,West,Technology,Computers,Business Laptop,3,0.15,1194.74,108.52,0.090831478,2024-02,2024
ORD-10976,17-11-2023,20-11-2023,Standard,CUST-1162,Home Office,India,Hyderabad,Telangana,South,Technology,Accessories,Monitor,3,0.1,2489.09,258.64,0.103909461,2023-11,2023
ORD-11194,16-12-2023,21-12-2023,First Class,CUST-1045,Consumer,India,Bengaluru,Karnataka,South,Technology,Accessories,Smartphone,2,0.05,790.07,120.42,0.152416874,2023-12,2023
ORD-10094,26-01-2025,29-01-2025,Second Class,CUST-1413,Consumer,India,Kolkata,West Bengal,East,Technology,Computers,Wireless Headset,4,0,360.9,49.83,0.138071488,2025-01,2025
ORD-10201,06-08-2025,10-08-2025,Standard,CUST-1458,Consumer,India,Ahmedabad,Gujarat,West,Technology,Accessories,Smartphone,1,0.1,798.12,112.54,0.141006365,2025-08,2025
ORD-11197,04-11-2025,05-11-2025,Standard,CUST-1597,Consumer,India,Pune,Maharashtra,West,Office Supplies,Writing,Printer Paper,5,0.1,514.56,49.34,0.095887749,2025-11,2025
ORD-12314,01-09-2023,03-09-2023,Standard,CUST-1473,Consumer,India,Bengaluru,Karnataka,South,Office Supplies,Binders,Ball Pen Set,2,0.15,123.8,11.86,0.095799677,2023-09,2023
ORD-12197,19-02-2025,22-02-2025,Second Class,CUST-1209,Corporate,India,Kolkata,West Bengal,East,Technology,Phones,Tablet,2,0,240.57,55.12,0.229122501,2025-02,2025
ORD-12071,31-01-2023,04-02-2023,First Class,CUST-1204,Consumer,India,Lucknow,Uttar Pradesh,North,Technology,Phones,Wireless Headset,2,0.1,742.92,112.3,0.151160286,2023-01,2023
ORD-12203,07-05-2024,10-05-2024,Standard,CUST-1119,Corporate,India,Chennai,Tamil Nadu,South,Furniture,Storage,Bookshelf,2,0.15,245.63,3.86,0.015714693,2024-05,2024
ORD-11595,03-02-2024,07-02-2024,First Class,CUST-1322,Consumer,India,Lucknow,Uttar Pradesh,North,Office Supplies,Stationery,Ball Pen Set,1,0,158.02,31.24,0.197696494,2024-02,2024
ORD-11542,17-08-2023,21-08-2023,Standard,CUST-1027,Consumer,India,Hyderabad,Telangana,South,Technology,Computers,Laser Printer,2,0,734.31,127.19,0.173210225,2023-08,2023
ORD-11842,13-01-2025,14-01-2025,First Class,CUST-1107,Consumer,India,Nagpur,Maharashtra,Central,Office Supplies,Writing,Notebook,3,0.3,219.4,2.09,0.00952598,2025-01,2025
ORD-12473,05-08-2025,07-08-2025,Standard,CUST-1528,Home Office,India,Hyderabad,Telangana,South,Technology,Printers,Wireless Headset,5,0.05,1030.83,131.61,0.127673816,2025-08,2025
ORD-11683,29-01-2023,01-02-2023,Standard,CUST-1003,Consumer,India,Mumbai,Maharashtra,West,Furniture,Office Furniture,Standing Desk,2,0,337.36,60.41,0.179066872,2023-01,2023
ORD-11733,30-01-2024,01-02-2024,Standard,CUST-1430,Home Office,India,Bhopal,Madhya Pradesh,Central,Technology,Accessories,Laser Printer,3,0.1,1577.79,211.46,0.134022905,2024-01,2024
ORD-11402,14-04-2023,17-04-2023,First Class,CUST-1013,Corporate,India,Kolkata,West Bengal,East,Technology,Accessories,USB-C Hub,3,0.1,2995.18,493.91,0.164901609,2023-04,2023
ORD-11788,10-11-2023,13-11-2023,Standard,CUST-1341,Consumer,India,Hyderabad,Telangana,South,Furniture,Office Furniture,Conference Table,3,0.15,238.39,20.5,0.08599354,2023-11,2023
ORD-12098,29-01-2025,01-02-2025,Standard,CUST-1132,Corporate,India,Mumbai,Maharashtra,West,Furniture,Tables,Filing Cabinet,2,0,196.81,26.01,0.132157919,2025-01,2025
ORD-10855,09-09-2024,12-09-2024,Standard,CUST-1557,Corporate,India,Lucknow,Uttar Pradesh,North,Furniture,Tables,Bookshelf,4,0.3,793.36,-4.97,-0.006264495,2024-09,2024
ORD-11621,28-02-2025,05-03-2025,First Class,CUST-1239,Consumer,India,Bhopal,Madhya Pradesh,Central,Technology,Printers,USB-C Hub,3,0,1228.16,265.41,0.216103765,2025-02,2025
ORD-11724,22-12-2025,23-12-2025,Standard,CUST-1443,Consumer,India,Nagpur,Maharashtra,Central,Technology,Phones,Business Laptop,2,0.15,657.48,90.74,0.138011803,2025-12,2025
ORD-11503,05-02-2023,08-02-2023,Standard,CUST-1574,Consumer,India,Mumbai,Maharashtra,West,Furniture,Office Furniture,Conference Table,3,0.1,1272.45,111.08,0.087296161,2023-02,2023
ORD-11605,30-05-2023,04-06-2023,Same Day,CUST-1354,Corporate,India,Lucknow,Uttar Pradesh,North,Technology,Accessories,Business Laptop,2,0.1,129.65,18.97,0.146317007,2023-05,2023
ORD-10429,13-01-2024,15-01-2024,Same Day,CUST-1551,Consumer,India,Nagpur,Maharashtra,Central,Technology,Phones,USB-C Hub,3,0.3,636.6,31.69,0.049780082,2024-01,2024
ORD-11632,19-03-2025,21-03-2025,Standard,CUST-1053,Consumer,India,Ahmedabad,Gujarat,West,Office Supplies,Stationery,File Binder,3,0.05,123.55,16.88,0.136624848,2025-03,2025
ORD-11295,04-09-2025,08-09-2025,Standard,CUST-1179,Home Office,India,Hyderabad,Telangana,South,Office Supplies,Binders,Printer Paper,2,0.2,362.42,35.99,0.099304674,2025-09,2025
ORD-10170,24-02-2023,28-02-2023,Second Class,CUST-1062,Corporate,India,Bengaluru,Karnataka,South,Furniture,Office Furniture,Conference Table,1,0.1,138.71,18.21,0.13128109,2023-02,2023
ORD-10593,20-08-2025,21-08-2025,Second Class,CUST-1016,Consumer,India,Lucknow,Uttar Pradesh,North,Office Supplies,Writing,Ball Pen Set,2,0.15,135.39,16.69,0.123273506,2025-08,2025
ORD-10273,03-11-2025,06-11-2025,Standard,CUST-1582,Corporate,India,Chennai,Tamil Nadu,South,Furniture,Office Furniture,Reception Desk,1,0.15,294.75,7.88,0.026734521,2025-11,2025
ORD-11543,27-03-2024,29-03-2024,Standard,CUST-1431,Corporate,India,Bengaluru,Karnataka,South,Technology,Accessories,Wireless Headset,2,0.2,277.17,30.54,0.110185085,2024-03,2024
ORD-12441,08-05-2025,11-05-2025,Standard,CUST-1565,Corporate,India,Bhopal,Madhya Pradesh,Central,Furniture,Tables,Reception Desk,4,0,2121.1,313.34,0.147725237,2025-05,2025
ORD-11375,30-06-2025,02-07-2025,Same Day,CUST-1416,Consumer,India,Bengaluru,Karnataka,South,Office Supplies,Stationery,Ball Pen Set,5,0,340.82,61.09,0.179244176,2025-06,2025
ORD-11787,02-09-2025,06-09-2025,Same Day,CUST-1267,Corporate,India,Lucknow,Uttar Pradesh,North,Technology,Accessories,Tablet,1,0.2,242.28,28.89,0.119242199,2025-09,2025
ORD-11269,14-11-2024,16-11-2024,Standard,CUST-1558,Home Office,India,Hyderabad,Telangana,South,Furniture,Storage,Office Chair,3,0.1,625.11,68.13,0.108988818,2024-11,2024
ORD-11767,17-05-2024,21-05-2024,First Class,CUST-1590,Home Office,India,Bhopal,Madhya Pradesh,Central,Furniture,Tables,Bookshelf,4,0.15,487.58,-7.2,-0.014766807,2024-05,2024
ORD-11100,04-09-2024,09-09-2024,Second Class,CUST-1465,Consumer,India,Nagpur,Maharashtra,Central,Technology,Accessories,Business Laptop,3,0.15,215.31,15.85,0.073614788,2024-09,2024
ORD-10179,04-05-2024,07-05-2024,Second Class,CUST-1439,Home Office,India,Bhopal,Madhya Pradesh,Central,Furniture,Tables,Conference Table,3,0.15,139.76,9.05,0.064753864,2024-05,2024
ORD-10611,13-09-2024,15-09-2024,Standard,CUST-1162,Consumer,India,Bhopal,Madhya Pradesh,Central,Technology,Accessories,Business Laptop,2,0.15,163.66,23.34,0.142612734,2024-09,2024
ORD-10315,07-12-2025,12-12-2025,Standard,CUST-1557,Consumer,India,Delhi,Delhi,North,Furniture,Office Furniture,Standing Desk,1,0.2,634.51,8.4,0.013238562,2025-12,2025
ORD-10528,19-03-2024,21-03-2024,Standard,CUST-1338,Home Office,India,Bhopal,Madhya Pradesh,Central,Office Supplies,Binders,Notebook,4,0.15,323.46,41.84,0.129351388,2024-03,2024
ORD-11289,23-02-2023,24-02-2023,Standard,CUST-1027,Consumer,India,Pune,Maharashtra,West,Furniture,Tables,Office Chair,2,0,387.59,36.14,0.09324286,2023-02,2023
ORD-10136,11-12-2025,12-12-2025,First Class,CUST-1046,Home Office,India,Bhopal,Madhya Pradesh,Central,Office Supplies,Binders,File Binder,4,0,402.28,49.4,0.12280004,2025-12,2025
ORD-11984,10-05-2023,13-05-2023,Standard,CUST-1208,Consumer,India,Bhopal,Madhya Pradesh,Central,Technology,Printers,Mechanical Keyboard,1,0.2,184.41,15.47,0.08388916,2023-05,2023
ORD-11599,27-02-2023,02-03-2023,Second Class,CUST-1357,Home Office,India,Mumbai,Maharashtra,West,Office Supplies,Writing,Printer Paper,1,0.1,52.66,7.05,0.133877706,2023-02,2023
ORD-12497,04-11-2024,06-11-2024,Standard,CUST-1206,Corporate,India,Hyderabad,Telangana,South,Office Supplies,Stationery,Ball Pen Set,3,0.1,204.53,19.52,0.095438322,2024-11,2024
ORD-11339,12-07-2025,13-07-2025,Standard,CUST-1452,Consumer,India,Ahmedabad,Gujarat,West,Furniture,Office Furniture,Office Chair,4,0.1,1097.43,129.5,0.118002971,2025-07,2025
ORD-10304,28-03-2023,31-03-2023,Standard,CUST-1353,Corporate,India,Mumbai,Maharashtra,West,Technology,Printers,Smartphone,1,0.15,366.82,48.59,0.132462788,2023-03,2023
ORD-11098,23-05-2024,25-05-2024,Same Day,CUST-1351,Corporate,India,Lucknow,Uttar Pradesh,North,Furniture,Tables,Executive Chair,2,0,510.84,69.44,0.135932973,2024-05,2024
ORD-11671,27-05-2025,29-05-2025,Second Class,CUST-1235,Corporate,India,Chennai,Tamil Nadu,South,Technology,Printers,Wireless Headset,1,0.1,469.52,78.81,0.167852275,2025-05,2025
ORD-10026,04-03-2025,06-03-2025,Standard,CUST-1468,Corporate,India,Nagpur,Maharashtra,Central,Technology,Accessories,Monitor,1,0.05,91.66,14.4,0.157102335,2025-03,2025
ORD-10249,30-03-2024,04-04-2024,First Class,CUST-1238,Consumer,India,Delhi,Delhi,North,Furniture,Storage,Bookshelf,3,0.3,729.24,-16.65,-0.022831989,2024-03,2024
ORD-10023,09-01-2025,12-01-2025,Standard,CUST-1073,Consumer,India,Pune,Maharashtra,West,Office Supplies,Binders,Envelope Pack,2,0.15,367.86,33.87,0.092073071,2025-01,2025
ORD-11674,11-11-2025,14-11-2025,Standard,CUST-1269,Consumer,India,Hyderabad,Telangana,South,Furniture,Storage,Filing Cabinet,3,0.2,393.54,0.46,0.001168877,2025-11,2025
ORD-11826,19-03-2023,23-03-2023,Second Class,CUST-1240,Consumer,India,Chennai,Tamil Nadu,South,Technology,Printers,Smartphone,4,0,548.35,99.89,0.182164676,2023-03,2023
ORD-11446,05-06-2023,09-06-2023,Standard,CUST-1566,Consumer,India,Nagpur,Maharashtra,Central,Furniture,Tables,Reception Desk,3,0.05,2631.67,346.68,0.131733842,2023-06,2023
ORD-11423,31-01-2023,03-02-2023,Standard,CUST-1334,Corporate,India,Kolkata,West Bengal,East,Office Supplies,Writing,File Binder,1,0.15,75.52,6.59,0.087261653,2023-01,2023
ORD-11220,24-10-2025,27-10-2025,Standard,CUST-1004,Consumer,India,Delhi,Delhi,North,Office Supplies,Writing,Desk Organizer,1,0.2,48.9,3.74,0.076482618,2025-10,2025
ORD-10757,16-02-2023,18-02-2023,First Class,CUST-1430,Consumer,India,Bengaluru,Karnataka,South,Furniture,Office Furniture,Standing Desk,2,0.1,459.22,71.92,0.156613388,2023-02,2023
ORD-12215,21-11-2025,24-11-2025,Standard,CUST-1396,Consumer,India,Delhi,Delhi,North,Furniture,Tables,Standing Desk,3,0,575.33,64.62,0.112318148,2025-11,2025
ORD-11011,12-01-2025,13-01-2025,Standard,CUST-1309,Home Office,India,Jaipur,Rajasthan,North,Technology,Phones,Monitor,4,0.3,3009.33,245.94,0.081725833,2025-01,2025
ORD-12077,18-01-2025,20-01-2025,Second Class,CUST-1443,Consumer,India,Chennai,Tamil Nadu,South,Furniture,Chairs,Standing Desk,2,0.15,302.28,-0.72,-0.002381898,2025-01,2025
ORD-11874,25-10-2023,26-10-2023,First Class,CUST-1091,Corporate,India,Jaipur,Rajasthan,North,Office Supplies,Writing,File Binder,2,0,216.67,37.11,0.171274288,2023-10,2023
ORD-10819,10-04-2024,14-04-2024,Standard,CUST-1367,Consumer,India,Jaipur,Rajasthan,North,Office Supplies,Writing,Printer Paper,1,0.15,89.96,7.36,0.08181414,2024-04,2024
ORD-10146,27-02-2024,01-03-2024,First Class,CUST-1072,Corporate,India,Hyderabad,Telangana,South,Office Supplies,Binders,File Binder,3,0.3,112.13,4.72,0.042093998,2024-02,2024
ORD-10134,13-11-2023,14-11-2023,Standard,CUST-1251,Consumer,India,Delhi,Delhi,North,Technology,Accessories,Tablet,3,0.1,1047.25,123.12,0.117565051,2023-11,2023
ORD-12293,06-06-2024,08-06-2024,Second Class,CUST-1548,Consumer,India,Hyderabad,Telangana,South,Office Supplies,Binders,Sticky Notes,2,0.2,477.49,28.57,0.059833714,2024-06,2024
ORD-10678,10-10-2023,14-10-2023,Standard,CUST-1551,Home Office,India,Ahmedabad,Gujarat,West,Technology,Printers,Monitor,2,0.05,164.83,31.36,0.190256628,2023-10,2023
ORD-10894,25-08-2024,27-08-2024,Standard,CUST-1329,Corporate,India,Hyderabad,Telangana,South,Office Supplies,Binders,File Binder,3,0.3,484.1,17.94,0.037058459,2024-08,2024
ORD-11074,11-04-2023,13-04-2023,Standard,CUST-1376,Consumer,India,Nagpur,Maharashtra,Central,Furniture,Chairs,Conference Table,1,0.05,131.85,20.51,0.155555556,2023-04,2023
ORD-10122,03-06-2023,06-06-2023,Standard,CUST-1148,Home Office,India,Chennai,Tamil Nadu,South,Technology,Accessories,Monitor,1,0.1,146.84,13.65,0.092958322,2023-06,2023
ORD-11954,14-03-2025,16-03-2025,Standard,CUST-1236,Consumer,India,Pune,Maharashtra,West,Technology,Phones,USB-C Hub,1,0.15,320.42,48.57,0.151582298,2025-03,2025
ORD-11526,20-08-2024,23-08-2024,First Class,CUST-1050,Corporate,India,Ahmedabad,Gujarat,West,Furniture,Chairs,Office Chair,4,0,951.31,90.11,0.094722015,2024-08,2024
ORD-10617,27-06-2023,28-06-2023,Standard,CUST-1482,Consumer,India,Pune,Maharashtra,West,Office Supplies,Writing,Ball Pen Set,3,0.3,250.8,0.17,0.000677831,2023-06,2023
ORD-11782,25-12-2023,29-12-2023,First Class,CUST-1524,Consumer,India,Delhi,Delhi,North,Furniture,Tables,Filing Cabinet,4,0,531.32,74.18,0.139614545,2023-12,2023
ORD-11953,02-12-2025,05-12-2025,Standard,CUST-1088,Consumer,India,Bengaluru,Karnataka,South,Furniture,Tables,Filing Cabinet,2,0.15,214.99,13.44,0.062514536,2025-12,2025
ORD-11115,17-05-2024,19-05-2024,Second Class,CUST-1446,Consumer,India,Bhopal,Madhya Pradesh,Central,Furniture,Tables,Reception Desk,1,0.05,277.48,14.93,0.05380568,2024-05,2024
ORD-10928,16-02-2025,18-02-2025,Second Class,CUST-1366,Consumer,India,Nagpur,Maharashtra,Central,Office Supplies,Binders,Ball Pen Set,2,0.2,125.61,-6.98,-0.055568824,2025-02,2025
ORD-11462,20-03-2025,22-03-2025,Same Day,CUST-1029,Consumer,India,Bhopal,Madhya Pradesh,Central,Technology,Printers,Wireless Headset,3,0,599.39,152.99,0.25524283,2025-03,2025
ORD-10964,06-05-2023,08-05-2023,Same Day,CUST-1307,Consumer,India,Kolkata,West Bengal,East,Furniture,Office Furniture,Conference Table,2,0.1,155.78,13.44,0.086275517,2023-05,2023
ORD-11117,01-11-2024,03-11-2024,Standard,CUST-1556,Consumer,India,Jaipur,Rajasthan,North,Technology,Computers,Business Laptop,2,0.1,1532.02,180.15,0.117589849,2024-11,2024
ORD-12390,17-04-2023,19-04-2023,Second Class,CUST-1061,Consumer,India,Chennai,Tamil Nadu,South,Office Supplies,Binders,Desk Organizer,3,0.1,229.85,36.49,0.15875571,2023-04,2023
ORD-10133,23-08-2024,26-08-2024,Standard,CUST-1310,Consumer,India,Pune,Maharashtra,West,Technology,Computers,Wireless Headset,3,0.2,943.16,52.36,0.055515501,2024-08,2024
ORD-10638,20-01-2024,22-01-2024,Standard,CUST-1384,Consumer,India,Kolkata,West Bengal,East,Office Supplies,Writing,Notebook,3,0.15,141.89,6.07,0.042779618,2024-01,2024
ORD-11977,02-09-2024,05-09-2024,Standard,CUST-1358,Corporate,India,Mumbai,Maharashtra,West,Technology,Computers,Laser Printer,2,0.15,434.21,87.19,0.200801456,2024-09,2024
ORD-11940,15-03-2025,17-03-2025,Standard,CUST-1221,Consumer,India,Hyderabad,Telangana,South,Furniture,Chairs,Standing Desk,4,0,1392.62,276.92,0.198848214,2025-03,2025
ORD-10188,29-05-2024,03-06-2024,Standard,CUST-1308,Corporate,India,Jaipur,Rajasthan,North,Office Supplies,Paper,File Binder,2,0.2,71.24,5.09,0.071448624,2024-05,2024
ORD-12002,06-07-2025,08-07-2025,Second Class,CUST-1479,Consumer,India,Pune,Maharashtra,West,Technology,Accessories,Monitor,1,0.2,157.62,14.9,0.094531151,2025-07,2025
ORD-11521,04-04-2024,07-04-2024,Standard,CUST-1470,Corporate,India,Ahmedabad,Gujarat,West,Office Supplies,Paper,File Binder,5,0,1001.51,124.24,0.12405268,2024-04,2024
ORD-12010,20-02-2024,23-02-2024,First Class,CUST-1482,Consumer,India,Chennai,Tamil Nadu,South,Furniture,Chairs,Filing Cabinet,2,0.05,552.76,99.06,0.179209784,2024-02,2024
ORD-11741,18-06-2023,19-06-2023,Standard,CUST-1549,Home Office,India,Bhopal,Madhya Pradesh,Central,Technology,Phones,Tablet,3,0.05,1002.46,189.72,0.189254434,2023-06,2023
ORD-11170,21-01-2024,22-01-2024,Same Day,CUST-1125,Home Office,India,Nagpur,Maharashtra,Central,Office Supplies,Writing,Ball Pen Set,3,0.15,43.61,2.41,0.055262554,2024-01,2024
ORD-11084,07-10-2023,09-10-2023,Standard,CUST-1422,Consumer,India,Bhopal,Madhya Pradesh,Central,Furniture,Office Furniture,Executive Chair,2,0.1,596.74,60.66,0.101652311,2023-10,2023
ORD-10764,25-03-2023,28-03-2023,Same Day,CUST-1376,Consumer,India,Hyderabad,Telangana,South,Technology,Accessories,USB-C Hub,2,0,467.75,83.17,0.177808658,2023-03,2023
ORD-11282,31-07-2023,01-08-2023,Standard,CUST-1327,Home Office,India,Lucknow,Uttar Pradesh,North,Furniture,Storage,Conference Table,5,0.05,851.21,79.26,0.093114508,2023-07,2023
ORD-11063,18-12-2024,21-12-2024,Second Class,CUST-1544,Home Office,India,Kolkata,West Bengal,East,Technology,Accessories,Wireless Headset,1,0.1,200.21,32.25,0.161080865,2024-12,2024
ORD-10991,24-09-2025,28-09-2025,Standard,CUST-1016,Consumer,India,Bhopal,Madhya Pradesh,Central,Technology,Accessories,Laser Printer,3,0.1,3814.09,452.41,0.11861545,2025-09,2025
ORD-11565,27-05-2025,29-05-2025,Standard,CUST-1004,Corporate,India,Chennai,Tamil Nadu,South,Furniture,Tables,Reception Desk,4,0,630.63,58.99,0.093541379,2025-05,2025
ORD-11851,20-09-2024,24-09-2024,Standard,CUST-1174,Home Office,India,Pune,Maharashtra,West,Office Supplies,Paper,Ball Pen Set,3,0.2,80.6,7.98,0.099007444,2024-09,2024
ORD-10743,21-04-2025,23-04-2025,First Class,CUST-1339,Home Office,India,Bhopal,Madhya Pradesh,Central,Office Supplies,Binders,Sticky Notes,3,0.15,343.68,9.41,0.027380121,2025-04,2025
ORD-11156,07-04-2024,11-04-2024,First Class,CUST-1208,Consumer,India,Bengaluru,Karnataka,South,Office Supplies,Paper,Sticky Notes,3,0.15,222.52,17.61,0.079138954,2024-04,2024
ORD-10525,08-03-2024,12-03-2024,Standard,CUST-1004,Consumer,India,Ahmedabad,Gujarat,West,Furniture,Storage,Executive Chair,2,0.15,1152.89,139,0.120566576,2024-03,2024
ORD-10461,07-10-2023,10-10-2023,First Class,CUST-1201,Consumer,India,Mumbai,Maharashtra,West,Technology,Printers,Tablet,3,0,852.81,153.83,0.180380155,2023-10,2023
ORD-10410,01-06-2023,06-06-2023,First Class,CUST-1134,Corporate,India,Lucknow,Uttar Pradesh,North,Furniture,Tables,Conference Table,3,0,1073.48,151.01,0.140673324,2023-06,2023
ORD-10017,23-02-2025,26-02-2025,Second Class,CUST-1592,Corporate,India,Jaipur,Rajasthan,North,Technology,Phones,Mechanical Keyboard,1,0.15,165.75,23.42,0.141297134,2025-02,2025
ORD-10254,23-07-2024,25-07-2024,Second Class,CUST-1592,Home Office,India,Chennai,Tamil Nadu,South,Office Supplies,Paper,Envelope Pack,3,0.1,549.07,42.83,0.078004626,2024-07,2024
ORD-12131,08-03-2023,12-03-2023,First Class,CUST-1093,Corporate,India,Lucknow,Uttar Pradesh,North,Technology,Accessories,Smartphone,2,0.15,342.04,25.28,0.073909484,2023-03,2023
ORD-11829,27-02-2023,03-03-2023,Second Class,CUST-1530,Consumer,India,Bengaluru,Karnataka,South,Office Supplies,Writing,Sticky Notes,2,0,120.15,20.3,0.168955472,2023-02,2023
ORD-10710,20-10-2023,23-10-2023,First Class,CUST-1340,Home Office,India,Bhopal,Madhya Pradesh,Central,Technology,Phones,Mechanical Keyboard,1,0.3,144.71,7.31,0.050514823,2023-10,2023
ORD-11808,30-03-2023,02-04-2023,Standard,CUST-1211,Home Office,India,Pune,Maharashtra,West,Office Supplies,Paper,Notebook,2,0.2,126.24,6.35,0.050301014,2023-03,2023
ORD-11349,10-08-2025,12-08-2025,First Class,CUST-1481,Consumer,India,Bhopal,Madhya Pradesh,Central,Office Supplies,Stationery,Printer Paper,3,0.1,186.16,25.57,0.137354963,2025-08,2025
ORD-11752,27-07-2025,29-07-2025,Standard,CUST-1335,Corporate,India,Ahmedabad,Gujarat,West,Furniture,Storage,Filing Cabinet,3,0.15,764.61,45.92,0.060056761,2025-07,2025
ORD-11925,18-11-2025,22-11-2025,Same Day,CUST-1265,Home Office,India,Nagpur,Maharashtra,Central,Office Supplies,Writing,Notebook,3,0.1,103.81,10.46,0.100761006,2025-11,2025
ORD-11145,26-01-2025,28-01-2025,First Class,CUST-1413,Consumer,India,Hyderabad,Telangana,South,Office Supplies,Stationery,Envelope Pack,1,0.2,98.99,1.69,0.017072432,2025-01,2025
ORD-10830,06-04-2024,08-04-2024,Standard,CUST-1164,Home Office,India,Bhopal,Madhya Pradesh,Central,Technology,Phones,Business Laptop,1,0.1,322.4,38.89,0.120626551,2024-04,2024
ORD-12044,08-07-2023,12-07-2023,Second Class,CUST-1269,Consumer,India,Kolkata,West Bengal,East,Technology,Printers,Business Laptop,2,0.1,236.69,35.06,0.148126241,2023-07,2023
ORD-10838,11-02-2024,14-02-2024,Second Class,CUST-1437,Corporate,India,Pune,Maharashtra,West,Furniture,Tables,Bookshelf,4,0,410.84,62.13,0.151226755,2024-02,2024
ORD-10734,05-12-2025,07-12-2025,Standard,CUST-1264,Corporate,India,Delhi,Delhi,North,Technology,Printers,Laser Printer,3,0.05,416.26,66.61,0.16002018,2025-12,2025
ORD-11118,10-02-2024,13-02-2024,First Class,CUST-1387,Corporate,India,Mumbai,Maharashtra,West,Technology,Printers,Smartphone,4,0.1,2662.35,391.36,0.146997953,2024-02,2024
ORD-12072,05-03-2024,09-03-2024,Standard,CUST-1164,Consumer,India,Mumbai,Maharashtra,West,Furniture,Chairs,Filing Cabinet,5,0,1596.35,236.55,0.14818179,2024-03,2024
ORD-10262,09-05-2023,11-05-2023,Second Class,CUST-1589,Corporate,India,Hyderabad,Telangana,South,Office Supplies,Binders,Sticky Notes,4,0.1,215.35,18.09,0.084002786,2023-05,2023
ORD-10001,11-03-2023,13-03-2023,Standard,CUST-1169,Consumer,India,Ahmedabad,Gujarat,West,Office Supplies,Writing,Ball Pen Set,3,0.3,455.05,-22.87,-0.050258213,2023-03,2023
ORD-10845,30-09-2024,02-10-2024,Second Class,CUST-1599,Consumer,India,Pune,Maharashtra,West,Office Supplies,Stationery,Notebook,2,0,218.97,34.49,0.157510161,2024-09,2024
ORD-12144,28-06-2023,01-07-2023,First Class,CUST-1214,Corporate,India,Pune,Maharashtra,West,Technology,Phones,Business Laptop,2,0.15,361.62,45.53,0.125905647,2023-06,2023
ORD-10335,29-03-2025,31-03-2025,Standard,CUST-1421,Corporate,India,Bengaluru,Karnataka,South,Technology,Computers,Laser Printer,1,0.1,257.36,32.3,0.125505129,2025-03,2025
ORD-11039,26-02-2023,28-02-2023,Standard,CUST-1599,Home Office,India,Jaipur,Rajasthan,North,Office Supplies,Paper,File Binder,5,0.05,331.24,26.31,0.079428813,2023-02,2023
ORD-11498,25-01-2025,27-01-2025,Standard,CUST-1498,Consumer,India,Delhi,Delhi,North,Office Supplies,Paper,File Binder,1,0.3,42.01,-1.06,-0.025232088,2025-01,2025
ORD-11764,18-01-2025,20-01-2025,Standard,CUST-1200,Consumer,India,Kolkata,West Bengal,East,Furniture,Tables,Filing Cabinet,2,0,541.07,100.67,0.186057257,2025-01,2025
ORD-11243,20-08-2023,22-08-2023,Standard,CUST-1264,Corporate,India,Ahmedabad,Gujarat,West,Office Supplies,Binders,Envelope Pack,3,0.2,271.18,-7.94,-0.029279445,2023-08,2023
ORD-10119,04-08-2023,07-08-2023,Standard,CUST-1428,Home Office,India,Chennai,Tamil Nadu,South,Office Supplies,Binders,Notebook,3,0.15,256.53,26.71,0.104120376,2023-08,2023
ORD-11171,04-11-2024,06-11-2024,Standard,CUST-1148,Home Office,India,Bhopal,Madhya Pradesh,Central,Technology,Phones,Monitor,1,0,232.82,49.51,0.212653552,2024-11,2024
ORD-11526,10-11-2024,12-11-2024,Standard,CUST-1592,Consumer,India,Nagpur,Maharashtra,Central,Office Supplies,Stationery,Ball Pen Set,4,0.05,185.51,31.09,0.167592044,2024-11,2024
ORD-10221,09-12-2025,10-12-2025,Standard,CUST-1375,Corporate,India,Nagpur,Maharashtra,Central,Technology,Phones,Smartphone,3,0.1,1170.36,204.9,0.175074336,2025-12,2025
ORD-10056,20-03-2024,22-03-2024,Second Class,CUST-1195,Home Office,India,Jaipur,Rajasthan,North,Technology,Printers,Tablet,4,0.2,1105.69,94.16,0.085159493,2024-03,2024
ORD-10744,01-08-2023,03-08-2023,Standard,CUST-1022,Home Office,India,Kolkata,West Bengal,East,Office Supplies,Writing,Ball Pen Set,1,0.1,21.05,1.53,0.072684086,2023-08,2023
ORD-10032,24-08-2024,29-08-2024,Standard,CUST-1264,Consumer,India,Lucknow,Uttar Pradesh,North,Technology,Computers,Wireless Headset,3,0,475.94,59.98,0.126024289,2024-08,2024
ORD-11056,04-02-2023,06-02-2023,Second Class,CUST-1394,Consumer,India,Nagpur,Maharashtra,Central,Office Supplies,Stationery,Notebook,1,0.1,68.12,11.23,0.164856136,2023-02,2023
ORD-11556,16-01-2023,18-01-2023,Same Day,CUST-1487,Corporate,India,Nagpur,Maharashtra,Central,Furniture,Tables,Bookshelf,2,0.1,502.69,11.24,0.022359705,2023-01,2023
ORD-11116,30-09-2024,02-10-2024,Standard,CUST-1509,Consumer,India,Delhi,Delhi,North,Furniture,Storage,Office Chair,5,0.15,421.55,18.21,0.043197723,2024-09,2024
ORD-11371,12-12-2025,13-12-2025,Standard,CUST-1185,Home Office,India,Kolkata,West Bengal,East,Technology,Phones,Smartphone,4,0,707.37,134.38,0.189971302,2025-12,2025
ORD-10102,27-02-2024,02-03-2024,Second Class,CUST-1383,Corporate,India,Bhopal,Madhya Pradesh,Central,Furniture,Storage,Conference Table,2,0,1107.61,80.7,0.072859581,2024-02,2024
ORD-11014,18-06-2025,20-06-2025,Standard,CUST-1211,Corporate,India,Pune,Maharashtra,West,Furniture,Office Furniture,Office Chair,5,0.3,808.22,-70.04,-0.086659573,2025-06,2025
ORD-11186,29-05-2023,02-06-2023,Standard,CUST-1432,Corporate,India,Ahmedabad,Gujarat,West,Office Supplies,Binders,Envelope Pack,2,0,503.51,95.79,0.190244484,2023-05,2023
ORD-11633,03-08-2025,08-08-2025,Standard,CUST-1039,Corporate,India,Lucknow,Uttar Pradesh,North,Furniture,Chairs,Standing Desk,4,0.3,2201.81,-191.64,-0.087037483,2025-08,2025
ORD-10487,30-05-2024,02-06-2024,Standard,CUST-1322,Corporate,India,Kolkata,West Bengal,East,Technology,Accessories,Mechanical Keyboard,2,0.2,764.71,60.54,0.079167266,2024-05,2024
ORD-12455,26-03-2024,28-03-2024,Second Class,CUST-1356,Home Office,India,Hyderabad,Telangana,South,Office Supplies,Paper,Sticky Notes,1,0.1,115.16,3.77,0.032737061,2024-03,2024
ORD-10086,28-06-2023,29-06-2023,Standard,CUST-1274,Consumer,India,Mumbai,Maharashtra,West,Technology,Accessories,Smartphone,2,0.05,296.46,52.49,0.177055927,2023-06,2023
ORD-11128,03-06-2023,04-06-2023,Same Day,CUST-1542,Home Office,India,Nagpur,Maharashtra,Central,Office Supplies,Writing,Ball Pen Set,2,0.2,107.41,8.63,0.080346336,2023-06,2023
ORD-10078,16-12-2023,19-12-2023,Standard,CUST-1231,Home Office,India,Chennai,Tamil Nadu,South,Furniture,Office Furniture,Executive Chair,3,0.2,763.08,-32.98,-0.043219584,2023-12,2023
ORD-10684,24-11-2025,26-11-2025,Standard,CUST-1200,Consumer,India,Bengaluru,Karnataka,South,Furniture,Chairs,Reception Desk,5,0.2,575.37,-6.64,-0.0115404,2025-11,2025
ORD-12224,24-06-2024,27-06-2024,Standard,CUST-1304,Consumer,India,Ahmedabad,Gujarat,West,Furniture,Office Furniture,Executive Chair,2,0,318.02,47.73,0.1500849,2024-06,2024
ORD-10290,14-07-2023,16-07-2023,First Class,CUST-1236,Corporate,India,Ahmedabad,Gujarat,West,Office Supplies,Writing,Sticky Notes,4,0.3,201.11,8.05,0.040027845,2023-07,2023
ORD-10523,16-05-2023,17-05-2023,Second Class,CUST-1273,Corporate,India,Bengaluru,Karnataka,South,Technology,Accessories,Laser Printer,2,0.15,725.99,88.51,0.12191628,2023-05,2023
ORD-11127,07-08-2023,08-08-2023,Standard,CUST-1238,Consumer,India,Chennai,Tamil Nadu,South,Technology,Accessories,Wireless Headset,4,0,2669.64,429.08,0.160725791,2023-08,2023
ORD-10976,25-06-2025,28-06-2025,Standard,CUST-1595,Corporate,India,Pune,Maharashtra,West,Office Supplies,Paper,Ball Pen Set,4,0.15,480.65,4.4,0.00915427,2025-06,2025
ORD-11748,09-12-2025,12-12-2025,Standard,CUST-1363,Consumer,India,Bhopal,Madhya Pradesh,Central,Office Supplies,Stationery,Printer Paper,2,0.05,176.32,17.44,0.098911071,2025-12,2025
ORD-12108,11-08-2024,14-08-2024,Standard,CUST-1255,Consumer,India,Chennai,Tamil Nadu,South,Office Supplies,Binders,File Binder,3,0,129.16,27.1,0.209817281,2024-08,2024
ORD-10203,31-01-2024,01-02-2024,Standard,CUST-1310,Consumer,India,Jaipur,Rajasthan,North,Technology,Printers,Mechanical Keyboard,1,0,488.62,75.95,0.155437763,2024-01,2024
ORD-11500,29-11-2024,01-12-2024,Standard,CUST-1198,Corporate,India,Bhopal,Madhya Pradesh,Central,Technology,Printers,Tablet,4,0.05,2053.49,289.2,0.14083341,2024-11,2024
ORD-12293,22-11-2025,24-11-2025,Second Class,CUST-1501,Consumer,India,Chennai,Tamil Nadu,South,Technology,Phones,Monitor,1,0.1,212.57,26.27,0.12358282,2025-11,2025
ORD-11612,02-09-2024,03-09-2024,Same Day,CUST-1578,Corporate,India,Mumbai,Maharashtra,West,Technology,Computers,Smartphone,2,0.2,502.81,19.84,0.039458245,2024-09,2024
ORD-11222,04-02-2023,09-02-2023,Standard,CUST-1006,Home Office,India,Kolkata,West Bengal,East,Office Supplies,Stationery,Desk Organizer,2,0.15,337.72,22.77,0.067422717,2023-02,2023
ORD-10326,20-10-2024,23-10-2024,Standard,CUST-1067,Consumer,India,Hyderabad,Telangana,South,Office Supplies,Stationery,Ball Pen Set,1,0.1,143.08,15.47,0.108121331,2024-10,2024
ORD-11520,09-12-2025,13-12-2025,First Class,CUST-1428,Home Office,India,Bengaluru,Karnataka,South,Furniture,Office Furniture,Bookshelf,1,0.15,139.35,1.52,0.010907786,2025-12,2025
ORD-10016,16-04-2024,18-04-2024,Second Class,CUST-1538,Consumer,India,Pune,Maharashtra,West,Furniture,Office Furniture,Executive Chair,4,0.1,172.56,11.31,0.06554242,2024-04,2024
ORD-10616,28-07-2024,30-07-2024,First Class,CUST-1439,Consumer,India,Ahmedabad,Gujarat,West,Office Supplies,Writing,Ball Pen Set,3,0.3,158.38,2,0.012627857,2024-07,2024
ORD-10896,28-10-2023,31-10-2023,First Class,CUST-1204,Consumer,India,Pune,Maharashtra,West,Office Supplies,Binders,Printer Paper,4,0.1,156.91,18.44,0.117519597,2023-10,2023
ORD-11961,09-02-2023,12-02-2023,Standard,CUST-1599,Consumer,India,Bhopal,Madhya Pradesh,Central,Technology,Phones,Mechanical Keyboard,5,0.2,617.32,16.38,0.02653405,2023-02,2023
ORD-11205,26-07-2025,27-07-2025,Standard,CUST-1421,Home Office,India,Bengaluru,Karnataka,South,Furniture,Storage,Reception Desk,3,0.1,468.83,30.66,0.065396839,2025-07,2025
ORD-10015,23-05-2025,26-05-2025,Standard,CUST-1367,Corporate,India,Bhopal,Madhya Pradesh,Central,Technology,Computers,USB-C Hub,2,0.1,727.54,92.35,0.126934602,2025-05,2025
ORD-12202,25-06-2023,26-06-2023,First Class,CUST-1043,Consumer,India,Bhopal,Madhya Pradesh,Central,Furniture,Chairs,Reception Desk,1,0.3,234.9,-4.08,-0.017369093,2023-06,2023
ORD-10159,04-08-2025,07-08-2025,Second Class,CUST-1229,Consumer,India,Lucknow,Uttar Pradesh,North,Furniture,Chairs,Conference Table,2,0.2,361.25,1.43,0.003958478,2025-08,2025
ORD-11633,05-07-2023,06-07-2023,Standard,CUST-1059,Consumer,India,Mumbai,Maharashtra,West,Furniture,Office Furniture,Bookshelf,3,0,224.34,17.82,0.079433003,2023-07,2023
ORD-12392,22-04-2025,23-04-2025,Standard,CUST-1070,Consumer,India,Mumbai,Maharashtra,West,Office Supplies,Writing,Envelope Pack,3,0.1,593.52,57.05,0.096121445,2025-04,2025
ORD-11703,25-06-2023,28-06-2023,Standard,CUST-1381,Consumer,India,Chennai,Tamil Nadu,South,Technology,Accessories,Tablet,2,0.15,593.86,36.2,0.060957128,2023-06,2023
ORD-11658,23-08-2025,24-08-2025,Standard,CUST-1338,Home Office,India,Bengaluru,Karnataka,South,Office Supplies,Stationery,Ball Pen Set,3,0.3,181.4,1.8,0.009922822,2025-08,2025
ORD-11759,04-01-2023,06-01-2023,Second Class,CUST-1202,Home Office,India,Delhi,Delhi,North,Technology,Phones,Smartphone,3,0.3,530.4,11,0.020739065,2023-01,2023
ORD-11675,21-02-2023,24-02-2023,Second Class,CUST-1045,Home Office,India,Lucknow,Uttar Pradesh,North,Technology,Accessories,Mechanical Keyboard,3,0.05,326.74,52.89,0.161871825,2023-02,2023
ORD-10834,18-07-2024,23-07-2024,Standard,CUST-1070,Consumer,India,Bengaluru,Karnataka,South,Furniture,Office Furniture,Reception Desk,1,0.3,560.04,-56.14,-0.10024284,2024-07,2024
ORD-10814,17-02-2024,20-02-2024,Standard,CUST-1016,Corporate,India,Pune,Maharashtra,West,Technology,Phones,Tablet,3,0.1,696.03,74.26,0.106690804,2024-02,2024
ORD-11824,09-03-2024,13-03-2024,Standard,CUST-1339,Corporate,India,Jaipur,Rajasthan,North,Office Supplies,Binders,Notebook,2,0.05,103.97,13.54,0.130229874,2024-03,2024
ORD-12490,05-05-2024,08-05-2024,Standard,CUST-1437,Corporate,India,Bengaluru,Karnataka,South,Office Supplies,Paper,Ball Pen Set,2,0.15,41.31,2.24,0.054224159,2024-05,2024
ORD-11666,22-05-2023,24-05-2023,Second Class,CUST-1484,Consumer,India,Lucknow,Uttar Pradesh,North,Office Supplies,Paper,Notebook,2,0,168.6,31.47,0.186654804,2023-05,2023
ORD-12422,30-10-2025,02-11-2025,Standard,CUST-1370,Home Office,India,Bengaluru,Karnataka,South,Furniture,Storage,Office Chair,3,0.2,764.97,5.07,0.006627711,2025-10,2025
ORD-12156,21-02-2023,23-02-2023,First Class,CUST-1475,Corporate,India,Bengaluru,Karnataka,South,Technology,Accessories,Tablet,3,0.05,359.02,60.44,0.168347167,2023-02,2023
ORD-12099,02-08-2023,04-08-2023,Second Class,CUST-1547,Corporate,India,Chennai,Tamil Nadu,South,Furniture,Storage,Office Chair,3,0.15,420.79,25.4,0.060362651,2023-08,2023
ORD-11724,02-05-2024,05-05-2024,Standard,CUST-1216,Consumer,India,Delhi,Delhi,North,Office Supplies,Stationery,Sticky Notes,2,0.3,231.26,0.87,0.003761999,2024-05,2024
ORD-11418,09-07-2024,12-07-2024,Second Class,CUST-1395,Consumer,India,Lucknow,Uttar Pradesh,North,Technology,Accessories,Mechanical Keyboard,3,0.1,759.9,37.66,0.049559153,2024-07,2024
ORD-10440,18-01-2024,21-01-2024,Standard,CUST-1349,Corporate,India,Mumbai,Maharashtra,West,Technology,Printers,Monitor,5,0.15,564.19,46.7,0.082773534,2024-01,2024
ORD-10845,30-01-2025,01-02-2025,Second Class,CUST-1409,Home Office,India,Hyderabad,Telangana,South,Office Supplies,Stationery,Envelope Pack,5,0.15,751.26,31.67,0.042155845,2025-01,2025
ORD-11959,05-02-2023,07-02-2023,First Class,CUST-1572,Home Office,India,Delhi,Delhi,North,Office Supplies,Writing,Notebook,2,0.1,309.8,28.2,0.091026469,2023-02,2023
ORD-11970,23-10-2025,25-10-2025,Second Class,CUST-1140,Corporate,India,Delhi,Delhi,North,Office Supplies,Binders,Desk Organizer,1,0,273.57,36,0.131593376,2025-10,2025
ORD-10396,09-11-2024,11-11-2024,Standard,CUST-1133,Consumer,India,Jaipur,Rajasthan,North,Office Supplies,Stationery,Notebook,3,0,479.14,78.99,0.16485787,2024-11,2024
ORD-12270,08-10-2024,11-10-2024,Standard,CUST-1320,Corporate,India,Hyderabad,Telangana,South,Technology,Computers,Wireless Headset,1,0,319.78,57.74,0.180561636,2024-10,2024
ORD-12036,21-09-2025,24-09-2025,First Class,CUST-1347,Consumer,India,Delhi,Delhi,North,Furniture,Tables,Reception Desk,2,0.05,671.39,45.11,0.067188966,2025-09,2025
ORD-10612,10-07-2025,12-07-2025,Standard,CUST-1123,Home Office,India,Pune,Maharashtra,West,Office Supplies,Stationery,Printer Paper,4,0.3,394.06,-11.58,-0.029386388,2025-07,2025
ORD-10936,27-08-2025,29-08-2025,Second Class,CUST-1388,Corporate,India,Bhopal,Madhya Pradesh,Central,Office Supplies,Stationery,Desk Organizer,3,0,170.07,31.72,0.186511436,2025-08,2025
ORD-12451,19-05-2024,23-05-2024,Standard,CUST-1478,Home Office,India,Mumbai,Maharashtra,West,Office Supplies,Writing,Notebook,4,0.3,96.91,-3.64,-0.037560623,2024-05,2024
ORD-12024,15-08-2024,20-08-2024,Standard,CUST-1206,Consumer,India,Delhi,Delhi,North,Technology,Accessories,Tablet,1,0,81.07,17.54,0.216356235,2024-08,2024
ORD-12362,21-10-2023,24-10-2023,Second Class,CUST-1144,Home Office,India,Mumbai,Maharashtra,West,Office Supplies,Paper,Ball Pen Set,3,0,329.11,45.71,0.138889733,2023-10,2023
ORD-11300,13-08-2023,16-08-2023,Standard,CUST-1358,Home Office,India,Chennai,Tamil Nadu,South,Office Supplies,Paper,File Binder,4,0,610.1,100.61,0.164907392,2023-08,2023
ORD-12451,01-06-2025,03-06-2025,First Class,CUST-1567,Consumer,India,Bengaluru,Karnataka,South,Technology,Accessories,Smartphone,4,0.05,712.43,108.3,0.152014935,2025-06,2025
ORD-10055,09-09-2024,11-09-2024,Standard,CUST-1029,Consumer,India,Lucknow,Uttar Pradesh,North,Technology,Computers,Smartphone,2,0,378.67,77.85,0.205587979,2024-09,2024
ORD-12493,12-05-2023,17-05-2023,Second Class,CUST-1488,Corporate,India,Chennai,Tamil Nadu,South,Technology,Computers,Wireless Headset,5,0.1,1166.4,153.53,0.131627229,2023-05,2023
ORD-11897,22-05-2024,26-05-2024,Standard,CUST-1432,Consumer,India,Mumbai,Maharashtra,West,Technology,Phones,USB-C Hub,1,0.05,187.13,44.68,0.238764495,2024-05,2024
ORD-10398,25-05-2023,28-05-2023,Standard,CUST-1265,Corporate,India,Delhi,Delhi,North,Technology,Computers,Wireless Headset,3,0,1381.17,231.09,0.167314668,2023-05,2023
ORD-10007,18-03-2025,22-03-2025,Second Class,CUST-1275,Corporate,India,Hyderabad,Telangana,South,Office Supplies,Paper,Envelope Pack,4,0.3,442.99,8.64,0.019503826,2025-03,2025
ORD-12351,15-12-2024,18-12-2024,Standard,CUST-1360,Corporate,India,Mumbai,Maharashtra,West,Technology,Printers,Business Laptop,3,0.1,559.49,76.35,0.136463565,2024-12,2024
ORD-11612,23-10-2023,25-10-2023,Standard,CUST-1483,Consumer,India,Delhi,Delhi,North,Technology,Printers,Wireless Headset,1,0,611.25,100.59,0.164564417,2023-10,2023
ORD-12029,18-07-2025,23-07-2025,Standard,CUST-1260,Consumer,India,Nagpur,Maharashtra,Central,Technology,Computers,Wireless Headset,3,0.15,1450.71,124.54,0.085847619,2025-07,2025
ORD-12365,08-12-2023,09-12-2023,Standard,CUST-1230,Consumer,India,Kolkata,West Bengal,East,Technology,Accessories,Monitor,2,0.1,1121.74,204.97,0.182725052,2023-12,2023
ORD-11216,09-12-2023,12-12-2023,Standard,CUST-1509,Consumer,India,Jaipur,Rajasthan,North,Furniture,Tables,Reception Desk,1,0.1,130.79,11.78,0.090068048,2023-12,2023
ORD-10008,28-02-2025,03-03-2025,Standard,CUST-1218,Corporate,India,Pune,Maharashtra,West,Furniture,Storage,Executive Chair,2,0.3,321.72,-27.12,-0.084296904,2025-02,2025
ORD-11323,05-03-2024,08-03-2024,Standard,CUST-1527,Corporate,India,Nagpur,Maharashtra,Central,Technology,Accessories,Smartphone,4,0.1,976.44,132.19,0.135379542,2024-03,2024
ORD-12085,28-03-2025,30-03-2025,Standard,CUST-1283,Home Office,India,Pune,Maharashtra,West,Office Supplies,Writing,Desk Organizer,2,0.1,99.08,11.38,0.114856681,2025-03,2025
ORD-10983,01-02-2023,06-02-2023,Standard,CUST-1398,Corporate,India,Ahmedabad,Gujarat,West,Technology,Printers,Wireless Headset,5,0.3,639.37,22.58,0.035316014,2023-02,2023
ORD-11107,24-08-2024,26-08-2024,First Class,CUST-1340,Corporate,India,Ahmedabad,Gujarat,West,Office Supplies,Binders,Ball Pen Set,2,0,109.68,13.25,0.120805981,2024-08,2024
ORD-10603,17-07-2025,20-07-2025,Standard,CUST-1401,Corporate,India,Chennai,Tamil Nadu,South,Technology,Accessories,Tablet,4,0.05,2502.85,499.24,0.199468606,2025-07,2025
ORD-12350,16-02-2024,19-02-2024,Standard,CUST-1238,Consumer,India,Jaipur,Rajasthan,North,Technology,Computers,Wireless Headset,3,0,752,122.32,0.162659574,2024-02,2024
ORD-10122,07-01-2025,11-01-2025,Second Class,CUST-1560,Corporate,India,Lucknow,Uttar Pradesh,North,Furniture,Tables,Filing Cabinet,4,0.15,1489.72,-63.34,-0.042518057,2025-01,2025
ORD-10026,24-11-2025,26-11-2025,Standard,CUST-1017,Consumer,India,Pune,Maharashtra,West,Office Supplies,Stationery,Sticky Notes,4,0.15,399.92,13.5,0.033756751,2025-11,2025
ORD-10701,19-06-2024,21-06-2024,Same Day,CUST-1472,Corporate,India,Ahmedabad,Gujarat,West,Technology,Accessories,USB-C Hub,1,0.1,261,32.05,0.122796935,2024-06,2024
ORD-10335,21-03-2023,25-03-2023,Second Class,CUST-1415,Consumer,India,Jaipur,Rajasthan,North,Technology,Printers,Mechanical Keyboard,3,0,408.24,99.11,0.242773859,2023-03,2023
ORD-11961,30-05-2025,01-06-2025,Standard,CUST-1464,Consumer,India,Bengaluru,Karnataka,South,Technology,Computers,Mechanical Keyboard,1,0.15,294.91,30.16,0.102268489,2025-05,2025
ORD-10065,06-05-2024,07-05-2024,Second Class,CUST-1079,Home Office,India,Lucknow,Uttar Pradesh,North,Furniture,Chairs,Standing Desk,3,0.05,1008.68,53.78,0.053317207,2024-05,2024
ORD-11625,16-05-2023,18-05-2023,Same Day,CUST-1125,Corporate,India,Mumbai,Maharashtra,West,Furniture,Chairs,Conference Table,1,0,532.72,69.96,0.131326025,2023-05,2023
ORD-11971,26-07-2024,29-07-2024,First Class,CUST-1140,Corporate,India,Nagpur,Maharashtra,Central,Technology,Computers,Monitor,1,0,202.21,42.7,0.211166609,2024-07,2024
ORD-11005,11-09-2024,14-09-2024,Same Day,CUST-1365,Corporate,India,Bhopal,Madhya Pradesh,Central,Furniture,Storage,Bookshelf,1,0.1,63.05,6.4,0.101506741,2024-09,2024
ORD-11805,31-01-2024,02-02-2024,First Class,CUST-1357,Consumer,India,Jaipur,Rajasthan,North,Office Supplies,Binders,Sticky Notes,3,0.15,468.22,20.08,0.042885823,2024-01,2024
ORD-11267,27-09-2023,29-09-2023,Same Day,CUST-1484,Corporate,India,Hyderabad,Telangana,South,Office Supplies,Writing,Envelope Pack,2,0.05,233.96,21.64,0.092494443,2023-09,2023
ORD-12464,08-11-2025,11-11-2025,Second Class,CUST-1182,Consumer,India,Ahmedabad,Gujarat,West,Furniture,Tables,Office Chair,5,0,387.66,66.39,0.171258319,2025-11,2025
ORD-12250,03-02-2024,06-02-2024,Second Class,CUST-1058,Consumer,India,Bhopal,Madhya Pradesh,Central,Furniture,Chairs,Standing Desk,3,0,1052.13,154.61,0.146949521,2024-02,2024
ORD-10803,14-10-2023,15-10-2023,Standard,CUST-1173,Consumer,India,Mumbai,Maharashtra,West,Furniture,Chairs,Standing Desk,2,0.3,517.08,-13.77,-0.026630309,2023-10,2023
ORD-12105,23-09-2023,26-09-2023,Standard,CUST-1170,Corporate,India,Mumbai,Maharashtra,West,Technology,Computers,Mechanical Keyboard,3,0.1,219.65,24.6,0.111996358,2023-09,2023
ORD-10140,30-07-2025,04-08-2025,Second Class,CUST-1265,Corporate,India,Ahmedabad,Gujarat,West,Office Supplies,Writing,Ball Pen Set,1,0.3,161.73,1.53,0.009460211,2025-07,2025
ORD-12082,13-06-2025,16-06-2025,Standard,CUST-1422,Consumer,India,Kolkata,West Bengal,East,Office Supplies,Binders,Ball Pen Set,1,0.3,199.84,-7.85,-0.039281425,2025-06,2025
ORD-12136,03-12-2025,08-12-2025,Standard,CUST-1042,Corporate,India,Kolkata,West Bengal,East,Technology,Printers,USB-C Hub,3,0,1822.5,270.61,0.148482853,2025-12,2025
ORD-10441,08-08-2024,10-08-2024,Standard,CUST-1496,Consumer,India,Bhopal,Madhya Pradesh,Central,Office Supplies,Paper,File Binder,1,0.15,80.78,7.35,0.090987868,2024-08,2024
ORD-10398,07-04-2025,09-04-2025,Standard,CUST-1235,Consumer,India,Pune,Maharashtra,West,Furniture,Office Furniture,Reception Desk,1,0.3,795.66,-34.11,-0.04287007,2025-04,2025
ORD-10392,10-08-2024,13-08-2024,Standard,CUST-1524,Corporate,India,Ahmedabad,Gujarat,West,Technology,Phones,Business Laptop,1,0.2,183.58,23.75,0.129371391,2024-08,2024
ORD-11716,02-06-2023,05-06-2023,Standard,CUST-1146,Consumer,India,Nagpur,Maharashtra,Central,Furniture,Storage,Bookshelf,2,0,329.72,39.07,0.11849448,2023-06,2023
ORD-11267,05-03-2024,07-03-2024,Standard,CUST-1302,Consumer,India,Ahmedabad,Gujarat,West,Furniture,Storage,Filing Cabinet,2,0.05,457.64,24.25,0.052989249,2024-03,2024
ORD-10800,10-10-2023,13-10-2023,Standard,CUST-1521,Consumer,India,Pune,Maharashtra,West,Technology,Phones,USB-C Hub,2,0.15,398.67,43.95,0.110241553,2023-10,2023
ORD-12394,17-01-2024,20-01-2024,Second Class,CUST-1568,Corporate,India,Pune,Maharashtra,West,Office Supplies,Binders,Envelope Pack,2,0.1,326.74,38.33,0.1173104,2024-01,2024
ORD-11868,13-12-2023,18-12-2023,Same Day,CUST-1289,Home Office,India,Chennai,Tamil Nadu,South,Technology,Printers,Smartphone,2,0,487.71,105.02,0.215332882,2023-12,2023
ORD-11401,26-03-2023,29-03-2023,First Class,CUST-1359,Consumer,India,Lucknow,Uttar Pradesh,North,Technology,Phones,Business Laptop,3,0.3,943.21,25.32,0.026844499,2023-03,2023
ORD-12121,20-01-2024,22-01-2024,Second Class,CUST-1282,Consumer,India,Delhi,Delhi,North,Furniture,Storage,Filing Cabinet,5,0.1,448.01,24.2,0.054016651,2024-01,2024
ORD-10161,23-12-2025,26-12-2025,First Class,CUST-1406,Consumer,India,Pune,Maharashtra,West,Office Supplies,Binders,Sticky Notes,2,0.3,201.04,-6.61,-0.032879029,2025-12,2025
ORD-12303,23-03-2024,27-03-2024,Standard,CUST-1035,Consumer,India,Delhi,Delhi,North,Office Supplies,Writing,File Binder,5,0.15,352.77,25.1,0.071151175,2024-03,2024
ORD-10372,28-10-2025,31-10-2025,Second Class,CUST-1424,Consumer,India,Hyderabad,Telangana,South,Office Supplies,Paper,Sticky Notes,3,0.2,454.62,20.32,0.04469667,2025-10,2025
ORD-10651,02-11-2023,04-11-2023,First Class,CUST-1193,Home Office,India,Lucknow,Uttar Pradesh,North,Office Supplies,Binders,Printer Paper,4,0,227.5,39.2,0.172307692,2023-11,2023
ORD-12271,16-11-2025,19-11-2025,Standard,CUST-1515,Consumer,India,Bhopal,Madhya Pradesh,Central,Technology,Computers,Mechanical Keyboard,2,0.1,571.72,74.68,0.130623382,2025-11,2025
ORD-11979,22-07-2023,23-07-2023,Same Day,CUST-1578,Home Office,India,Lucknow,Uttar Pradesh,North,Technology,Printers,Smartphone,5,0.1,1291.36,200.45,0.15522395,2023-07,2023
ORD-11310,12-12-2025,15-12-2025,Standard,CUST-1526,Corporate,India,Jaipur,Rajasthan,North,Office Supplies,Binders,Printer Paper,2,0.3,165.97,-4.22,-0.025426282,2025-12,2025
ORD-11198,16-02-2024,19-02-2024,First Class,CUST-1493,Corporate,India,Nagpur,Maharashtra,Central,Furniture,Storage,Filing Cabinet,3,0,265.28,37.12,0.139927624,2024-02,2024
ORD-10838,09-06-2025,11-06-2025,Standard,CUST-1050,Consumer,India,Chennai,Tamil Nadu,South,Office Supplies,Writing,Printer Paper,3,0.2,284.27,11.92,0.041931966,2025-06,2025
ORD-11622,30-06-2025,02-07-2025,First Class,CUST-1036,Consumer,India,Kolkata,West Bengal,East,Furniture,Storage,Reception Desk,3,0.05,460.35,54.33,0.118018899,2025-06,2025
ORD-10369,15-11-2023,16-11-2023,Standard,CUST-1130,Consumer,India,Lucknow,Uttar Pradesh,North,Technology,Phones,Mechanical Keyboard,1,0.05,415.17,63.62,0.153238432,2023-11,2023
ORD-11753,08-10-2025,10-10-2025,Standard,CUST-1100,Consumer,India,Jaipur,Rajasthan,North,Technology,Printers,Mechanical Keyboard,2,0.1,359.3,60.66,0.168828277,2025-10,2025
ORD-10124,02-01-2024,06-01-2024,Standard,CUST-1301,Consumer,India,Hyderabad,Telangana,South,Technology,Accessories,Tablet,3,0,282.4,44.05,0.155984419,2024-01,2024
ORD-10889,08-11-2023,11-11-2023,Standard,CUST-1259,Consumer,India,Ahmedabad,Gujarat,West,Technology,Computers,USB-C Hub,2,0,1253.34,318.54,0.254152903,2023-11,2023
ORD-10939,03-05-2024,06-05-2024,Second Class,CUST-1286,Corporate,India,Jaipur,Rajasthan,North,Technology,Printers,Tablet,3,0.1,1023.96,130.87,0.127807727,2024-05,2024
ORD-10594,01-02-2023,02-02-2023,Standard,CUST-1317,Consumer,India,Lucknow,Uttar Pradesh,North,Office Supplies,Binders,Ball Pen Set,1,0.1,40.54,4.01,0.098914652,2023-02,2023
ORD-11292,14-01-2024,15-01-2024,Standard,CUST-1572,Consumer,India,Kolkata,West Bengal,East,Technology,Computers,Tablet,2,0.15,331.35,38.67,0.116704391,2024-01,2024
ORD-11121,30-06-2024,03-07-2024,Second Class,CUST-1387,Consumer,India,Pune,Maharashtra,West,Office Supplies,Stationery,Envelope Pack,4,0.05,284.89,51.92,0.182245779,2024-06,2024
ORD-10713,19-06-2023,24-06-2023,Standard,CUST-1593,Corporate,India,Nagpur,Maharashtra,Central,Office Supplies,Writing,Sticky Notes,3,0,101.48,20.42,0.201221916,2023-06,2023
ORD-10417,10-12-2023,11-12-2023,Standard,CUST-1500,Home Office,India,Pune,Maharashtra,West,Technology,Computers,Business Laptop,1,0.05,137.97,28.72,0.208161194,2023-12,2023
ORD-12196,02-10-2023,04-10-2023,Same Day,CUST-1300,Consumer,India,Bhopal,Madhya Pradesh,Central,Technology,Accessories,Business Laptop,2,0,955.48,227.71,0.238320007,2023-10,2023
ORD-11849,07-02-2025,11-02-2025,Standard,CUST-1513,Corporate,India,Bhopal,Madhya Pradesh,Central,Technology,Printers,Tablet,1,0.15,252.57,24.42,0.096686067,2025-02,2025
ORD-11625,18-09-2023,21-09-2023,Standard,CUST-1379,Consumer,India,Jaipur,Rajasthan,North,Office Supplies,Stationery,Printer Paper,4,0,204.55,28.48,0.139232462,2023-09,2023
ORD-10602,11-06-2024,14-06-2024,Standard,CUST-1032,Home Office,India,Nagpur,Maharashtra,Central,Office Supplies,Writing,Printer Paper,2,0.05,62.03,5.55,0.089472836,2024-06,2024
ORD-12478,26-11-2024,28-11-2024,Standard,CUST-1394,Home Office,India,Bengaluru,Karnataka,South,Technology,Printers,Mechanical Keyboard,3,0.2,685.65,68.73,0.100240648,2024-11,2024
ORD-12073,24-11-2025,29-11-2025,Standard,CUST-1156,Consumer,India,Kolkata,West Bengal,East,Furniture,Tables,Standing Desk,3,0.05,1187.06,97.08,0.081781881,2025-11,2025
ORD-10910,25-02-2024,27-02-2024,Standard,CUST-1549,Consumer,India,Ahmedabad,Gujarat,West,Office Supplies,Writing,Printer Paper,4,0.15,386.02,39.07,0.101212372,2024-02,2024
ORD-11125,19-05-2025,21-05-2025,Standard,CUST-1111,Consumer,India,Bengaluru,Karnataka,South,Technology,Computers,Monitor,1,0.15,309.42,28.73,0.092851141,2025-05,2025
ORD-11964,16-08-2024,17-08-2024,Same Day,CUST-1282,Corporate,India,Kolkata,West Bengal,East,Technology,Accessories,Tablet,5,0.3,1178.39,27.86,0.023642427,2024-08,2024
ORD-11165,28-12-2024,30-12-2024,Second Class,CUST-1374,Consumer,India,Chennai,Tamil Nadu,South,Furniture,Tables,Conference Table,3,0.15,262.05,4.82,0.018393436,2024-12,2024
ORD-10881,18-09-2025,21-09-2025,Same Day,CUST-1161,Consumer,India,Ahmedabad,Gujarat,West,Furniture,Office Furniture,Executive Chair,3,0.1,227.81,-3.49,-0.015319784,2025-09,2025
ORD-10968,10-11-2025,12-11-2025,Same Day,CUST-1528,Consumer,India,Kolkata,West Bengal,East,Technology,Computers,Tablet,1,0.2,224.68,3.17,0.014108955,2025-11,2025
ORD-10071,18-11-2024,20-11-2024,Standard,CUST-1007,Corporate,India,Kolkata,West Bengal,East,Furniture,Office Furniture,Office Chair,2,0.1,576.9,-7.34,-0.012723176,2024-11,2024
ORD-12379,10-06-2025,11-06-2025,Same Day,CUST-1120,Consumer,India,Nagpur,Maharashtra,Central,Technology,Printers,Business Laptop,2,0.1,342.42,43,0.125576777,2025-06,2025
ORD-12073,11-12-2025,14-12-2025,Same Day,CUST-1309,Corporate,India,Pune,Maharashtra,West,Furniture,Chairs,Filing Cabinet,4,0.05,396.61,21.96,0.055369254,2025-12,2025
ORD-11055,07-03-2023,09-03-2023,Same Day,CUST-1482,Consumer,India,Chennai,Tamil Nadu,South,Office Supplies,Stationery,Notebook,3,0.1,47.18,5.69,0.12060195,2023-03,2023
ORD-12469,15-01-2023,17-01-2023,Second Class,CUST-1523,Corporate,India,Kolkata,West Bengal,East,Furniture,Tables,Bookshelf,4,0,2014.24,242.73,0.12050699,2023-01,2023
ORD-10904,10-04-2024,13-04-2024,First Class,CUST-1003,Consumer,India,Chennai,Tamil Nadu,South,Office Supplies,Binders,Sticky Notes,2,0,775.26,122.06,0.157443954,2024-04,2024
ORD-10885,16-05-2024,19-05-2024,Second Class,CUST-1574,Consumer,India,Bhopal,Madhya Pradesh,Central,Technology,Accessories,Mechanical Keyboard,2,0,877.61,140.39,0.159968551,2024-05,2024
ORD-10605,31-05-2025,02-06-2025,Same Day,CUST-1052,Consumer,India,Hyderabad,Telangana,South,Office Supplies,Writing,Printer Paper,3,0.05,831.46,103.27,0.124203209,2025-05,2025
ORD-12310,27-03-2024,30-03-2024,Same Day,CUST-1446,Consumer,India,Chennai,Tamil Nadu,South,Office Supplies,Paper,Desk Organizer,2,0.05,153.94,14.47,0.093997661,2024-03,2024
ORD-10177,23-09-2024,26-09-2024,Standard,CUST-1108,Corporate,India,Delhi,Delhi,North,Technology,Phones,Business Laptop,2,0.3,204.68,15.36,0.075043971,2024-09,2024
ORD-11421,07-09-2023,09-09-2023,First Class,CUST-1518,Consumer,India,Bhopal,Madhya Pradesh,Central,Technology,Accessories,Wireless Headset,1,0.3,493.75,18.24,0.036941772,2023-09,2023
ORD-10005,29-11-2023,03-12-2023,Standard,CUST-1367,Consumer,India,Ahmedabad,Gujarat,West,Office Supplies,Stationery,Notebook,4,0.2,115.89,-4.27,-0.036845284,2023-11,2023
ORD-12397,06-06-2024,08-06-2024,Standard,CUST-1462,Consumer,India,Pune,Maharashtra,West,Technology,Computers,Laser Printer,1,0.15,157.6,19.15,0.121510152,2024-06,2024
ORD-11419,06-11-2025,08-11-2025,Second Class,CUST-1294,Consumer,India,Pune,Maharashtra,West,Technology,Computers,Tablet,1,0.2,359.62,30.91,0.085951838,2025-11,2025
ORD-11431,20-03-2024,23-03-2024,Standard,CUST-1031,Consumer,India,Pune,Maharashtra,West,Technology,Accessories,Monitor,3,0,268.48,43.77,0.163028903,2024-03,2024
ORD-11884,14-08-2025,17-08-2025,Standard,CUST-1598,Corporate,India,Pune,Maharashtra,West,Technology,Printers,USB-C Hub,2,0.1,234.65,20.53,0.087492009,2025-08,2025
ORD-12105,08-10-2025,12-10-2025,Standard,CUST-1501,Home Office,India,Kolkata,West Bengal,East,Technology,Phones,Monitor,4,0.2,823.8,40.19,0.048786113,2025-10,2025
ORD-12113,24-03-2025,27-03-2025,Standard,CUST-1404,Home Office,India,Pune,Maharashtra,West,Furniture,Storage,Bookshelf,2,0.15,319.3,0.78,0.002442844,2025-03,2025
ORD-10741,30-06-2025,02-07-2025,First Class,CUST-1204,Corporate,India,Nagpur,Maharashtra,Central,Furniture,Chairs,Filing Cabinet,3,0.3,1283.22,-81.51,-0.063519895,2025-06,2025
ORD-10998,15-11-2023,18-11-2023,Second Class,CUST-1241,Consumer,India,Nagpur,Maharashtra,Central,Office Supplies,Paper,Notebook,2,0.05,393.16,66.97,0.170337776,2023-11,2023
ORD-12184,31-08-2023,04-09-2023,Standard,CUST-1412,Consumer,India,Chennai,Tamil Nadu,South,Office Supplies,Paper,File Binder,3,0.15,130.58,14.15,0.10836269,2023-08,2023
ORD-10044,01-07-2024,05-07-2024,First Class,CUST-1257,Corporate,India,Delhi,Delhi,North,Furniture,Chairs,Bookshelf,1,0,192.52,27.8,0.144400582,2024-07,2024
ORD-10909,26-09-2023,28-09-2023,Second Class,CUST-1383,Corporate,India,Jaipur,Rajasthan,North,Technology,Phones,Wireless Headset,3,0.15,469.5,60.21,0.128242812,2023-09,2023
ORD-11874,15-03-2024,18-03-2024,Standard,CUST-1414,Consumer,India,Mumbai,Maharashtra,West,Office Supplies,Binders,Envelope Pack,5,0.2,434.39,18.76,0.043186998,2024-03,2024
ORD-11640,18-09-2025,20-09-2025,Standard,CUST-1274,Consumer,India,Lucknow,Uttar Pradesh,North,Technology,Printers,Smartphone,4,0.05,1291.29,190.29,0.147364264,2025-09,2025
ORD-11574,16-06-2025,19-06-2025,Standard,CUST-1295,Consumer,India,Jaipur,Rajasthan,North,Technology,Printers,Monitor,2,0.05,1132.27,190.53,0.168272585,2025-06,2025
ORD-10510,22-05-2025,25-05-2025,Second Class,CUST-1583,Corporate,India,Jaipur,Rajasthan,North,Office Supplies,Paper,Envelope Pack,2,0.3,106.29,-4.16,-0.039138207,2025-05,2025
ORD-10125,16-06-2024,19-06-2024,Same Day,CUST-1266,Consumer,India,Chennai,Tamil Nadu,South,Technology,Accessories,USB-C Hub,2,0,751.83,194.99,0.259353843,2024-06,2024
ORD-10352,13-04-2025,17-04-2025,Standard,CUST-1493,Corporate,India,Bhopal,Madhya Pradesh,Central,Technology,Printers,Mechanical Keyboard,2,0.05,803.16,103.29,0.128604512,2025-04,2025
ORD-11883,18-05-2025,20-05-2025,Standard,CUST-1595,Consumer,India,Pune,Maharashtra,West,Office Supplies,Binders,Envelope Pack,1,0.15,48.57,11.14,0.229359687,2025-05,2025
ORD-12173,09-05-2025,12-05-2025,Same Day,CUST-1321,Corporate,India,Kolkata,West Bengal,East,Furniture,Storage,Executive Chair,1,0.15,92.35,-0.24,-0.002598809,2025-05,2025
ORD-11193,25-05-2024,28-05-2024,Standard,CUST-1042,Consumer,India,Chennai,Tamil Nadu,South,Office Supplies,Binders,Ball Pen Set,3,0.15,143.93,9.89,0.068713958,2024-05,2024
ORD-10530,06-12-2023,08-12-2023,Standard,CUST-1028,Home Office,India,Bhopal,Madhya Pradesh,Central,Office Supplies,Stationery,Desk Organizer,3,0.3,1020.04,-5.25,-0.005146857,2023-12,2023
ORD-11141,17-09-2025,19-09-2025,Standard,CUST-1384,Home Office,India,Kolkata,West Bengal,East,Technology,Computers,Business Laptop,5,0.2,1338.3,103.95,0.077673167,2025-09,2025
ORD-10661,12-05-2024,15-05-2024,Standard,CUST-1394,Home Office,India,Nagpur,Maharashtra,Central,Furniture,Office Furniture,Executive Chair,2,0,157.53,24.62,0.156287691,2024-05,2024
ORD-10568,02-05-2025,05-05-2025,Second Class,CUST-1449,Home Office,India,Mumbai,Maharashtra,West,Furniture,Office Furniture,Standing Desk,4,0.1,309.84,11.39,0.036760909,2025-05,2025
ORD-11625,23-03-2025,27-03-2025,Standard,CUST-1129,Consumer,India,Hyderabad,Telangana,South,Office Supplies,Binders,Sticky Notes,2,0.3,225.65,-3.6,-0.015953911,2025-03,2025
ORD-11170,23-12-2023,24-12-2023,Standard,CUST-1026,Corporate,India,Lucknow,Uttar Pradesh,North,Furniture,Office Furniture,Reception Desk,4,0.2,406.54,1.17,0.002877946,2023-12,2023
ORD-11778,10-05-2024,13-05-2024,Standard,CUST-1102,Corporate,India,Hyderabad,Telangana,South,Office Supplies,Binders,Ball Pen Set,4,0,1398.24,272.88,0.195159629,2024-05,2024
ORD-11383,28-12-2023,01-01-2024,First Class,CUST-1581,Consumer,India,Chennai,Tamil Nadu,South,Technology,Printers,Smartphone,5,0.15,1857.32,164.76,0.088708462,2023-12,2023
ORD-12009,01-07-2024,03-07-2024,Same Day,CUST-1146,Consumer,India,Pune,Maharashtra,West,Technology,Computers,Monitor,3,0.15,1466.02,123.98,0.084569105,2024-07,2024
ORD-11573,19-01-2024,20-01-2024,Standard,CUST-1382,Consumer,India,Lucknow,Uttar Pradesh,North,Office Supplies,Paper,File Binder,4,0.1,119.43,14.97,0.125345391,2024-01,2024
ORD-12148,05-07-2025,07-07-2025,Standard,CUST-1036,Corporate,India,Jaipur,Rajasthan,North,Office Supplies,Stationery,Desk Organizer,2,0.3,97.7,-1.84,-0.018833163,2025-07,2025
ORD-10895,19-10-2024,23-10-2024,Standard,CUST-1518,Consumer,India,Bengaluru,Karnataka,South,Furniture,Storage,Reception Desk,3,0.05,405.96,9.32,0.022957927,2024-10,2024
ORD-10059,18-03-2023,23-03-2023,Standard,CUST-1026,Consumer,India,Delhi,Delhi,North,Office Supplies,Stationery,Envelope Pack,4,0,354.49,69.48,0.195999887,2023-03,2023
ORD-10407,31-12-2024,01-01-2025,Second Class,CUST-1506,Corporate,India,Bhopal,Madhya Pradesh,Central,Technology,Printers,Mechanical Keyboard,3,0.15,343.72,27.91,0.081199814,2024-12,2024
ORD-12192,07-06-2024,09-06-2024,First Class,CUST-1486,Home Office,India,Ahmedabad,Gujarat,West,Technology,Accessories,Mechanical Keyboard,4,0.3,823.58,71.69,0.087046796,2024-06,2024
ORD-12134,25-01-2025,27-01-2025,Standard,CUST-1261,Home Office,India,Bengaluru,Karnataka,South,Technology,Accessories,Laser Printer,1,0,410.74,96.44,0.234795735,2025-01,2025
ORD-11082,23-06-2025,26-06-2025,Standard,CUST-1414,Consumer,India,Pune,Maharashtra,West,Technology,Computers,Laser Printer,1,0.15,367.67,56.29,0.153099247,2025-06,2025
ORD-12021,02-07-2023,05-07-2023,Standard,CUST-1467,Consumer,India,Chennai,Tamil Nadu,South,Furniture,Office Furniture,Conference Table,4,0,1609.74,95.27,0.059183471,2023-07,2023
ORD-10072,17-05-2024,20-05-2024,Standard,CUST-1233,Consumer,India,Jaipur,Rajasthan,North,Technology,Computers,Business Laptop,1,0,290.79,50.71,0.174387015,2024-05,2024
ORD-11154,08-08-2025,12-08-2025,Standard,CUST-1261,Home Office,India,Chennai,Tamil Nadu,South,Furniture,Chairs,Bookshelf,2,0.05,347.36,33.91,0.097622064,2025-08,2025
ORD-10355,10-06-2025,13-06-2025,Second Class,CUST-1299,Corporate,India,Pune,Maharashtra,West,Furniture,Tables,Reception Desk,4,0.1,1385.63,63.37,0.04573371,2025-06,2025
ORD-10269,17-07-2024,18-07-2024,First Class,CUST-1211,Corporate,India,Hyderabad,Telangana,South,Technology,Accessories,Monitor,2,0.05,1479.95,276.05,0.186526572,2024-07,2024
ORD-11747,20-04-2024,22-04-2024,Second Class,CUST-1487,Corporate,India,Lucknow,Uttar Pradesh,North,Technology,Printers,USB-C Hub,3,0.15,1063.23,102.96,0.096836997,2024-04,2024
ORD-10301,18-01-2025,19-01-2025,Second Class,CUST-1039,Consumer,India,Bengaluru,Karnataka,South,Technology,Computers,Wireless Headset,2,0.2,297.01,34.9,0.117504461,2025-01,2025
ORD-12421,21-12-2025,23-12-2025,Same Day,CUST-1032,Consumer,India,Kolkata,West Bengal,East,Furniture,Tables,Bookshelf,1,0.1,230,27.23,0.118391304,2025-12,2025
ORD-11571,01-11-2025,05-11-2025,Standard,CUST-1370,Consumer,India,Jaipur,Rajasthan,North,Technology,Phones,Smartphone,3,0.05,168.65,25.89,0.153513193,2025-11,2025
ORD-10897,01-03-2025,03-03-2025,Standard,CUST-1451,Corporate,India,Lucknow,Uttar Pradesh,North,Technology,Printers,Smartphone,3,0.2,1332.22,94.06,0.070603954,2025-03,2025
ORD-12042,12-10-2025,16-10-2025,Standard,CUST-1447,Consumer,India,Lucknow,Uttar Pradesh,North,Office Supplies,Paper,Printer Paper,4,0.1,129.65,18.11,0.139683764,2025-10,2025
ORD-11446,08-12-2025,12-12-2025,Standard,CUST-1546,Consumer,India,Bhopal,Madhya Pradesh,Central,Furniture,Chairs,Bookshelf,2,0.2,359.2,-7.89,-0.021965479,2025-12,2025
ORD-10587,29-01-2024,01-02-2024,Standard,CUST-1589,Consumer,India,Bhopal,Madhya Pradesh,Central,Technology,Accessories,Smartphone,2,0,418.43,80.42,0.192194632,2024-01,2024
ORD-12373,25-07-2024,27-07-2024,Second Class,CUST-1520,Consumer,India,Jaipur,Rajasthan,North,Office Supplies,Stationery,Notebook,3,0,210.91,39.42,0.186904367,2024-07,2024
ORD-10548,25-03-2023,27-03-2023,Standard,CUST-1232,Consumer,India,Mumbai,Maharashtra,West,Furniture,Office Furniture,Executive Chair,3,0,279.27,41.27,0.147778136,2023-03,2023
ORD-11752,02-11-2025,07-11-2025,Standard,CUST-1046,Consumer,India,Lucknow,Uttar Pradesh,North,Furniture,Office Furniture,Standing Desk,5,0.05,947.86,109.2,0.115206887,2025-11,2025
ORD-10507,21-06-2025,25-06-2025,Same Day,CUST-1253,Home Office,India,Bhopal,Madhya Pradesh,Central,Technology,Printers,Tablet,2,0.1,713.68,58.67,0.082207712,2025-06,2025
ORD-12354,21-01-2023,24-01-2023,Second Class,CUST-1314,Consumer,India,Nagpur,Maharashtra,Central,Technology,Printers,USB-C Hub,3,0.15,812.56,73.79,0.090811755,2023-01,2023
ORD-10589,10-09-2024,13-09-2024,Same Day,CUST-1056,Corporate,India,Hyderabad,Telangana,South,Furniture,Chairs,Executive Chair,2,0.15,238.17,2.89,0.01213419,2024-09,2024
ORD-11376,21-08-2023,24-08-2023,Standard,CUST-1339,Corporate,India,Mumbai,Maharashtra,West,Technology,Accessories,Laser Printer,5,0.1,412.54,48.49,0.117540117,2023-08,2023
ORD-10269,15-09-2024,17-09-2024,Second Class,CUST-1236,Home Office,India,Delhi,Delhi,North,Technology,Printers,Mechanical Keyboard,4,0.15,1019.53,178.05,0.174639295,2024-09,2024
ORD-11953,10-05-2025,13-05-2025,Standard,CUST-1326,Corporate,India,Hyderabad,Telangana,South,Technology,Computers,USB-C Hub,4,0.15,1019.82,76.83,0.075336824,2025-05,2025
ORD-10985,17-08-2024,19-08-2024,Same Day,CUST-1532,Corporate,India,Nagpur,Maharashtra,Central,Furniture,Chairs,Filing Cabinet,2,0,526.77,61.74,0.117204852,2024-08,2024
ORD-10095,13-04-2025,15-04-2025,First Class,CUST-1577,Consumer,India,Hyderabad,Telangana,South,Furniture,Office Furniture,Filing Cabinet,3,0.3,574.17,-83.21,-0.144922236,2025-04,2025
ORD-12380,30-07-2024,02-08-2024,First Class,CUST-1236,Corporate,India,Chennai,Tamil Nadu,South,Technology,Computers,Monitor,1,0.2,147.52,6.9,0.046773319,2024-07,2024
ORD-12187,17-01-2023,21-01-2023,First Class,CUST-1187,Home Office,India,Chennai,Tamil Nadu,South,Office Supplies,Binders,File Binder,3,0,277.5,57.91,0.208684685,2023-01,2023
ORD-10550,04-06-2024,06-06-2024,Standard,CUST-1252,Consumer,India,Mumbai,Maharashtra,West,Office Supplies,Stationery,Sticky Notes,1,0.2,66.45,2.12,0.031903687,2024-06,2024
ORD-11200,03-02-2024,05-02-2024,First Class,CUST-1369,Consumer,India,Delhi,Delhi,North,Office Supplies,Writing,Desk Organizer,4,0,262.31,58.06,0.221341161,2024-02,2024
ORD-11485,04-06-2024,06-06-2024,Standard,CUST-1451,Consumer,India,Delhi,Delhi,North,Office Supplies,Stationery,Notebook,3,0.1,235.11,27.64,0.117561992,2024-06,2024
ORD-12142,28-12-2023,31-12-2023,Standard,CUST-1267,Consumer,India,Lucknow,Uttar Pradesh,North,Furniture,Chairs,Executive Chair,2,0.1,503.46,5.87,0.011659318,2023-12,2023
ORD-12043,30-01-2024,02-02-2024,Standard,CUST-1251,Corporate,India,Bhopal,Madhya Pradesh,Central,Furniture,Office Furniture,Filing Cabinet,2,0.3,686.18,-23.23,-0.033854091,2024-01,2024
ORD-10623,05-03-2024,07-03-2024,First Class,CUST-1252,Corporate,India,Kolkata,West Bengal,East,Furniture,Chairs,Office Chair,2,0.15,652.49,16.86,0.025839476,2024-03,2024
ORD-11123,19-02-2024,22-02-2024,Standard,CUST-1358,Consumer,India,Pune,Maharashtra,West,Office Supplies,Writing,Sticky Notes,3,0,265.02,41.19,0.155422232,2024-02,2024
ORD-10374,22-08-2023,25-08-2023,Standard,CUST-1553,Corporate,India,Delhi,Delhi,North,Office Supplies,Writing,Ball Pen Set,3,0.1,574.06,9.69,0.016879769,2023-08,2023
ORD-11223,30-03-2024,02-04-2024,Standard,CUST-1087,Consumer,India,Nagpur,Maharashtra,Central,Furniture,Office Furniture,Standing Desk,2,0.1,498.41,26.71,0.053590418,2024-03,2024
ORD-10935,20-02-2023,23-02-2023,Standard,CUST-1356,Consumer,India,Bhopal,Madhya Pradesh,Central,Office Supplies,Binders,Desk Organizer,2,0.05,164.47,28,0.170243813,2023-02,2023
ORD-11153,18-01-2023,20-01-2023,Second Class,CUST-1514,Corporate,India,Mumbai,Maharashtra,West,Furniture,Chairs,Reception Desk,2,0.15,364.61,0.8,0.002194125,2023-01,2023
ORD-10616,19-12-2023,22-12-2023,Standard,CUST-1507,Consumer,India,Pune,Maharashtra,West,Furniture,Storage,Reception Desk,2,0,323.13,42.17,0.13050475,2023-12,2023
ORD-12470,24-02-2024,28-02-2024,Second Class,CUST-1213,Corporate,India,Nagpur,Maharashtra,Central,Technology,Computers,Smartphone,1,0,697.88,139.85,0.200392618,2024-02,2024
ORD-10140,29-09-2023,02-10-2023,Second Class,CUST-1396,Home Office,India,Jaipur,Rajasthan,North,Furniture,Storage,Office Chair,3,0.15,305.15,6.38,0.02090775,2023-09,2023
ORD-11890,18-08-2025,22-08-2025,Standard,CUST-1375,Corporate,India,Bengaluru,Karnataka,South,Furniture,Office Furniture,Office Chair,3,0.1,748.6,27.74,0.037055838,2025-08,2025
ORD-11808,08-08-2024,09-08-2024,Standard,CUST-1479,Corporate,India,Kolkata,West Bengal,East,Technology,Computers,Wireless Headset,5,0.2,834.31,85.46,0.10243195,2024-08,2024
ORD-11710,05-12-2023,08-12-2023,First Class,CUST-1587,Corporate,India,Kolkata,West Bengal,East,Technology,Computers,Tablet,2,0.15,668.21,21.85,0.032699301,2023-12,2023
ORD-12089,20-11-2024,25-11-2024,Standard,CUST-1305,Consumer,India,Ahmedabad,Gujarat,West,Office Supplies,Stationery,Printer Paper,2,0,231.64,27.64,0.119323088,2024-11,2024
ORD-12460,17-09-2025,19-09-2025,Standard,CUST-1195,Home Office,India,Chennai,Tamil Nadu,South,Office Supplies,Stationery,Printer Paper,4,0.15,329.05,28.92,0.087889379,2025-09,2025
ORD-12435,28-09-2024,02-10-2024,Second Class,CUST-1548,Consumer,India,Delhi,Delhi,North,Office Supplies,Writing,Printer Paper,3,0,248.66,36.26,0.145821604,2024-09,2024
ORD-10247,20-10-2023,22-10-2023,Standard,CUST-1259,Consumer,India,Chennai,Tamil Nadu,South,Furniture,Office Furniture,Office Chair,4,0.3,672.84,-58.2,-0.086499019,2023-10,2023
ORD-12138,07-05-2023,09-05-2023,Standard,CUST-1409,Consumer,India,Hyderabad,Telangana,South,Technology,Printers,Monitor,1,0.15,208.26,20.45,0.098194564,2023-05,2023
ORD-11581,26-05-2025,29-05-2025,Standard,CUST-1066,Consumer,India,Nagpur,Maharashtra,Central,Office Supplies,Paper,Printer Paper,4,0.05,358.03,60.35,0.168561294,2025-05,2025
ORD-10493,05-09-2025,10-09-2025,Second Class,CUST-1005,Consumer,India,Chennai,Tamil Nadu,South,Office Supplies,Stationery,Notebook,3,0,302.24,69.54,0.230082054,2025-09,2025
ORD-10941,12-03-2023,16-03-2023,Standard,CUST-1053,Consumer,India,Lucknow,Uttar Pradesh,North,Office Supplies,Binders,Printer Paper,2,0.15,324.04,44.1,0.136094309,2023-03,2023
ORD-11617,25-06-2025,27-06-2025,Second Class,CUST-1513,Home Office,India,Lucknow,Uttar Pradesh,North,Technology,Accessories,Mechanical Keyboard,5,0.05,1387.59,308.26,0.222154959,2025-06,2025
ORD-10960,11-05-2025,13-05-2025,Same Day,CUST-1512,Home Office,India,Pune,Maharashtra,West,Technology,Phones,Wireless Headset,4,0.3,1310.74,111.6,0.085142744,2025-05,2025
ORD-10055,11-06-2025,13-06-2025,Same Day,CUST-1054,Consumer,India,Mumbai,Maharashtra,West,Technology,Printers,Mechanical Keyboard,3,0.15,678.06,82.86,0.122201575,2025-06,2025
ORD-10772,11-10-2025,13-10-2025,Same Day,CUST-1196,Consumer,India,Delhi,Delhi,North,Technology,Accessories,Business Laptop,3,0.15,385.87,36.27,0.093995387,2025-10,2025
ORD-10800,25-07-2025,29-07-2025,Standard,CUST-1269,Home Office,India,Delhi,Delhi,North,Technology,Accessories,Business Laptop,4,0.1,3740.77,577.27,0.154318496,2025-07,2025
ORD-12367,01-10-2025,03-10-2025,Standard,CUST-1057,Consumer,India,Lucknow,Uttar Pradesh,North,Technology,Phones,Laser Printer,2,0.2,484.95,60.28,0.124301474,2025-10,2025
ORD-12407,08-11-2025,12-11-2025,Second Class,CUST-1549,Consumer,India,Mumbai,Maharashtra,West,Technology,Printers,Mechanical Keyboard,2,0.15,347.27,24.13,0.069484839,2025-11,2025
ORD-10398,05-03-2023,09-03-2023,Standard,CUST-1362,Consumer,India,Bhopal,Madhya Pradesh,Central,Technology,Printers,Monitor,4,0.1,805.43,142.68,0.177147611,2023-03,2023
ORD-10679,09-02-2024,13-02-2024,Standard,CUST-1455,Consumer,India,Pune,Maharashtra,West,Technology,Accessories,Laser Printer,3,0,1182.64,206.69,0.174770006,2024-02,2024
ORD-10811,17-01-2025,19-01-2025,Standard,CUST-1391,Home Office,India,Hyderabad,Telangana,South,Technology,Printers,Tablet,1,0.2,671.88,81.75,0.121673513,2025-01,2025
ORD-11604,25-01-2024,30-01-2024,Same Day,CUST-1344,Consumer,India,Ahmedabad,Gujarat,West,Technology,Printers,USB-C Hub,3,0.05,1026.54,168.83,0.164465096,2024-01,2024
ORD-11641,19-08-2024,20-08-2024,Second Class,CUST-1328,Corporate,India,Bhopal,Madhya Pradesh,Central,Office Supplies,Paper,File Binder,1,0.3,164.91,-1.11,-0.006730944,2024-08,2024
ORD-10954,30-01-2024,31-01-2024,Second Class,CUST-1208,Consumer,India,Kolkata,West Bengal,East,Office Supplies,Binders,File Binder,3,0.1,157.18,13.41,0.085316198,2024-01,2024
ORD-11642,22-06-2024,25-06-2024,Standard,CUST-1452,Consumer,India,Ahmedabad,Gujarat,West,Technology,Computers,Laser Printer,4,0.3,4295.37,-87.92,-0.020468551,2024-06,2024
ORD-10784,08-09-2024,10-09-2024,Second Class,CUST-1326,Consumer,India,Lucknow,Uttar Pradesh,North,Furniture,Storage,Standing Desk,1,0.05,451.26,38.64,0.085626911,2024-09,2024
ORD-12274,05-02-2025,07-02-2025,Standard,CUST-1192,Consumer,India,Ahmedabad,Gujarat,West,Technology,Printers,Smartphone,2,0.3,400.36,-14.19,-0.035443101,2025-02,2025
ORD-10350,26-03-2024,28-03-2024,First Class,CUST-1299,Consumer,India,Kolkata,West Bengal,East,Furniture,Storage,Conference Table,1,0.1,194.76,3.22,0.016533169,2024-03,2024
ORD-10215,06-07-2023,08-07-2023,Standard,CUST-1208,Consumer,India,Hyderabad,Telangana,South,Technology,Accessories,Mechanical Keyboard,2,0,749.83,176.86,0.235866796,2023-07,2023
ORD-10705,13-12-2024,14-12-2024,Standard,CUST-1193,Corporate,India,Bengaluru,Karnataka,South,Technology,Accessories,Tablet,3,0,571.86,75.11,0.131343336,2024-12,2024
ORD-11405,19-10-2024,22-10-2024,Standard,CUST-1131,Consumer,India,Jaipur,Rajasthan,North,Technology,Computers,Mechanical Keyboard,5,0.1,2111.77,255.32,0.120903318,2024-10,2024
ORD-10789,22-11-2024,26-11-2024,Standard,CUST-1040,Consumer,India,Pune,Maharashtra,West,Technology,Accessories,USB-C Hub,3,0.05,690.33,126.02,0.182550374,2024-11,2024
ORD-10214,14-07-2023,16-07-2023,Standard,CUST-1370,Corporate,India,Chennai,Tamil Nadu,South,Office Supplies,Stationery,Ball Pen Set,1,0.1,147.26,16.85,0.114423469,2023-07,2023
ORD-11774,21-10-2025,24-10-2025,Second Class,CUST-1040,Consumer,India,Kolkata,West Bengal,East,Technology,Printers,USB-C Hub,3,0,1034.57,251.03,0.242641871,2025-10,2025
ORD-11017,03-01-2023,08-01-2023,Standard,CUST-1520,Consumer,India,Pune,Maharashtra,West,Furniture,Tables,Standing Desk,4,0,379.02,53.04,0.139939845,2023-01,2023
ORD-11832,31-10-2023,01-11-2023,Standard,CUST-1487,Corporate,India,Hyderabad,Telangana,South,Office Supplies,Binders,File Binder,3,0.05,472.88,59.31,0.12542294,2023-10,2023
ORD-11992,06-01-2024,08-01-2024,Standard,CUST-1054,Consumer,India,Bhopal,Madhya Pradesh,Central,Office Supplies,Binders,Desk Organizer,1,0,80.5,10.67,0.132546584,2024-01,2024
ORD-12172,16-03-2024,18-03-2024,Standard,CUST-1011,Consumer,India,Bhopal,Madhya Pradesh,Central,Furniture,Office Furniture,Bookshelf,5,0.15,798.49,52.58,0.065849291,2024-03,2024
ORD-10236,20-10-2024,25-10-2024,Second Class,CUST-1506,Consumer,India,Lucknow,Uttar Pradesh,North,Furniture,Storage,Executive Chair,3,0.1,523.81,34.81,0.066455394,2024-10,2024
ORD-10782,20-09-2025,21-09-2025,First Class,CUST-1477,Corporate,India,Ahmedabad,Gujarat,West,Technology,Computers,Mechanical Keyboard,4,0,1809.29,342.27,0.189173654,2025-09,2025
ORD-10975,04-01-2024,06-01-2024,Standard,CUST-1111,Consumer,India,Jaipur,Rajasthan,North,Technology,Phones,USB-C Hub,3,0.05,407.72,82.24,0.201707054,2024-01,2024
ORD-10073,19-06-2024,22-06-2024,First Class,CUST-1326,Consumer,India,Bhopal,Madhya Pradesh,Central,Technology,Phones,Wireless Headset,1,0.2,209.08,15.52,0.07422996,2024-06,2024
ORD-11519,08-09-2023,11-09-2023,Standard,CUST-1052,Consumer,India,Hyderabad,Telangana,South,Furniture,Office Furniture,Executive Chair,4,0.05,427.17,36.02,0.084322401,2023-09,2023
ORD-11285,17-08-2023,19-08-2023,Standard,CUST-1092,Consumer,India,Mumbai,Maharashtra,West,Furniture,Office Furniture,Reception Desk,3,0,618.07,90.18,0.145905804,2023-08,2023
ORD-10319,10-06-2023,13-06-2023,Standard,CUST-1163,Consumer,India,Bengaluru,Karnataka,South,Technology,Computers,Monitor,4,0.1,476.67,42.61,0.089390983,2023-06,2023
ORD-10601,03-11-2025,08-11-2025,Second Class,CUST-1559,Consumer,India,Kolkata,West Bengal,East,Office Supplies,Binders,Notebook,5,0,240.25,34.04,0.141685744,2025-11,2025
ORD-12130,12-09-2023,17-09-2023,Standard,CUST-1429,Consumer,India,Lucknow,Uttar Pradesh,North,Technology,Computers,Smartphone,4,0.1,789.11,88.19,0.111758817,2023-09,2023
ORD-12248,26-11-2023,30-11-2023,Standard,CUST-1158,Consumer,India,Mumbai,Maharashtra,West,Furniture,Chairs,Reception Desk,4,0.1,893.55,46.98,0.0525768,2023-11,2023
ORD-11787,22-01-2023,23-01-2023,Standard,CUST-1086,Home Office,India,Mumbai,Maharashtra,West,Furniture,Tables,Filing Cabinet,5,0.05,976.57,90.18,0.092343611,2023-01,2023
ORD-10192,10-08-2023,15-08-2023,Same Day,CUST-1496,Corporate,India,Bengaluru,Karnataka,South,Technology,Accessories,Laser Printer,3,0,606.43,105.15,0.173391818,2023-08,2023
ORD-11492,27-05-2025,30-05-2025,Same Day,CUST-1368,Consumer,India,Hyderabad,Telangana,South,Technology,Phones,Mechanical Keyboard,1,0,664.35,137.81,0.20743584,2025-05,2025
ORD-11533,17-06-2025,19-06-2025,First Class,CUST-1065,Consumer,India,Bengaluru,Karnataka,South,Technology,Printers,Tablet,1,0.2,309.57,32.48,0.104919727,2025-06,2025
ORD-11610,14-10-2023,16-10-2023,Standard,CUST-1269,Consumer,India,Delhi,Delhi,North,Furniture,Office Furniture,Bookshelf,2,0.1,429.7,21.84,0.050826158,2023-10,2023
ORD-11328,18-11-2025,21-11-2025,Standard,CUST-1194,Consumer,India,Hyderabad,Telangana,South,Technology,Computers,Mechanical Keyboard,2,0.05,665.38,95.92,0.144158225,2025-11,2025
ORD-10359,11-12-2023,14-12-2023,Second Class,CUST-1060,Corporate,India,Hyderabad,Telangana,South,Office Supplies,Binders,Sticky Notes,2,0.1,367.11,28.23,0.076897932,2023-12,2023
ORD-10020,03-11-2023,08-11-2023,First Class,CUST-1379,Home Office,India,Chennai,Tamil Nadu,South,Technology,Accessories,Monitor,1,0.3,113.92,1.74,0.015273876,2023-11,2023
ORD-11757,28-05-2025,31-05-2025,Second Class,CUST-1043,Consumer,India,Pune,Maharashtra,West,Office Supplies,Stationery,File Binder,5,0.15,667.58,74.35,0.11137242,2025-05,2025
ORD-10736,01-07-2024,03-07-2024,Standard,CUST-1535,Consumer,India,Mumbai,Maharashtra,West,Office Supplies,Writing,Sticky Notes,1,0,103.57,20.71,0.199961379,2024-07,2024
ORD-11847,18-06-2025,21-06-2025,First Class,CUST-1120,Consumer,India,Ahmedabad,Gujarat,West,Furniture,Tables,Filing Cabinet,1,0.1,445.22,2.95,0.006625938,2025-06,2025
ORD-10086,09-12-2023,10-12-2023,First Class,CUST-1453,Consumer,India,Nagpur,Maharashtra,Central,Office Supplies,Paper,Printer Paper,1,0,126.82,31.12,0.245387163,2023-12,2023
ORD-12082,20-10-2023,24-10-2023,Second Class,CUST-1283,Corporate,India,Kolkata,West Bengal,East,Furniture,Chairs,Conference Table,2,0.3,2136.18,-128.02,-0.059929407,2023-10,2023
ORD-11365,12-08-2023,16-08-2023,Second Class,CUST-1315,Corporate,India,Delhi,Delhi,North,Technology,Printers,USB-C Hub,4,0.1,3713.62,565,0.152142653,2023-08,2023
ORD-10663,28-08-2023,30-08-2023,First Class,CUST-1287,Consumer,India,Delhi,Delhi,North,Technology,Printers,Mechanical Keyboard,2,0.1,326.93,50.37,0.154069679,2023-08,2023
ORD-10806,17-06-2025,19-06-2025,Standard,CUST-1274,Corporate,India,Kolkata,West Bengal,East,Technology,Accessories,Tablet,2,0.1,356.11,51.89,0.145713403,2025-06,2025
ORD-10114,25-07-2024,28-07-2024,Second Class,CUST-1331,Consumer,India,Jaipur,Rajasthan,North,Office Supplies,Paper,Desk Organizer,1,0.15,75.52,5.37,0.071106992,2024-07,2024
ORD-10886,25-09-2023,28-09-2023,Second Class,CUST-1058,Corporate,India,Nagpur,Maharashtra,Central,Technology,Computers,Business Laptop,2,0.1,565.81,97.53,0.172372351,2023-09,2023
ORD-12361,23-09-2023,26-09-2023,Same Day,CUST-1276,Corporate,India,Bengaluru,Karnataka,South,Technology,Phones,Smartphone,3,0.1,274.9,26.73,0.097235358,2023-09,2023
ORD-12152,02-07-2024,06-07-2024,Standard,CUST-1057,Consumer,India,Jaipur,Rajasthan,North,Office Supplies,Stationery,Ball Pen Set,1,0,41.35,6.95,0.168077388,2024-07,2024
ORD-10279,22-11-2024,24-11-2024,Standard,CUST-1196,Corporate,India,Jaipur,Rajasthan,North,Technology,Phones,Business Laptop,3,0.1,992.57,178.03,0.179362665,2024-11,2024
ORD-12340,25-02-2025,27-02-2025,First Class,CUST-1055,Consumer,India,Bhopal,Madhya Pradesh,Central,Technology,Computers,Business Laptop,2,0,548.34,117.24,0.213808951,2025-02,2025
ORD-10518,28-09-2024,03-10-2024,Second Class,CUST-1013,Home Office,India,Chennai,Tamil Nadu,South,Office Supplies,Binders,Desk Organizer,1,0,159.99,34.78,0.217388587,2024-09,2024
ORD-10699,07-09-2024,08-09-2024,Standard,CUST-1098,Consumer,India,Pune,Maharashtra,West,Office Supplies,Stationery,Envelope Pack,1,0.05,37.42,6.01,0.1606093,2024-09,2024
ORD-10413,24-04-2023,26-04-2023,Standard,CUST-1039,Consumer,India,Kolkata,West Bengal,East,Furniture,Office Furniture,Bookshelf,1,0.2,225.42,-13.52,-0.059976932,2023-04,2023
ORD-10404,13-08-2023,15-08-2023,Second Class,CUST-1507,Home Office,India,Nagpur,Maharashtra,Central,Technology,Accessories,Business Laptop,2,0.05,562.32,98.42,0.175024897,2023-08,2023
ORD-10636,10-02-2025,12-02-2025,Standard,CUST-1191,Consumer,India,Mumbai,Maharashtra,West,Office Supplies,Writing,Sticky Notes,1,0.2,52.1,2.31,0.044337812,2025-02,2025
ORD-11003,18-03-2025,20-03-2025,Standard,CUST-1514,Consumer,India,Kolkata,West Bengal,East,Furniture,Storage,Bookshelf,2,0.2,507.57,-0.56,-0.001103296,2025-03,2025
ORD-11845,10-05-2025,13-05-2025,First Class,CUST-1315,Consumer,India,Mumbai,Maharashtra,West,Furniture,Office Furniture,Filing Cabinet,2,0.3,1613.43,-99.8,-0.061855798,2025-05,2025
ORD-10085,14-06-2024,19-06-2024,Standard,CUST-1078,Consumer,India,Ahmedabad,Gujarat,West,Furniture,Tables,Office Chair,2,0,176.08,27.14,0.154134484,2024-06,2024
ORD-12385,28-09-2023,30-09-2023,Standard,CUST-1472,Consumer,India,Pune,Maharashtra,West,Office Supplies,Stationery,Notebook,2,0.15,157.97,8.11,0.051338862,2023-09,2023
ORD-11201,15-11-2023,16-11-2023,Standard,CUST-1262,Consumer,India,Chennai,Tamil Nadu,South,Office Supplies,Binders,Sticky Notes,5,0.05,546.21,29.54,0.054081763,2023-11,2023
ORD-10465,04-02-2025,07-02-2025,Standard,CUST-1104,Corporate,India,Lucknow,Uttar Pradesh,North,Technology,Printers,Smartphone,3,0,1139.58,178.63,0.156750733,2025-02,2025
ORD-11685,02-02-2025,04-02-2025,Same Day,CUST-1323,Home Office,India,Kolkata,West Bengal,East,Technology,Accessories,USB-C Hub,5,0.1,1713.54,331.88,0.193680918,2025-02,2025
ORD-12468,21-12-2025,22-12-2025,Standard,CUST-1218,Consumer,India,Lucknow,Uttar Pradesh,North,Office Supplies,Writing,Printer Paper,1,0.15,136.69,18.28,0.133733265,2025-12,2025
ORD-11562,15-11-2023,19-11-2023,Standard,CUST-1230,Consumer,India,Kolkata,West Bengal,East,Office Supplies,Paper,Printer Paper,2,0,115.46,17.58,0.152260523,2023-11,2023
ORD-11631,28-09-2025,29-09-2025,Second Class,CUST-1598,Consumer,India,Nagpur,Maharashtra,Central,Furniture,Storage,Bookshelf,5,0,654.51,111.58,0.170478679,2025-09,2025
ORD-12466,09-03-2025,11-03-2025,Second Class,CUST-1006,Consumer,India,Bhopal,Madhya Pradesh,Central,Office Supplies,Stationery,Printer Paper,4,0.1,279.07,26.85,0.09621242,2025-03,2025
ORD-12035,15-01-2024,18-01-2024,Standard,CUST-1478,Consumer,India,Kolkata,West Bengal,East,Technology,Printers,Wireless Headset,4,0.15,312.58,28.57,0.091400601,2024-01,2024
ORD-12284,16-06-2023,18-06-2023,Standard,CUST-1445,Consumer,India,Hyderabad,Telangana,South,Office Supplies,Stationery,Desk Organizer,4,0.05,841.76,78.86,0.093684661,2023-06,2023
ORD-11739,03-12-2025,06-12-2025,Standard,CUST-1407,Home Office,India,Pune,Maharashtra,West,Office Supplies,Binders,Desk Organizer,2,0.05,69.36,5.28,0.076124567,2025-12,2025
ORD-12151,16-09-2023,18-09-2023,Same Day,CUST-1176,Corporate,India,Kolkata,West Bengal,East,Technology,Printers,Business Laptop,1,0.3,1306.85,61.08,0.04673834,2023-09,2023
ORD-10203,20-07-2023,23-07-2023,Standard,CUST-1361,Home Office,India,Mumbai,Maharashtra,West,Office Supplies,Binders,Sticky Notes,5,0.15,487.39,50.69,0.104002955,2023-07,2023
ORD-10240,19-03-2024,20-03-2024,First Class,CUST-1355,Consumer,India,Chennai,Tamil Nadu,South,Technology,Phones,Laser Printer,2,0.05,1016.38,217.15,0.213650406,2024-03,2024
ORD-12476,17-08-2023,19-08-2023,Second Class,CUST-1108,Consumer,India,Delhi,Delhi,North,Furniture,Storage,Office Chair,5,0,747.29,138.76,0.185684273,2023-08,2023
ORD-10206,23-12-2025,24-12-2025,Standard,CUST-1142,Corporate,India,Lucknow,Uttar Pradesh,North,Office Supplies,Paper,Ball Pen Set,1,0.3,56.23,-3.5,-0.062244354,2025-12,2025
ORD-11741,23-05-2024,25-05-2024,Standard,CUST-1272,Corporate,India,Ahmedabad,Gujarat,West,Technology,Phones,Monitor,4,0.15,670.62,96.85,0.144418598,2024-05,2024
ORD-12096,17-09-2024,19-09-2024,Second Class,CUST-1420,Home Office,India,Nagpur,Maharashtra,Central,Office Supplies,Stationery,Printer Paper,5,0.3,170.86,-2.46,-0.014397753,2024-09,2024
ORD-12144,25-07-2023,26-07-2023,First Class,CUST-1215,Corporate,India,Chennai,Tamil Nadu,South,Furniture,Storage,Executive Chair,5,0.3,2452.09,-179.25,-0.073100906,2023-07,2023
ORD-11003,12-08-2025,15-08-2025,First Class,CUST-1013,Corporate,India,Pune,Maharashtra,West,Office Supplies,Stationery,Notebook,2,0.1,125.51,11.76,0.093697713,2025-08,2025
ORD-12075,05-12-2024,07-12-2024,Standard,CUST-1147,Consumer,India,Kolkata,West Bengal,East,Office Supplies,Paper,Envelope Pack,3,0.1,108.82,17.32,0.159161919,2024-12,2024
ORD-11458,16-09-2023,20-09-2023,Standard,CUST-1574,Consumer,India,Pune,Maharashtra,West,Technology,Computers,Smartphone,2,0.3,745.25,15.92,0.021361959,2023-09,2023
ORD-12341,27-02-2024,01-03-2024,Second Class,CUST-1134,Consumer,India,Bengaluru,Karnataka,South,Technology,Accessories,Mechanical Keyboard,3,0.3,6739.83,-252.42,-0.037451983,2024-02,2024
ORD-11977,20-05-2025,22-05-2025,Standard,CUST-1069,Consumer,India,Kolkata,West Bengal,East,Technology,Accessories,Monitor,4,0.1,2269.26,299.72,0.132078299,2025-05,2025
ORD-10394,22-03-2024,26-03-2024,Same Day,CUST-1535,Corporate,India,Lucknow,Uttar Pradesh,North,Technology,Printers,Smartphone,5,0.2,1613.19,87.1,0.0539924,2024-03,2024
ORD-10379,25-03-2024,27-03-2024,Standard,CUST-1461,Consumer,India,Kolkata,West Bengal,East,Technology,Printers,Business Laptop,1,0.1,209.49,41.23,0.196811304,2024-03,2024
ORD-11990,05-02-2024,07-02-2024,Standard,CUST-1493,Home Office,India,Jaipur,Rajasthan,North,Technology,Phones,Smartphone,3,0.3,902.52,-16.22,-0.017971901,2024-02,2024
ORD-10992,08-02-2025,09-02-2025,First Class,CUST-1572,Consumer,India,Pune,Maharashtra,West,Office Supplies,Stationery,Ball Pen Set,3,0.05,124.41,16.33,0.131259545,2025-02,2025
ORD-12060,18-08-2025,20-08-2025,Standard,CUST-1591,Home Office,India,Kolkata,West Bengal,East,Furniture,Office Furniture,Reception Desk,5,0.2,659.67,-35.75,-0.054193764,2025-08,2025
ORD-12032,20-03-2024,24-03-2024,Standard,CUST-1535,Consumer,India,Hyderabad,Telangana,South,Technology,Computers,Mechanical Keyboard,1,0.2,445.64,24.53,0.05504443,2024-03,2024
ORD-10109,23-12-2023,25-12-2023,First Class,CUST-1327,Consumer,India,Nagpur,Maharashtra,Central,Technology,Printers,USB-C Hub,5,0.2,1420.8,96.77,0.068109516,2023-12,2023
ORD-11608,10-12-2024,15-12-2024,Standard,CUST-1245,Consumer,India,Chennai,Tamil Nadu,South,Office Supplies,Paper,Desk Organizer,5,0.2,72.87,2.96,0.040620283,2024-12,2024
ORD-12202,08-03-2025,10-03-2025,Standard,CUST-1273,Consumer,India,Bengaluru,Karnataka,South,Technology,Printers,Wireless Headset,3,0.05,789.02,155.3,0.196826443,2025-03,2025
ORD-10226,08-11-2025,11-11-2025,Standard,CUST-1388,Corporate,India,Chennai,Tamil Nadu,South,Furniture,Tables,Standing Desk,3,0.1,894.5,65.97,0.073750699,2025-11,2025
ORD-11671,19-04-2023,21-04-2023,Standard,CUST-1020,Consumer,India,Delhi,Delhi,North,Furniture,Tables,Executive Chair,3,0,419.8,33.82,0.080562172,2023-04,2023
ORD-12069,11-04-2024,13-04-2024,Standard,CUST-1526,Corporate,India,Pune,Maharashtra,West,Technology,Accessories,Smartphone,1,0.3,233.8,2.65,0.011334474,2024-04,2024
ORD-10714,30-07-2024,02-08-2024,Standard,CUST-1012,Consumer,India,Jaipur,Rajasthan,North,Office Supplies,Stationery,Envelope Pack,5,0,186.85,37.11,0.198608509,2024-07,2024
ORD-11726,24-06-2025,26-06-2025,Second Class,CUST-1127,Consumer,India,Bhopal,Madhya Pradesh,Central,Furniture,Storage,Reception Desk,2,0.05,271.04,28.21,0.104080579,2025-06,2025
ORD-10476,25-02-2024,27-02-2024,Standard,CUST-1479,Consumer,India,Pune,Maharashtra,West,Office Supplies,Stationery,Ball Pen Set,5,0.05,568.3,111.88,0.196867851,2024-02,2024
ORD-11454,25-01-2023,27-01-2023,Standard,CUST-1269,Consumer,India,Jaipur,Rajasthan,North,Office Supplies,Writing,File Binder,1,0,22.94,3.03,0.132083697,2023-01,2023
ORD-12099,10-11-2025,13-11-2025,Standard,CUST-1460,Corporate,India,Jaipur,Rajasthan,North,Office Supplies,Paper,Printer Paper,4,0.15,383.13,25.11,0.065539112,2025-11,2025
ORD-11596,08-10-2025,12-10-2025,Standard,CUST-1203,Home Office,India,Bengaluru,Karnataka,South,Office Supplies,Stationery,Printer Paper,3,0,147.03,26.65,0.181255526,2025-10,2025
ORD-11598,15-04-2024,16-04-2024,Standard,CUST-1432,Corporate,India,Chennai,Tamil Nadu,South,Office Supplies,Binders,File Binder,1,0.15,100.81,13.74,0.136296002,2024-04,2024
ORD-10429,22-08-2024,25-08-2024,Standard,CUST-1383,Consumer,India,Chennai,Tamil Nadu,South,Technology,Phones,Business Laptop,3,0.05,619.07,140.58,0.227082559,2024-08,2024
ORD-11014,31-07-2024,03-08-2024,Standard,CUST-1066,Consumer,India,Nagpur,Maharashtra,Central,Office Supplies,Writing,File Binder,5,0.05,772.85,130.06,0.168286213,2024-07,2024
ORD-10839,18-09-2023,23-09-2023,Standard,CUST-1112,Consumer,India,Bhopal,Madhya Pradesh,Central,Technology,Computers,Wireless Headset,3,0.05,1240.74,181.1,0.145961281,2023-09,2023
ORD-12181,08-07-2023,11-07-2023,Standard,CUST-1322,Corporate,India,Delhi,Delhi,North,Office Supplies,Binders,File Binder,3,0.3,204.9,-15.44,-0.075353831,2023-07,2023
ORD-12426,26-11-2025,29-11-2025,First Class,CUST-1272,Home Office,India,Bengaluru,Karnataka,South,Furniture,Chairs,Conference Table,1,0.3,481.91,-39.07,-0.081073229,2025-11,2025
ORD-12430,17-09-2024,18-09-2024,Second Class,CUST-1329,Consumer,India,Pune,Maharashtra,West,Technology,Phones,Monitor,2,0.2,618.97,37.51,0.060600675,2024-09,2024
ORD-11295,12-01-2024,14-01-2024,Standard,CUST-1437,Consumer,India,Delhi,Delhi,North,Furniture,Storage,Standing Desk,3,0.3,106.41,-0.61,-0.005732544,2024-01,2024
ORD-10675,11-08-2023,13-08-2023,Standard,CUST-1188,Home Office,India,Hyderabad,Telangana,South,Furniture,Chairs,Standing Desk,2,0.05,264.45,21.91,0.082851201,2023-08,2023
ORD-12389,29-09-2024,03-10-2024,Standard,CUST-1256,Home Office,India,Bengaluru,Karnataka,South,Technology,Accessories,Tablet,5,0.15,581.28,50.2,0.086361134,2024-09,2024
ORD-10770,17-02-2023,19-02-2023,Standard,CUST-1058,Home Office,India,Delhi,Delhi,North,Furniture,Storage,Office Chair,5,0,484.85,69.3,0.142930803,2023-02,2023
ORD-11692,24-01-2024,26-01-2024,Standard,CUST-1309,Corporate,India,Lucknow,Uttar Pradesh,North,Technology,Accessories,Mechanical Keyboard,3,0.3,881.77,33.39,0.037867017,2024-01,2024
ORD-12422,23-12-2024,26-12-2024,Standard,CUST-1293,Consumer,India,Delhi,Delhi,North,Furniture,Chairs,Conference Table,5,0.15,2967.94,166.16,0.055984959,2024-12,2024
ORD-10731,17-06-2024,20-06-2024,Standard,CUST-1147,Consumer,India,Bhopal,Madhya Pradesh,Central,Furniture,Tables,Executive Chair,1,0.3,228.86,-10.8,-0.047190422,2024-06,2024
ORD-12195,29-03-2024,01-04-2024,Same Day,CUST-1098,Corporate,India,Pune,Maharashtra,West,Furniture,Storage,Office Chair,2,0.3,541.12,-52.21,-0.096485068,2024-03,2024
ORD-10976,23-07-2024,25-07-2024,Second Class,CUST-1203,Corporate,India,Delhi,Delhi,North,Technology,Accessories,Tablet,2,0.3,584.73,13.48,0.023053375,2024-07,2024
ORD-11171,06-04-2023,08-04-2023,Same Day,CUST-1052,Consumer,India,Bhopal,Madhya Pradesh,Central,Furniture,Office Furniture,Standing Desk,3,0.1,502.84,31.23,0.062107231,2023-04,2023
ORD-12273,21-08-2023,26-08-2023,First Class,CUST-1583,Corporate,India,Ahmedabad,Gujarat,West,Office Supplies,Stationery,File Binder,3,0,218.05,31.6,0.14492089,2023-08,2023
ORD-10318,06-04-2025,09-04-2025,Same Day,CUST-1350,Corporate,India,Ahmedabad,Gujarat,West,Office Supplies,Stationery,Desk Organizer,3,0.15,354.72,20.78,0.058581416,2025-04,2025
ORD-11691,28-07-2025,31-07-2025,Standard,CUST-1264,Corporate,India,Lucknow,Uttar Pradesh,North,Technology,Computers,Smartphone,2,0.05,822.73,161.56,0.19637062,2025-07,2025
ORD-10219,26-06-2025,29-06-2025,Standard,CUST-1154,Consumer,India,Lucknow,Uttar Pradesh,North,Technology,Computers,Smartphone,3,0.15,321.17,22.2,0.069122272,2025-06,2025
ORD-10494,18-11-2023,21-11-2023,Standard,CUST-1029,Consumer,India,Ahmedabad,Gujarat,West,Furniture,Office Furniture,Reception Desk,1,0.2,713.88,33.81,0.047360901,2023-11,2023
ORD-10220,23-01-2024,26-01-2024,Standard,CUST-1243,Home Office,India,Bhopal,Madhya Pradesh,Central,Office Supplies,Binders,Desk Organizer,2,0.2,180.3,9.15,0.050748752,2024-01,2024
ORD-12175,08-01-2024,10-01-2024,First Class,CUST-1356,Consumer,India,Lucknow,Uttar Pradesh,North,Furniture,Office Furniture,Office Chair,3,0.1,585.54,34.94,0.059671414,2024-01,2024
ORD-12299,24-12-2023,27-12-2023,First Class,CUST-1087,Home Office,India,Bhopal,Madhya Pradesh,Central,Technology,Phones,Mechanical Keyboard,2,0.2,196.84,19.5,0.099065231,2023-12,2023
ORD-11396,20-11-2025,22-11-2025,First Class,CUST-1299,Home Office,India,Bhopal,Madhya Pradesh,Central,Technology,Accessories,Smartphone,5,0.15,610.36,78.04,0.127858968,2025-11,2025
ORD-11646,05-05-2023,08-05-2023,Standard,CUST-1162,Consumer,India,Lucknow,Uttar Pradesh,North,Furniture,Tables,Conference Table,5,0.1,1066.04,69.25,0.064960039,2023-05,2023
ORD-11036,25-10-2024,26-10-2024,Second Class,CUST-1208,Corporate,India,Chennai,Tamil Nadu,South,Office Supplies,Binders,Notebook,3,0.3,293.87,7.17,0.024398544,2024-10,2024
ORD-11528,25-01-2023,28-01-2023,Standard,CUST-1508,Consumer,India,Bhopal,Madhya Pradesh,Central,Furniture,Tables,Standing Desk,2,0.05,172.65,22.05,0.12771503,2023-01,2023
ORD-10010,05-07-2024,06-07-2024,Standard,CUST-1595,Corporate,India,Chennai,Tamil Nadu,South,Office Supplies,Binders,Ball Pen Set,2,0.1,206.57,14.06,0.068064094,2024-07,2024
ORD-11284,23-11-2023,27-11-2023,Standard,CUST-1174,Home Office,India,Delhi,Delhi,North,Office Supplies,Binders,Sticky Notes,3,0.1,255.48,10.2,0.039924847,2023-11,2023
ORD-11775,24-04-2024,27-04-2024,Same Day,CUST-1304,Home Office,India,Ahmedabad,Gujarat,West,Furniture,Chairs,Filing Cabinet,4,0,458.3,39.21,0.085555313,2024-04,2024
ORD-11204,21-04-2025,23-04-2025,Second Class,CUST-1322,Corporate,India,Pune,Maharashtra,West,Office Supplies,Binders,Ball Pen Set,4,0.2,471.05,6.03,0.012801189,2025-04,2025
ORD-11647,13-12-2023,18-12-2023,Standard,CUST-1063,Corporate,India,Ahmedabad,Gujarat,West,Office Supplies,Writing,Envelope Pack,2,0.15,62.93,2.63,0.041792468,2023-12,2023
ORD-11086,01-08-2023,05-08-2023,Second Class,CUST-1166,Consumer,India,Ahmedabad,Gujarat,West,Office Supplies,Binders,Envelope Pack,4,0.3,396.17,16.81,0.04243128,2023-08,2023
ORD-11885,29-09-2023,01-10-2023,Same Day,CUST-1442,Consumer,India,Bhopal,Madhya Pradesh,Central,Office Supplies,Writing,Ball Pen Set,1,0.3,142.68,0.95,0.006658256,2023-09,2023
ORD-10021,17-03-2023,18-03-2023,Second Class,CUST-1476,Consumer,India,Hyderabad,Telangana,South,Technology,Printers,Monitor,3,0,813.83,120.08,0.147549242,2023-03,2023
ORD-12172,18-11-2025,20-11-2025,Second Class,CUST-1342,Consumer,India,Hyderabad,Telangana,South,Technology,Computers,Monitor,1,0.15,305.23,50.6,0.165776627,2025-11,2025
ORD-10260,08-06-2025,11-06-2025,Second Class,CUST-1318,Home Office,India,Lucknow,Uttar Pradesh,North,Technology,Phones,Tablet,1,0.1,525.16,100.11,0.190627618,2025-06,2025
ORD-12302,05-10-2023,07-10-2023,First Class,CUST-1507,Corporate,India,Mumbai,Maharashtra,West,Office Supplies,Stationery,File Binder,5,0.3,743.86,2.95,0.0039658,2023-10,2023
ORD-11060,30-08-2025,03-09-2025,Standard,CUST-1215,Consumer,India,Chennai,Tamil Nadu,South,Office Supplies,Writing,Sticky Notes,1,0.1,17.5,2.78,0.158857143,2025-08,2025
ORD-12109,16-11-2025,18-11-2025,Standard,CUST-1501,Consumer,India,Jaipur,Rajasthan,North,Office Supplies,Writing,Sticky Notes,4,0,156.61,33.27,0.212438542,2025-11,2025
ORD-10254,12-02-2025,14-02-2025,Same Day,CUST-1582,Corporate,India,Pune,Maharashtra,West,Furniture,Office Furniture,Standing Desk,4,0.05,515.05,78.83,0.153053102,2025-02,2025
ORD-10935,31-03-2024,03-04-2024,Standard,CUST-1572,Consumer,India,Hyderabad,Telangana,South,Furniture,Office Furniture,Bookshelf,4,0.1,1584.45,94.54,0.059667392,2024-03,2024
ORD-12482,07-12-2024,09-12-2024,Standard,CUST-1156,Consumer,India,Ahmedabad,Gujarat,West,Office Supplies,Paper,File Binder,2,0.1,585.89,51.7,0.08824182,2024-12,2024
ORD-12248,21-04-2025,24-04-2025,Same Day,CUST-1195,Consumer,India,Ahmedabad,Gujarat,West,Furniture,Storage,Office Chair,3,0.15,422.98,23.05,0.054494302,2025-04,2025
ORD-11743,01-01-2024,03-01-2024,Standard,CUST-1431,Corporate,India,Mumbai,Maharashtra,West,Technology,Computers,Monitor,2,0,386.42,71.71,0.185575281,2024-01,2024
ORD-10815,02-08-2025,05-08-2025,First Class,CUST-1149,Consumer,India,Mumbai,Maharashtra,West,Office Supplies,Writing,Envelope Pack,1,0.15,185.9,-0.04,-0.000215169,2025-08,2025
ORD-12248,13-09-2023,16-09-2023,Standard,CUST-1270,Corporate,India,Chennai,Tamil Nadu,South,Technology,Accessories,Smartphone,1,0,153.31,42.02,0.274085187,2023-09,2023
ORD-11705,31-01-2024,01-02-2024,First Class,CUST-1299,Corporate,India,Hyderabad,Telangana,South,Furniture,Storage,Conference Table,1,0.15,705.42,-6.4,-0.009072609,2024-01,2024
ORD-10820,13-12-2024,16-12-2024,Standard,CUST-1577,Home Office,India,Pune,Maharashtra,West,Office Supplies,Writing,Printer Paper,1,0.1,38.59,4.01,0.103912931,2024-12,2024
ORD-10256,06-08-2024,09-08-2024,Same Day,CUST-1369,Corporate,India,Bhopal,Madhya Pradesh,Central,Technology,Printers,Tablet,5,0.3,1904.39,13.55,0.007115139,2024-08,2024
ORD-11917,08-05-2023,10-05-2023,Standard,CUST-1041,Consumer,India,Pune,Maharashtra,West,Office Supplies,Writing,File Binder,3,0,169.8,33.54,0.197526502,2023-05,2023
ORD-12356,14-05-2023,17-05-2023,Second Class,CUST-1188,Consumer,India,Lucknow,Uttar Pradesh,North,Office Supplies,Writing,Sticky Notes,4,0.1,150.24,9.62,0.064030884,2023-05,2023
ORD-12446,06-09-2023,09-09-2023,First Class,CUST-1223,Consumer,India,Lucknow,Uttar Pradesh,North,Furniture,Office Furniture,Executive Chair,5,0,1712.63,239.44,0.139808365,2023-09,2023
ORD-10849,07-10-2023,09-10-2023,Second Class,CUST-1170,Consumer,India,Jaipur,Rajasthan,North,Technology,Printers,USB-C Hub,2,0,655.4,153.09,0.233582545,2023-10,2023
ORD-11490,04-03-2025,06-03-2025,Standard,CUST-1476,Consumer,India,Kolkata,West Bengal,East,Furniture,Chairs,Office Chair,2,0,241.27,23.57,0.097691383,2025-03,2025
ORD-10075,22-12-2024,24-12-2024,Same Day,CUST-1312,Corporate,India,Ahmedabad,Gujarat,West,Technology,Printers,Monitor,2,0.15,364.3,45.51,0.124924513,2024-12,2024
ORD-12309,19-09-2023,21-09-2023,First Class,CUST-1582,Consumer,India,Lucknow,Uttar Pradesh,North,Office Supplies,Paper,File Binder,2,0.2,180.44,-2.66,-0.014741742,2023-09,2023
ORD-12031,18-01-2025,19-01-2025,Standard,CUST-1004,Consumer,India,Jaipur,Rajasthan,North,Technology,Computers,USB-C Hub,2,0.15,457.67,49.61,0.10839688,2025-01,2025
ORD-12274,21-07-2023,25-07-2023,First Class,CUST-1587,Home Office,India,Nagpur,Maharashtra,Central,Technology,Phones,USB-C Hub,1,0.1,367.65,33.37,0.090765674,2023-07,2023
ORD-10078,14-12-2023,16-12-2023,Same Day,CUST-1129,Home Office,India,Mumbai,Maharashtra,West,Office Supplies,Writing,Sticky Notes,3,0,411.02,60.15,0.146343244,2023-12,2023
ORD-10259,05-09-2025,07-09-2025,Standard,CUST-1488,Consumer,India,Ahmedabad,Gujarat,West,Office Supplies,Binders,Envelope Pack,3,0,161.16,20.83,0.129250434,2025-09,2025
ORD-11580,09-04-2023,11-04-2023,Second Class,CUST-1299,Corporate,India,Lucknow,Uttar Pradesh,North,Technology,Phones,Mechanical Keyboard,1,0.2,395.71,14.68,0.037097875,2023-04,2023
ORD-10363,03-02-2025,05-02-2025,Standard,CUST-1414,Home Office,India,Bhopal,Madhya Pradesh,Central,Office Supplies,Writing,Printer Paper,1,0.1,46.26,4.18,0.090358841,2025-02,2025
ORD-11626,11-06-2024,13-06-2024,First Class,CUST-1479,Consumer,India,Bengaluru,Karnataka,South,Furniture,Storage,Conference Table,1,0,381.49,50.85,0.13329314,2024-06,2024
ORD-10932,23-12-2024,26-12-2024,Standard,CUST-1510,Corporate,India,Chennai,Tamil Nadu,South,Technology,Phones,USB-C Hub,3,0.15,4198.14,451.57,0.107564302,2024-12,2024
ORD-11208,23-05-2024,26-05-2024,Standard,CUST-1380,Corporate,India,Lucknow,Uttar Pradesh,North,Office Supplies,Stationery,Ball Pen Set,2,0.1,321.14,30.27,0.094257956,2024-05,2024
ORD-10726,30-10-2023,01-11-2023,Standard,CUST-1238,Consumer,India,Ahmedabad,Gujarat,West,Technology,Accessories,Mechanical Keyboard,2,0.2,646.55,37.83,0.058510556,2023-10,2023
ORD-10491,07-01-2024,08-01-2024,Standard,CUST-1286,Consumer,India,Jaipur,Rajasthan,North,Office Supplies,Stationery,Sticky Notes,3,0.15,148.21,10.43,0.070373119,2024-01,2024
ORD-12084,29-10-2025,01-11-2025,Standard,CUST-1054,Corporate,India,Delhi,Delhi,North,Furniture,Storage,Filing Cabinet,1,0.05,120.41,10.66,0.088530853,2025-10,2025
ORD-10753,18-06-2025,20-06-2025,Same Day,CUST-1188,Corporate,India,Mumbai,Maharashtra,West,Technology,Phones,Monitor,2,0.15,917.53,63.94,0.069687095,2025-06,2025
ORD-11852,11-03-2024,13-03-2024,Standard,CUST-1245,Corporate,India,Ahmedabad,Gujarat,West,Technology,Computers,Mechanical Keyboard,2,0,204.41,36.6,0.179051905,2024-03,2024
ORD-11996,13-10-2025,16-10-2025,Standard,CUST-1339,Consumer,India,Pune,Maharashtra,West,Office Supplies,Stationery,Ball Pen Set,1,0.2,67.13,3.64,0.054223149,2025-10,2025
ORD-10859,30-12-2024,03-01-2025,Standard,CUST-1319,Consumer,India,Chennai,Tamil Nadu,South,Furniture,Chairs,Reception Desk,2,0.1,561.62,40.94,0.072896264,2024-12,2024
ORD-11076,18-02-2025,20-02-2025,Standard,CUST-1073,Home Office,India,Nagpur,Maharashtra,Central,Furniture,Chairs,Standing Desk,4,0.1,644.69,88.68,0.137554484,2025-02,2025
ORD-12480,21-08-2023,23-08-2023,Standard,CUST-1201,Consumer,India,Pune,Maharashtra,West,Technology,Phones,Business Laptop,2,0,829.78,208.94,0.251801682,2023-08,2023
ORD-10010,07-12-2024,08-12-2024,Standard,CUST-1330,Consumer,India,Jaipur,Rajasthan,North,Technology,Computers,Wireless Headset,3,0,569.99,124.03,0.217600309,2024-12,2024
ORD-11044,26-06-2025,29-06-2025,Second Class,CUST-1498,Consumer,India,Bhopal,Madhya Pradesh,Central,Technology,Printers,USB-C Hub,2,0,158.1,26.63,0.168437698,2025-06,2025
ORD-10947,02-02-2023,03-02-2023,Standard,CUST-1107,Corporate,India,Delhi,Delhi,North,Office Supplies,Writing,File Binder,3,0.05,582.21,91.02,0.156335343,2023-02,2023
ORD-12231,07-01-2025,11-01-2025,Standard,CUST-1525,Corporate,India,Mumbai,Maharashtra,West,Furniture,Chairs,Bookshelf,3,0.3,596.38,-34.56,-0.057949629,2025-01,2025
ORD-10026,13-06-2025,15-06-2025,Standard,CUST-1300,Home Office,India,Bengaluru,Karnataka,South,Office Supplies,Paper,Printer Paper,1,0,60.04,11.31,0.188374417,2025-06,2025
ORD-10159,18-07-2025,23-07-2025,Second Class,CUST-1525,Consumer,India,Nagpur,Maharashtra,Central,Technology,Printers,Smartphone,1,0.1,163.02,18.5,0.113483008,2025-07,2025
ORD-11935,08-04-2024,10-04-2024,Second Class,CUST-1375,Consumer,India,Ahmedabad,Gujarat,West,Furniture,Chairs,Bookshelf,3,0.05,198.13,21.14,0.106697623,2024-04,2024
ORD-10451,30-11-2023,04-12-2023,Same Day,CUST-1071,Consumer,India,Ahmedabad,Gujarat,West,Furniture,Tables,Standing Desk,2,0.1,291.66,25.16,0.086264829,2023-11,2023
ORD-10786,29-06-2025,02-07-2025,Second Class,CUST-1337,Consumer,India,Jaipur,Rajasthan,North,Furniture,Tables,Executive Chair,2,0.1,732.75,64.16,0.08756056,2025-06,2025
ORD-10256,09-07-2024,11-07-2024,Second Class,CUST-1586,Consumer,India,Jaipur,Rajasthan,North,Furniture,Chairs,Conference Table,1,0.3,174.01,-12.18,-0.069995977,2024-07,2024
ORD-10746,19-07-2023,20-07-2023,Standard,CUST-1198,Consumer,India,Lucknow,Uttar Pradesh,North,Technology,Phones,Laser Printer,2,0.15,229.18,24.8,0.108211886,2023-07,2023
ORD-12268,18-08-2025,22-08-2025,First Class,CUST-1593,Corporate,India,Delhi,Delhi,North,Technology,Phones,USB-C Hub,2,0.05,534.05,70.89,0.13274038,2025-08,2025
ORD-10380,10-03-2024,13-03-2024,Standard,CUST-1122,Corporate,India,Chennai,Tamil Nadu,South,Office Supplies,Paper,Ball Pen Set,2,0.3,141.85,-7.33,-0.051674304,2024-03,2024
ORD-10820,04-04-2025,05-04-2025,Standard,CUST-1306,Consumer,India,Chennai,Tamil Nadu,South,Technology,Printers,USB-C Hub,1,0.2,418.32,58.06,0.138793268,2025-04,2025
ORD-10240,05-02-2023,08-02-2023,Standard,CUST-1500,Consumer,India,Hyderabad,Telangana,South,Technology,Phones,Wireless Headset,1,0.1,55.41,6.83,0.123262949,2023-02,2023
ORD-12121,21-10-2023,24-10-2023,Same Day,CUST-1551,Consumer,India,Kolkata,West Bengal,East,Technology,Printers,USB-C Hub,5,0.15,457.81,45.71,0.099844914,2023-10,2023
ORD-12221,19-02-2023,22-02-2023,Standard,CUST-1448,Consumer,India,Kolkata,West Bengal,East,Technology,Phones,Wireless Headset,1,0.1,403.24,12.44,0.030850114,2023-02,2023
ORD-11512,17-08-2024,20-08-2024,Standard,CUST-1259,Consumer,India,Chennai,Tamil Nadu,South,Technology,Accessories,Smartphone,5,0.15,1435.31,188.91,0.131616167,2024-08,2024
ORD-11772,04-10-2024,09-10-2024,Standard,CUST-1396,Consumer,India,Bhopal,Madhya Pradesh,Central,Furniture,Storage,Office Chair,1,0,227.45,31.78,0.139723016,2024-10,2024
ORD-10201,31-05-2025,02-06-2025,Second Class,CUST-1072,Consumer,India,Lucknow,Uttar Pradesh,North,Office Supplies,Writing,Notebook,1,0.15,55.26,3.64,0.065870431,2025-05,2025
ORD-10631,03-04-2023,08-04-2023,Standard,CUST-1210,Corporate,India,Mumbai,Maharashtra,West,Office Supplies,Binders,Envelope Pack,2,0,111.22,20.7,0.186117605,2023-04,2023
ORD-12416,19-03-2025,21-03-2025,First Class,CUST-1104,Consumer,India,Bhopal,Madhya Pradesh,Central,Furniture,Office Furniture,Executive Chair,4,0,517.82,56.74,0.109574756,2025-03,2025
ORD-10182,04-04-2024,05-04-2024,Same Day,CUST-1405,Consumer,India,Bhopal,Madhya Pradesh,Central,Office Supplies,Writing,File Binder,2,0.1,158.84,7.67,0.048287585,2024-04,2024
ORD-10579,24-08-2023,27-08-2023,Second Class,CUST-1412,Home Office,India,Chennai,Tamil Nadu,South,Office Supplies,Paper,Sticky Notes,5,0.15,524.02,23.09,0.044063204,2023-08,2023
ORD-10085,01-11-2023,03-11-2023,Standard,CUST-1027,Corporate,India,Pune,Maharashtra,West,Office Supplies,Stationery,Envelope Pack,4,0.3,792.78,-23.21,-0.029276722,2023-11,2023
ORD-10503,07-07-2023,10-07-2023,Standard,CUST-1196,Corporate,India,Chennai,Tamil Nadu,South,Office Supplies,Writing,Sticky Notes,1,0.15,110.45,7.02,0.063558171,2023-07,2023
ORD-10723,24-11-2024,29-11-2024,Second Class,CUST-1463,Corporate,India,Pune,Maharashtra,West,Furniture,Chairs,Conference Table,3,0.15,816.55,87.32,0.106937726,2024-11,2024
ORD-11141,04-03-2025,07-03-2025,Same Day,CUST-1088,Consumer,India,Jaipur,Rajasthan,North,Technology,Accessories,Laser Printer,1,0.3,157.48,-3.41,-0.021653543,2025-03,2025
ORD-10895,09-03-2024,13-03-2024,First Class,CUST-1584,Home Office,India,Bhopal,Madhya Pradesh,Central,Furniture,Chairs,Reception Desk,2,0.3,513.58,-32.08,-0.062463492,2024-03,2024
ORD-12165,13-09-2023,14-09-2023,Standard,CUST-1214,Consumer,India,Kolkata,West Bengal,East,Furniture,Office Furniture,Executive Chair,2,0.3,306.6,-8.75,-0.028538813,2023-09,2023
ORD-11976,15-08-2023,17-08-2023,Standard,CUST-1167,Home Office,India,Hyderabad,Telangana,South,Furniture,Office Furniture,Conference Table,5,0.1,836.58,64.02,0.076525855,2023-08,2023
ORD-11875,19-07-2023,21-07-2023,Same Day,CUST-1253,Consumer,India,Hyderabad,Telangana,South,Furniture,Chairs,Standing Desk,4,0.15,984.5,-39.13,-0.039746064,2023-07,2023
ORD-12456,14-09-2025,17-09-2025,Standard,CUST-1511,Consumer,India,Nagpur,Maharashtra,Central,Technology,Phones,USB-C Hub,3,0.2,397.61,14.54,0.036568497,2025-09,2025
ORD-10128,11-03-2024,13-03-2024,Standard,CUST-1231,Consumer,India,Bhopal,Madhya Pradesh,Central,Furniture,Office Furniture,Filing Cabinet,1,0.1,186.16,11.57,0.062150838,2024-03,2024
ORD-10225,08-11-2025,10-11-2025,First Class,CUST-1136,Corporate,India,Lucknow,Uttar Pradesh,North,Furniture,Chairs,Reception Desk,2,0.15,332.17,3.95,0.011891501,2025-11,2025
ORD-12166,19-11-2023,22-11-2023,Second Class,CUST-1032,Home Office,India,Delhi,Delhi,North,Furniture,Storage,Office Chair,1,0.2,384.39,2.56,0.006659903,2023-11,2023
ORD-11823,17-08-2023,20-08-2023,Standard,CUST-1368,Consumer,India,Chennai,Tamil Nadu,South,Office Supplies,Writing,Ball Pen Set,4,0.1,268.49,15.8,0.058847629,2023-08,2023
ORD-10921,08-09-2024,10-09-2024,Standard,CUST-1399,Consumer,India,Pune,Maharashtra,West,Technology,Phones,Business Laptop,1,0.1,501.41,73.67,0.14692567,2024-09,2024
ORD-12093,28-08-2025,02-09-2025,Standard,CUST-1118,Corporate,India,Lucknow,Uttar Pradesh,North,Technology,Computers,Business Laptop,3,0,1342.47,330.87,0.246463608,2025-08,2025
ORD-12195,25-03-2023,28-03-2023,First Class,CUST-1206,Corporate,India,Bhopal,Madhya Pradesh,Central,Office Supplies,Paper,File Binder,3,0.05,44.38,6.32,0.142406489,2023-03,2023
ORD-10236,27-10-2023,29-10-2023,Same Day,CUST-1569,Consumer,India,Delhi,Delhi,North,Furniture,Chairs,Executive Chair,1,0,1206.24,180.21,0.14939813,2023-10,2023
ORD-10522,23-08-2025,25-08-2025,Same Day,CUST-1429,Consumer,India,Chennai,Tamil Nadu,South,Office Supplies,Paper,Sticky Notes,1,0.3,62.11,-4.73,-0.076155209,2025-08,2025
ORD-10664,17-08-2025,20-08-2025,Standard,CUST-1484,Consumer,India,Hyderabad,Telangana,South,Office Supplies,Binders,File Binder,1,0.05,37.01,5.73,0.154823021,2025-08,2025
ORD-10444,19-09-2024,20-09-2024,Standard,CUST-1022,Corporate,India,Bhopal,Madhya Pradesh,Central,Furniture,Office Furniture,Filing Cabinet,4,0.1,349.63,51.19,0.146411921,2024-09,2024
ORD-11813,15-02-2025,18-02-2025,Standard,CUST-1004,Consumer,India,Nagpur,Maharashtra,Central,Technology,Phones,Monitor,2,0,372.4,69.27,0.186009667,2025-02,2025
ORD-10814,08-12-2024,11-12-2024,Second Class,CUST-1239,Consumer,India,Bhopal,Madhya Pradesh,Central,Technology,Accessories,Wireless Headset,3,0.1,413.95,92.86,0.224326609,2024-12,2024
ORD-11316,24-12-2023,26-12-2023,Standard,CUST-1030,Home Office,India,Kolkata,West Bengal,East,Technology,Accessories,Smartphone,4,0.05,512.83,75.6,0.147417273,2023-12,2023
ORD-10690,27-03-2023,30-03-2023,Second Class,CUST-1464,Corporate,India,Delhi,Delhi,North,Technology,Phones,Wireless Headset,2,0,725.82,164.9,0.227191315,2023-03,2023
ORD-10194,07-10-2025,09-10-2025,Standard,CUST-1123,Consumer,India,Lucknow,Uttar Pradesh,North,Technology,Computers,Mechanical Keyboard,2,0.2,297.36,27.21,0.091505246,2025-10,2025
ORD-10930,21-04-2025,26-04-2025,Standard,CUST-1441,Consumer,India,Nagpur,Maharashtra,Central,Office Supplies,Stationery,Printer Paper,3,0,258.06,41.55,0.161009068,2025-04,2025
ORD-11654,15-10-2024,17-10-2024,First Class,CUST-1257,Consumer,India,Pune,Maharashtra,West,Technology,Printers,Tablet,1,0.05,235.01,43,0.182970937,2024-10,2024
ORD-10830,17-12-2023,19-12-2023,Standard,CUST-1110,Corporate,India,Hyderabad,Telangana,South,Office Supplies,Stationery,Envelope Pack,4,0.15,471.4,52.78,0.111964361,2023-12,2023
ORD-12078,27-10-2024,30-10-2024,Standard,CUST-1187,Consumer,India,Jaipur,Rajasthan,North,Office Supplies,Writing,Sticky Notes,3,0.15,111.44,1.37,0.012293611,2024-10,2024
ORD-10873,16-09-2023,20-09-2023,First Class,CUST-1558,Consumer,India,Kolkata,West Bengal,East,Technology,Accessories,USB-C Hub,4,0,1903.64,266.77,0.140136791,2023-09,2023
ORD-10587,22-01-2025,24-01-2025,Standard,CUST-1448,Home Office,India,Bhopal,Madhya Pradesh,Central,Office Supplies,Paper,Envelope Pack,2,0.2,74.42,4.23,0.056839559,2025-01,2025
ORD-11440,17-09-2023,21-09-2023,Standard,CUST-1310,Corporate,India,Chennai,Tamil Nadu,South,Technology,Computers,Mechanical Keyboard,2,0,393,61.3,0.155979644,2023-09,2023
ORD-10472,28-07-2024,31-07-2024,First Class,CUST-1208,Consumer,India,Delhi,Delhi,North,Technology,Phones,USB-C Hub,2,0.05,615.54,82.15,0.133460051,2024-07,2024
ORD-12398,08-05-2025,10-05-2025,Second Class,CUST-1423,Corporate,India,Bhopal,Madhya Pradesh,Central,Technology,Printers,Laser Printer,5,0,1729.87,357.76,0.206813229,2025-05,2025
ORD-11920,07-07-2023,08-07-2023,Second Class,CUST-1107,Corporate,India,Nagpur,Maharashtra,Central,Furniture,Tables,Standing Desk,5,0,429.72,43.72,0.101740668,2023-07,2023
ORD-10058,02-08-2023,05-08-2023,First Class,CUST-1465,Consumer,India,Nagpur,Maharashtra,Central,Office Supplies,Paper,Sticky Notes,3,0,99.4,14.19,0.142756539,2023-08,2023
ORD-10335,22-04-2024,24-04-2024,Standard,CUST-1080,Consumer,India,Bhopal,Madhya Pradesh,Central,Technology,Accessories,Monitor,3,0.05,275.44,39.72,0.144205635,2024-04,2024
ORD-10997,13-08-2023,14-08-2023,Second Class,CUST-1231,Corporate,India,Jaipur,Rajasthan,North,Office Supplies,Stationery,Sticky Notes,2,0.3,333.82,-17.27,-0.051734468,2023-08,2023
ORD-10984,11-05-2024,13-05-2024,First Class,CUST-1533,Corporate,India,Pune,Maharashtra,West,Furniture,Tables,Reception Desk,3,0.15,848.86,25.07,0.029533728,2024-05,2024
ORD-12391,08-01-2024,10-01-2024,Same Day,CUST-1391,Consumer,India,Bhopal,Madhya Pradesh,Central,Technology,Printers,Laser Printer,3,0.05,1454.2,178.3,0.12261037,2024-01,2024
ORD-12367,25-11-2025,29-11-2025,Standard,CUST-1351,Consumer,India,Bhopal,Madhya Pradesh,Central,Office Supplies,Stationery,Printer Paper,2,0.15,161.05,9.09,0.056442099,2025-11,2025
ORD-11532,23-12-2023,25-12-2023,Same Day,CUST-1491,Consumer,India,Kolkata,West Bengal,East,Technology,Computers,Monitor,2,0.15,220.2,17.94,0.08147139,2023-12,2023
ORD-10387,27-01-2024,31-01-2024,Standard,CUST-1032,Consumer,India,Jaipur,Rajasthan,North,Office Supplies,Binders,Sticky Notes,2,0,283.05,50.21,0.177389154,2024-01,2024
ORD-10363,08-03-2025,10-03-2025,Same Day,CUST-1514,Consumer,India,Chennai,Tamil Nadu,South,Office Supplies,Writing,Ball Pen Set,1,0,63.96,8.41,0.13148843,2025-03,2025
ORD-12147,15-02-2025,16-02-2025,Standard,CUST-1398,Consumer,India,Mumbai,Maharashtra,West,Furniture,Chairs,Executive Chair,5,0.05,219.16,25.8,0.117722212,2025-02,2025
ORD-10007,26-03-2025,28-03-2025,Standard,CUST-1010,Consumer,India,Chennai,Tamil Nadu,South,Technology,Phones,Wireless Headset,5,0.15,814.04,85.45,0.104970272,2025-03,2025
ORD-12355,05-04-2024,07-04-2024,Standard,CUST-1420,Corporate,India,Hyderabad,Telangana,South,Technology,Printers,Smartphone,1,0.05,297.08,45.7,0.153830618,2024-04,2024
ORD-11573,17-05-2023,20-05-2023,Second Class,CUST-1076,Consumer,India,Delhi,Delhi,North,Technology,Accessories,Smartphone,1,0.3,244.15,-2.44,-0.009993856,2023-05,2023
ORD-11777,07-12-2024,09-12-2024,First Class,CUST-1292,Home Office,India,Bengaluru,Karnataka,South,Technology,Phones,Wireless Headset,3,0.3,637.61,-17.89,-0.028057904,2024-12,2024
ORD-12098,15-12-2024,19-12-2024,Second Class,CUST-1437,Consumer,India,Chennai,Tamil Nadu,South,Furniture,Tables,Filing Cabinet,2,0.1,621.32,53.6,0.086267946,2024-12,2024
ORD-10120,16-11-2024,19-11-2024,Standard,CUST-1465,Home Office,India,Ahmedabad,Gujarat,West,Technology,Computers,Mechanical Keyboard,2,0.3,627.64,-28.13,-0.044818686,2024-11,2024
ORD-12414,16-04-2025,19-04-2025,Standard,CUST-1022,Consumer,India,Bengaluru,Karnataka,South,Furniture,Storage,Conference Table,4,0,894.67,61.3,0.068516883,2025-04,2025
ORD-11078,12-10-2024,15-10-2024,Same Day,CUST-1071,Consumer,India,Bengaluru,Karnataka,South,Furniture,Chairs,Reception Desk,2,0.05,706.46,64.5,0.091300286,2024-10,2024
ORD-10704,04-04-2024,06-04-2024,Standard,CUST-1026,Corporate,India,Delhi,Delhi,North,Technology,Phones,Smartphone,3,0,797.77,148.87,0.186607669,2024-04,2024
ORD-11142,11-05-2024,14-05-2024,First Class,CUST-1066,Consumer,India,Delhi,Delhi,North,Technology,Printers,Wireless Headset,4,0.3,522.32,-39.78,-0.076160208,2024-05,2024
ORD-10881,19-08-2023,20-08-2023,First Class,CUST-1337,Consumer,India,Pune,Maharashtra,West,Office Supplies,Binders,Envelope Pack,4,0.15,237.73,12,0.050477432,2023-08,2023
ORD-10958,22-06-2024,25-06-2024,First Class,CUST-1226,Home Office,India,Hyderabad,Telangana,South,Furniture,Tables,Conference Table,1,0,877.95,96.15,0.109516487,2024-06,2024
ORD-11730,14-08-2024,17-08-2024,Standard,CUST-1287,Consumer,India,Pune,Maharashtra,West,Furniture,Tables,Filing Cabinet,2,0.1,158.45,9.13,0.057620701,2024-08,2024
ORD-10815,11-10-2025,13-10-2025,Standard,CUST-1579,Corporate,India,Jaipur,Rajasthan,North,Technology,Computers,Business Laptop,1,0,196.8,30.52,0.155081301,2025-10,2025
ORD-11975,22-12-2025,27-12-2025,Second Class,CUST-1442,Home Office,India,Jaipur,Rajasthan,North,Office Supplies,Writing,Ball Pen Set,2,0,30.89,4.32,0.139851084,2025-12,2025
ORD-10644,06-07-2025,09-07-2025,Second Class,CUST-1041,Corporate,India,Nagpur,Maharashtra,Central,Office Supplies,Stationery,Printer Paper,5,0.2,638.05,20.3,0.031815688,2025-07,2025
ORD-10038,04-02-2023,09-02-2023,Standard,CUST-1022,Consumer,India,Jaipur,Rajasthan,North,Technology,Computers,Wireless Headset,3,0.3,735.02,26.33,0.035822154,2023-02,2023
ORD-10799,22-06-2023,24-06-2023,Standard,CUST-1594,Consumer,India,Mumbai,Maharashtra,West,Furniture,Tables,Bookshelf,2,0,319.21,59.68,0.186961561,2023-06,2023
ORD-11087,13-11-2023,14-11-2023,Standard,CUST-1124,Consumer,India,Bhopal,Madhya Pradesh,Central,Furniture,Office Furniture,Bookshelf,2,0.05,587.71,17.58,0.029912712,2023-11,2023
ORD-10638,25-07-2023,28-07-2023,Standard,CUST-1148,Home Office,India,Chennai,Tamil Nadu,South,Technology,Computers,Tablet,3,0.1,1307.16,96.89,0.074122525,2023-07,2023
ORD-10765,01-03-2025,04-03-2025,Standard,CUST-1441,Home Office,India,Lucknow,Uttar Pradesh,North,Technology,Printers,Monitor,3,0.05,1194.6,183.01,0.153197723,2025-03,2025
ORD-11983,24-08-2024,28-08-2024,Same Day,CUST-1320,Corporate,India,Delhi,Delhi,North,Technology,Computers,Business Laptop,5,0.1,3776.33,538.55,0.142612007,2024-08,2024
ORD-12183,07-11-2023,10-11-2023,Standard,CUST-1199,Consumer,India,Lucknow,Uttar Pradesh,North,Technology,Computers,Laser Printer,1,0.15,396.39,57.33,0.144630288,2023-11,2023
ORD-10559,05-08-2025,08-08-2025,First Class,CUST-1212,Consumer,India,Kolkata,West Bengal,East,Furniture,Tables,Filing Cabinet,2,0.3,271.92,1.16,0.004265961,2025-08,2025
ORD-10727,11-07-2024,13-07-2024,Standard,CUST-1585,Consumer,India,Delhi,Delhi,North,Office Supplies,Stationery,File Binder,2,0.2,173.1,-2.13,-0.012305026,2024-07,2024
ORD-12499,09-08-2023,13-08-2023,Second Class,CUST-1230,Consumer,India,Delhi,Delhi,North,Office Supplies,Writing,Ball Pen Set,1,0,84.01,13.25,0.157719319,2023-08,2023
ORD-10122,14-09-2023,15-09-2023,Second Class,CUST-1029,Corporate,India,Delhi,Delhi,North,Furniture,Office Furniture,Filing Cabinet,2,0.1,536.44,27.39,0.051058832,2023-09,2023
ORD-10871,14-08-2025,16-08-2025,Standard,CUST-1156,Consumer,India,Nagpur,Maharashtra,Central,Furniture,Storage,Office Chair,3,0,640.55,105.63,0.16490516,2025-08,2025
ORD-11455,15-02-2025,18-02-2025,Standard,CUST-1590,Corporate,India,Lucknow,Uttar Pradesh,North,Furniture,Storage,Reception Desk,2,0.3,523.28,-24.52,-0.046858279,2025-02,2025
ORD-10122,17-06-2025,19-06-2025,First Class,CUST-1258,Consumer,India,Delhi,Delhi,North,Technology,Computers,USB-C Hub,3,0.1,505.74,83.75,0.165598924,2025-06,2025
ORD-10602,21-04-2023,25-04-2023,Standard,CUST-1512,Corporate,India,Nagpur,Maharashtra,Central,Office Supplies,Stationery,Notebook,2,0,108.51,16.51,0.152151875,2023-04,2023
ORD-11930,03-03-2024,05-03-2024,Standard,CUST-1445,Consumer,India,Ahmedabad,Gujarat,West,Technology,Accessories,Monitor,2,0.1,363.29,50.44,0.138842247,2024-03,2024
ORD-10827,19-07-2023,20-07-2023,Standard,CUST-1403,Corporate,India,Mumbai,Maharashtra,West,Technology,Phones,Smartphone,1,0.2,214.02,10.55,0.049294458,2023-07,2023
ORD-11144,17-05-2023,19-05-2023,Second Class,CUST-1585,Home Office,India,Kolkata,West Bengal,East,Office Supplies,Paper,Printer Paper,2,0.3,182,-0.68,-0.003736264,2023-05,2023
ORD-10777,01-06-2024,05-06-2024,Second Class,CUST-1508,Consumer,India,Chennai,Tamil Nadu,South,Furniture,Office Furniture,Reception Desk,2,0.2,236.18,11.72,0.049623169,2024-06,2024
ORD-11613,11-03-2023,12-03-2023,First Class,CUST-1313,Consumer,India,Bhopal,Madhya Pradesh,Central,Furniture,Tables,Office Chair,2,0.1,385.82,52.33,0.135633197,2023-03,2023
ORD-10483,12-09-2025,15-09-2025,Standard,CUST-1394,Corporate,India,Nagpur,Maharashtra,Central,Technology,Computers,Business Laptop,1,0,130.01,31.81,0.244673487,2025-09,2025
ORD-11794,27-10-2024,28-10-2024,Second Class,CUST-1411,Home Office,India,Bengaluru,Karnataka,South,Technology,Printers,Smartphone,2,0,220.42,52.08,0.2362762,2024-10,2024
ORD-10151,26-04-2024,29-04-2024,Second Class,CUST-1058,Consumer,India,Ahmedabad,Gujarat,West,Technology,Printers,Laser Printer,5,0.05,2108.23,300.87,0.142712133,2024-04,2024
ORD-10262,22-07-2025,23-07-2025,Standard,CUST-1257,Home Office,India,Lucknow,Uttar Pradesh,North,Office Supplies,Binders,Envelope Pack,3,0,824.49,112.04,0.135890065,2025-07,2025
ORD-11387,01-05-2023,04-05-2023,First Class,CUST-1163,Consumer,India,Hyderabad,Telangana,South,Furniture,Chairs,Office Chair,2,0,527.86,72.18,0.136740802,2023-05,2023
ORD-10395,10-09-2025,13-09-2025,Same Day,CUST-1462,Corporate,India,Nagpur,Maharashtra,Central,Furniture,Office Furniture,Conference Table,5,0,674.39,146.55,0.217307493,2025-09,2025
ORD-10373,13-11-2024,16-11-2024,Standard,CUST-1018,Consumer,India,Ahmedabad,Gujarat,West,Office Supplies,Binders,Envelope Pack,4,0,310.58,44.74,0.144053062,2024-11,2024
ORD-12187,04-04-2023,08-04-2023,Standard,CUST-1274,Consumer,India,Bengaluru,Karnataka,South,Technology,Computers,Mechanical Keyboard,3,0.2,708.19,34.49,0.04870162,2023-04,2023
ORD-11011,12-11-2025,15-11-2025,Second Class,CUST-1347,Consumer,India,Jaipur,Rajasthan,North,Office Supplies,Binders,File Binder,4,0.05,267.68,45.36,0.169456067,2025-11,2025
ORD-10621,21-08-2023,23-08-2023,Standard,CUST-1414,Consumer,India,Bengaluru,Karnataka,South,Technology,Phones,Business Laptop,4,0.1,967.03,162.74,0.168288471,2023-08,2023
ORD-10783,18-10-2025,20-10-2025,First Class,CUST-1593,Consumer,India,Hyderabad,Telangana,South,Furniture,Office Furniture,Office Chair,3,0.3,587.76,-14.35,-0.024414727,2025-10,2025
ORD-11525,08-12-2025,10-12-2025,Second Class,CUST-1272,Corporate,India,Ahmedabad,Gujarat,West,Office Supplies,Stationery,Ball Pen Set,4,0.05,142.84,14.37,0.100602072,2025-12,2025
ORD-10172,04-02-2023,06-02-2023,First Class,CUST-1141,Corporate,India,Bengaluru,Karnataka,South,Technology,Computers,Mechanical Keyboard,1,0.1,187.64,20.36,0.108505649,2023-02,2023
ORD-11482,22-03-2024,23-03-2024,Standard,CUST-1039,Consumer,India,Chennai,Tamil Nadu,South,Furniture,Office Furniture,Executive Chair,3,0.15,511.87,20.38,0.039814797,2024-03,2024
ORD-11151,20-09-2023,23-09-2023,Standard,CUST-1025,Home Office,India,Bhopal,Madhya Pradesh,Central,Furniture,Tables,Bookshelf,4,0.15,1045.49,3.54,0.003385972,2023-09,2023
ORD-11318,09-01-2024,13-01-2024,Second Class,CUST-1454,Consumer,India,Lucknow,Uttar Pradesh,North,Technology,Printers,Tablet,2,0.15,357.57,2.83,0.007914534,2024-01,2024
ORD-11039,02-05-2023,05-05-2023,Standard,CUST-1148,Home Office,India,Ahmedabad,Gujarat,West,Technology,Printers,Wireless Headset,5,0.1,1089.94,200.21,0.18368901,2023-05,2023
ORD-10685,14-04-2025,15-04-2025,Standard,CUST-1514,Corporate,India,Ahmedabad,Gujarat,West,Office Supplies,Paper,File Binder,3,0,461.47,86.96,0.188441285,2025-04,2025
ORD-11172,21-01-2025,25-01-2025,Second Class,CUST-1030,Corporate,India,Hyderabad,Telangana,South,Office Supplies,Stationery,Envelope Pack,3,0,192.12,42.11,0.219185925,2025-01,2025
ORD-12469,11-06-2024,13-06-2024,Standard,CUST-1290,Corporate,India,Kolkata,West Bengal,East,Technology,Computers,USB-C Hub,1,0.1,78.62,9.88,0.125667769,2024-06,2024
ORD-11400,30-06-2023,02-07-2023,Standard,CUST-1593,Consumer,India,Jaipur,Rajasthan,North,Furniture,Tables,Bookshelf,3,0.1,439.83,27.22,0.061887547,2023-06,2023
ORD-10769,06-10-2025,07-10-2025,Second Class,CUST-1406,Home Office,India,Jaipur,Rajasthan,North,Furniture,Storage,Conference Table,2,0.15,272.01,5.43,0.019962501,2025-10,2025
ORD-10402,04-04-2023,06-04-2023,Same Day,CUST-1160,Consumer,India,Kolkata,West Bengal,East,Furniture,Chairs,Bookshelf,3,0.3,1277.47,-129.24,-0.101168716,2023-04,2023
ORD-10820,21-11-2025,22-11-2025,Standard,CUST-1052,Consumer,India,Delhi,Delhi,North,Office Supplies,Stationery,Printer Paper,2,0,233.84,42.98,0.183800889,2025-11,2025
ORD-10181,10-11-2025,15-11-2025,Standard,CUST-1292,Consumer,India,Bengaluru,Karnataka,South,Technology,Printers,Smartphone,1,0.1,520.59,86.89,0.166906779,2025-11,2025
ORD-10605,29-08-2024,01-09-2024,Standard,CUST-1596,Consumer,India,Lucknow,Uttar Pradesh,North,Technology,Phones,Tablet,4,0.05,523.83,80.14,0.152988565,2024-08,2024
ORD-10845,07-07-2024,09-07-2024,Standard,CUST-1521,Home Office,India,Delhi,Delhi,North,Furniture,Office Furniture,Filing Cabinet,1,0,363.35,52.16,0.143553048,2024-07,2024
ORD-10567,04-07-2024,06-07-2024,Standard,CUST-1538,Corporate,India,Hyderabad,Telangana,South,Technology,Computers,Business Laptop,3,0.1,655.46,47.81,0.072941141,2024-07,2024
ORD-11794,01-05-2023,05-05-2023,Second Class,CUST-1260,Consumer,India,Mumbai,Maharashtra,West,Furniture,Chairs,Standing Desk,2,0.1,365.4,17.23,0.047153804,2023-05,2023
ORD-10712,04-04-2023,08-04-2023,Second Class,CUST-1510,Consumer,India,Bhopal,Madhya Pradesh,Central,Office Supplies,Writing,Notebook,4,0.05,549.95,78.93,0.143522138,2023-04,2023
ORD-10067,30-03-2025,02-04-2025,Standard,CUST-1315,Home Office,India,Ahmedabad,Gujarat,West,Technology,Printers,USB-C Hub,1,0.3,349.03,-1.18,-0.003380798,2025-03,2025
ORD-10741,02-10-2025,04-10-2025,Standard,CUST-1210,Consumer,India,Chennai,Tamil Nadu,South,Technology,Accessories,Smartphone,3,0.1,804.47,81.56,0.10138352,2025-10,2025
ORD-10381,14-08-2024,16-08-2024,Same Day,CUST-1130,Consumer,India,Jaipur,Rajasthan,North,Furniture,Storage,Executive Chair,3,0.05,464.2,42.94,0.092503231,2024-08,2024
ORD-10472,06-03-2024,07-03-2024,Standard,CUST-1345,Consumer,India,Pune,Maharashtra,West,Technology,Phones,Tablet,1,0.2,202.38,17.64,0.087162763,2024-03,2024
ORD-11425,06-11-2024,07-11-2024,Same Day,CUST-1124,Consumer,India,Nagpur,Maharashtra,Central,Furniture,Chairs,Bookshelf,3,0.05,421.14,19,0.045115639,2024-11,2024
ORD-10222,24-04-2024,27-04-2024,First Class,CUST-1102,Home Office,India,Jaipur,Rajasthan,North,Technology,Printers,Laser Printer,5,0,1231.46,173.85,0.141173891,2024-04,2024
ORD-10825,06-02-2024,10-02-2024,First Class,CUST-1383,Consumer,India,Pune,Maharashtra,West,Furniture,Office Furniture,Conference Table,2,0,206.13,31.31,0.151894436,2024-02,2024
ORD-12392,12-11-2023,16-11-2023,Standard,CUST-1280,Consumer,India,Hyderabad,Telangana,South,Office Supplies,Stationery,Desk Organizer,3,0,274.03,40.81,0.1489253,2023-11,2023
ORD-11929,31-08-2025,03-09-2025,First Class,CUST-1474,Consumer,India,Pune,Maharashtra,West,Furniture,Tables,Standing Desk,3,0,667.77,119.45,0.178878955,2025-08,2025
ORD-10217,13-02-2025,15-02-2025,Standard,CUST-1121,Home Office,India,Delhi,Delhi,North,Office Supplies,Stationery,Envelope Pack,2,0.15,31.83,2.11,0.066289664,2025-02,2025
ORD-11065,12-12-2025,15-12-2025,First Class,CUST-1104,Consumer,India,Hyderabad,Telangana,South,Furniture,Chairs,Bookshelf,2,0.05,186.79,22.93,0.122758178,2025-12,2025
ORD-10196,05-05-2024,08-05-2024,Standard,CUST-1261,Consumer,India,Ahmedabad,Gujarat,West,Technology,Computers,Monitor,2,0.1,696.61,109.87,0.157720963,2024-05,2024
ORD-11561,14-11-2024,16-11-2024,Standard,CUST-1225,Home Office,India,Jaipur,Rajasthan,North,Furniture,Storage,Office Chair,1,0.3,412.72,-39.93,-0.096748401,2024-11,2024
ORD-10752,01-07-2025,04-07-2025,Standard,CUST-1292,Consumer,India,Delhi,Delhi,North,Office Supplies,Binders,Envelope Pack,2,0.3,120.56,-3.52,-0.02919708,2025-07,2025
ORD-12089,13-10-2025,16-10-2025,First Class,CUST-1409,Home Office,India,Kolkata,West Bengal,East,Office Supplies,Writing,Ball Pen Set,1,0.1,109.85,7.27,0.066181156,2025-10,2025
ORD-10497,03-05-2023,05-05-2023,Standard,CUST-1134,Consumer,India,Pune,Maharashtra,West,Office Supplies,Stationery,Sticky Notes,3,0.2,321.64,14.7,0.045703271,2023-05,2023
ORD-11548,17-10-2025,19-10-2025,Second Class,CUST-1313,Home Office,India,Bengaluru,Karnataka,South,Furniture,Tables,Reception Desk,3,0.15,191.62,-0.61,-0.003183384,2025-10,2025
ORD-11819,08-02-2023,09-02-2023,Standard,CUST-1169,Corporate,India,Ahmedabad,Gujarat,West,Office Supplies,Binders,Notebook,2,0,246.98,37.72,0.152724917,2023-02,2023
ORD-11275,05-09-2023,08-09-2023,Standard,CUST-1322,Consumer,India,Chennai,Tamil Nadu,South,Technology,Computers,Business Laptop,2,0,595.17,123.56,0.20760455,2023-09,2023
ORD-11248,12-04-2024,17-04-2024,Same Day,CUST-1201,Corporate,India,Mumbai,Maharashtra,West,Technology,Accessories,USB-C Hub,5,0.1,2500.33,409.21,0.163662397,2024-04,2024
ORD-11496,17-02-2025,19-02-2025,First Class,CUST-1054,Corporate,India,Kolkata,West Bengal,East,Furniture,Storage,Reception Desk,2,0,330.4,26.34,0.07972155,2025-02,2025
ORD-10638,10-11-2023,14-11-2023,Same Day,CUST-1175,Home Office,India,Mumbai,Maharashtra,West,Furniture,Office Furniture,Office Chair,2,0.1,359.63,10.98,0.030531379,2023-11,2023
ORD-11406,24-10-2023,26-10-2023,Standard,CUST-1037,Home Office,India,Kolkata,West Bengal,East,Technology,Accessories,Tablet,3,0.2,765.1,17.9,0.023395635,2023-10,2023
ORD-11809,23-07-2024,25-07-2024,Same Day,CUST-1060,Consumer,India,Jaipur,Rajasthan,North,Technology,Printers,Laser Printer,3,0,476.93,100.85,0.211456608,2024-07,2024
ORD-12025,07-07-2023,09-07-2023,Standard,CUST-1535,Corporate,India,Chennai,Tamil Nadu,South,Office Supplies,Writing,File Binder,2,0.3,327.36,-7.01,-0.021413734,2023-07,2023
ORD-12145,14-06-2025,18-06-2025,Standard,CUST-1480,Corporate,India,Bengaluru,Karnataka,South,Technology,Printers,Monitor,3,0.15,732.86,54.08,0.073793085,2025-06,2025
ORD-11113,25-11-2023,27-11-2023,Second Class,CUST-1134,Corporate,India,Kolkata,West Bengal,East,Technology,Printers,Mechanical Keyboard,2,0,238.18,40.65,0.170669242,2023-11,2023
ORD-10245,25-07-2023,29-07-2023,Second Class,CUST-1391,Consumer,India,Pune,Maharashtra,West,Office Supplies,Binders,Ball Pen Set,4,0.1,784.31,77.41,0.098698219,2023-07,2023
ORD-10139,05-10-2023,08-10-2023,Same Day,CUST-1527,Home Office,India,Chennai,Tamil Nadu,South,Technology,Phones,Wireless Headset,2,0.1,760.64,75.6,0.099389987,2023-10,2023
ORD-10307,07-12-2024,10-12-2024,Standard,CUST-1259,Corporate,India,Bengaluru,Karnataka,South,Office Supplies,Paper,Printer Paper,1,0.3,56.14,-3.37,-0.0600285,2024-12,2024
ORD-10817,07-02-2024,10-02-2024,Second Class,CUST-1230,Consumer,India,Mumbai,Maharashtra,West,Technology,Computers,Tablet,1,0.15,314.96,23.6,0.07493015,2024-02,2024
ORD-11535,30-08-2025,02-09-2025,Standard,CUST-1598,Consumer,India,Chennai,Tamil Nadu,South,Furniture,Storage,Bookshelf,2,0.05,556.11,35.63,0.064070058,2025-08,2025
ORD-12153,24-01-2024,27-01-2024,Standard,CUST-1309,Corporate,India,Pune,Maharashtra,West,Office Supplies,Stationery,Ball Pen Set,3,0,348.73,72.85,0.208900869,2024-01,2024
ORD-11890,09-07-2024,12-07-2024,Standard,CUST-1200,Consumer,India,Nagpur,Maharashtra,Central,Technology,Printers,Laser Printer,3,0.15,614.88,76.77,0.12485363,2024-07,2024
ORD-10174,12-01-2023,15-01-2023,Standard,CUST-1160,Corporate,India,Bhopal,Madhya Pradesh,Central,Office Supplies,Stationery,File Binder,2,0.15,211.76,3.68,0.017378164,2023-01,2023
ORD-11909,28-06-2024,03-07-2024,First Class,CUST-1149,Consumer,India,Chennai,Tamil Nadu,South,Office Supplies,Paper,File Binder,4,0,121.3,25.08,0.206760099,2024-06,2024
ORD-10639,07-10-2024,09-10-2024,Standard,CUST-1395,Consumer,India,Delhi,Delhi,North,Furniture,Chairs,Standing Desk,3,0.1,348.76,34.04,0.097602936,2024-10,2024
ORD-10427,10-04-2023,14-04-2023,First Class,CUST-1268,Corporate,India,Delhi,Delhi,North,Furniture,Office Furniture,Bookshelf,1,0,401.92,55.15,0.137216361,2023-04,2023
ORD-11302,04-02-2023,06-02-2023,Second Class,CUST-1562,Consumer,India,Mumbai,Maharashtra,West,Furniture,Chairs,Conference Table,4,0.3,996.15,-90.41,-0.090759424,2023-02,2023
ORD-10812,12-08-2025,14-08-2025,Standard,CUST-1256,Consumer,India,Hyderabad,Telangana,South,Technology,Printers,Smartphone,2,0.15,2819.86,186.65,0.066191229,2025-08,2025
ORD-11610,22-12-2025,23-12-2025,Second Class,CUST-1501,Consumer,India,Ahmedabad,Gujarat,West,Furniture,Chairs,Conference Table,5,0.3,869.97,-28.76,-0.033058611,2025-12,2025
ORD-10045,05-11-2024,09-11-2024,Standard,CUST-1286,Consumer,India,Nagpur,Maharashtra,Central,Technology,Accessories,USB-C Hub,3,0.05,505.69,72.19,0.142755443,2024-11,2024
ORD-11734,03-11-2025,07-11-2025,Second Class,CUST-1270,Consumer,India,Delhi,Delhi,North,Furniture,Storage,Filing Cabinet,2,0.15,337.66,-6.81,-0.020168217,2025-11,2025
ORD-10207,04-08-2023,06-08-2023,First Class,CUST-1595,Corporate,India,Nagpur,Maharashtra,Central,Technology,Accessories,Wireless Headset,2,0.05,643.87,100.66,0.156335906,2023-08,2023
ORD-11308,23-06-2023,24-06-2023,Second Class,CUST-1357,Home Office,India,Ahmedabad,Gujarat,West,Office Supplies,Stationery,Ball Pen Set,1,0.1,28.47,2.34,0.082191781,2023-06,2023
ORD-11595,23-02-2024,26-02-2024,Standard,CUST-1021,Consumer,India,Ahmedabad,Gujarat,West,Office Supplies,Writing,Ball Pen Set,5,0.15,157.02,3.05,0.019424277,2024-02,2024
ORD-10641,25-05-2024,28-05-2024,Standard,CUST-1326,Corporate,India,Lucknow,Uttar Pradesh,North,Office Supplies,Writing,Desk Organizer,2,0.05,106.67,14.75,0.138276929,2024-05,2024
ORD-12007,12-09-2024,14-09-2024,Same Day,CUST-1469,Consumer,India,Mumbai,Maharashtra,West,Furniture,Office Furniture,Office Chair,3,0.15,513.29,8.16,0.015897446,2024-09,2024
ORD-12445,02-04-2024,03-04-2024,Same Day,CUST-1247,Home Office,India,Pune,Maharashtra,West,Furniture,Chairs,Office Chair,5,0,1683.55,206.57,0.122699059,2024-04,2024
ORD-10348,04-08-2024,08-08-2024,Second Class,CUST-1554,Home Office,India,Mumbai,Maharashtra,West,Technology,Computers,Wireless Headset,2,0.3,1828.45,9.42,0.005151905,2024-08,2024
ORD-10457,07-08-2023,08-08-2023,Same Day,CUST-1499,Corporate,India,Hyderabad,Telangana,South,Furniture,Tables,Conference Table,5,0.15,120.06,-4.19,-0.034899217,2023-08,2023
ORD-11908,25-04-2023,28-04-2023,Standard,CUST-1158,Corporate,India,Bengaluru,Karnataka,South,Furniture,Chairs,Reception Desk,1,0.2,87.32,3.3,0.037792029,2023-04,2023
ORD-10999,31-10-2024,02-11-2024,Second Class,CUST-1535,Consumer,India,Delhi,Delhi,North,Furniture,Tables,Bookshelf,2,0,683,100.32,0.146881406,2024-10,2024
ORD-10755,06-06-2024,08-06-2024,Standard,CUST-1207,Corporate,India,Jaipur,Rajasthan,North,Technology,Phones,Laser Printer,4,0.1,2237.95,406.41,0.181599231,2024-06,2024
ORD-11728,11-05-2024,14-05-2024,Second Class,CUST-1165,Consumer,India,Nagpur,Maharashtra,Central,Technology,Printers,USB-C Hub,1,0,270.2,54.92,0.203256847,2024-05,2024
ORD-12272,24-08-2024,27-08-2024,Standard,CUST-1511,Consumer,India,Lucknow,Uttar Pradesh,North,Technology,Computers,Monitor,2,0,1018.44,193.12,0.189623346,2024-08,2024
ORD-12129,20-05-2024,21-05-2024,Standard,CUST-1530,Corporate,India,Jaipur,Rajasthan,North,Furniture,Storage,Conference Table,1,0.15,589.46,35.35,0.059970142,2024-05,2024
ORD-12203,25-04-2024,28-04-2024,Standard,CUST-1517,Corporate,India,Kolkata,West Bengal,East,Furniture,Tables,Standing Desk,2,0.15,467.79,12.21,0.026101456,2024-04,2024
ORD-11883,13-02-2025,15-02-2025,Second Class,CUST-1257,Consumer,India,Pune,Maharashtra,West,Technology,Printers,Business Laptop,2,0,991.29,254.86,0.257099335,2025-02,2025
ORD-12390,06-04-2025,11-04-2025,Second Class,CUST-1596,Home Office,India,Hyderabad,Telangana,South,Technology,Accessories,Tablet,3,0.2,324.44,38.17,0.117648872,2025-04,2025
ORD-10439,17-05-2024,18-05-2024,Same Day,CUST-1517,Corporate,India,Bengaluru,Karnataka,South,Technology,Accessories,Mechanical Keyboard,1,0.15,246.16,25.84,0.104972376,2024-05,2024
ORD-12429,13-08-2023,14-08-2023,Same Day,CUST-1572,Consumer,India,Hyderabad,Telangana,South,Technology,Printers,Monitor,4,0.2,1232.85,162.51,0.131816523,2023-08,2023
ORD-11019,04-12-2025,07-12-2025,Same Day,CUST-1296,Consumer,India,Pune,Maharashtra,West,Technology,Accessories,Wireless Headset,5,0.3,1101.51,-15.23,-0.013826475,2025-12,2025
ORD-11685,03-08-2023,05-08-2023,Standard,CUST-1577,Consumer,India,Mumbai,Maharashtra,West,Technology,Computers,Smartphone,2,0.2,1592.29,96.19,0.06040985,2023-08,2023
ORD-11993,24-06-2024,26-06-2024,First Class,CUST-1331,Consumer,India,Bengaluru,Karnataka,South,Technology,Accessories,USB-C Hub,3,0.1,804.26,69.18,0.08601696,2024-06,2024
ORD-12330,21-02-2023,23-02-2023,Standard,CUST-1350,Consumer,India,Kolkata,West Bengal,East,Technology,Printers,Business Laptop,4,0,332.42,60.5,0.181998676,2023-02,2023
ORD-10133,21-08-2024,24-08-2024,Same Day,CUST-1480,Corporate,India,Bhopal,Madhya Pradesh,Central,Technology,Printers,Smartphone,3,0.05,273.19,48.06,0.17592152,2024-08,2024
ORD-10732,08-01-2023,09-01-2023,First Class,CUST-1321,Consumer,India,Lucknow,Uttar Pradesh,North,Technology,Computers,Monitor,2,0.1,488.8,43.79,0.089586743,2023-01,2023
ORD-12278,18-04-2025,20-04-2025,Standard,CUST-1557,Consumer,India,Ahmedabad,Gujarat,West,Office Supplies,Stationery,File Binder,3,0.05,218.66,33.08,0.1512851,2025-04,2025
ORD-11354,30-10-2023,01-11-2023,Standard,CUST-1406,Corporate,India,Pune,Maharashtra,West,Technology,Printers,Mechanical Keyboard,1,0.3,271.9,-7.05,-0.02592865,2023-10,2023
ORD-12251,01-06-2025,06-06-2025,Second Class,CUST-1562,Consumer,India,Pune,Maharashtra,West,Furniture,Tables,Conference Table,3,0,889.35,171.56,0.192904931,2025-06,2025
ORD-11943,14-08-2025,16-08-2025,Same Day,CUST-1061,Consumer,India,Ahmedabad,Gujarat,West,Office Supplies,Paper,Desk Organizer,4,0.2,187.52,6.72,0.035836177,2025-08,2025
ORD-11490,29-10-2023,31-10-2023,Standard,CUST-1272,Consumer,India,Lucknow,Uttar Pradesh,North,Office Supplies,Paper,Envelope Pack,5,0.05,185,26.82,0.144972973,2023-10,2023
ORD-12357,21-07-2025,24-07-2025,Second Class,CUST-1102,Consumer,India,Jaipur,Rajasthan,North,Furniture,Office Furniture,Conference Table,2,0,751.76,62.91,0.083683622,2025-07,2025
ORD-12158,27-04-2023,01-05-2023,Second Class,CUST-1481,Corporate,India,Mumbai,Maharashtra,West,Technology,Computers,Smartphone,1,0,412.87,83.91,0.203235885,2023-04,2023
ORD-11431,14-02-2024,16-02-2024,Standard,CUST-1049,Consumer,India,Bhopal,Madhya Pradesh,Central,Office Supplies,Writing,Ball Pen Set,3,0.1,450.93,42.19,0.093562194,2024-02,2024
ORD-12232,25-10-2023,27-10-2023,First Class,CUST-1029,Corporate,India,Jaipur,Rajasthan,North,Office Supplies,Writing,File Binder,1,0.15,60.72,6.94,0.114295125,2023-10,2023
ORD-10279,18-04-2024,22-04-2024,Standard,CUST-1297,Consumer,India,Lucknow,Uttar Pradesh,North,Technology,Printers,Mechanical Keyboard,4,0.1,1342.26,166.38,0.12395512,2024-04,2024
ORD-11639,11-12-2024,13-12-2024,First Class,CUST-1213,Consumer,India,Bengaluru,Karnataka,South,Office Supplies,Binders,Envelope Pack,4,0.15,2749.06,169.61,0.061697453,2024-12,2024
ORD-10098,27-12-2023,30-12-2023,Second Class,CUST-1457,Corporate,India,Nagpur,Maharashtra,Central,Technology,Phones,Tablet,2,0.3,1050.62,-37.92,-0.036092974,2023-12,2023
ORD-10282,01-01-2025,03-01-2025,Second Class,CUST-1023,Consumer,India,Delhi,Delhi,North,Furniture,Chairs,Office Chair,3,0.05,905.68,63.34,0.069936401,2025-01,2025
ORD-12083,05-02-2024,08-02-2024,First Class,CUST-1404,Home Office,India,Hyderabad,Telangana,South,Technology,Printers,Smartphone,2,0.2,1028.45,-1.86,-0.001808547,2024-02,2024
ORD-10185,24-12-2023,25-12-2023,Standard,CUST-1393,Corporate,India,Kolkata,West Bengal,East,Furniture,Office Furniture,Executive Chair,5,0.1,484.98,17.4,0.035877768,2023-12,2023
ORD-10052,27-09-2025,29-09-2025,First Class,CUST-1162,Home Office,India,Mumbai,Maharashtra,West,Furniture,Office Furniture,Bookshelf,2,0,303.04,33.97,0.112097413,2025-09,2025
ORD-10658,19-04-2024,24-04-2024,Standard,CUST-1301,Corporate,India,Lucknow,Uttar Pradesh,North,Office Supplies,Stationery,Desk Organizer,5,0,495.31,76.72,0.154892895,2024-04,2024
ORD-10150,08-11-2024,11-11-2024,Second Class,CUST-1136,Consumer,India,Chennai,Tamil Nadu,South,Furniture,Office Furniture,Bookshelf,2,0.1,233.29,12.11,0.05190964,2024-11,2024
ORD-10927,30-09-2025,02-10-2025,Standard,CUST-1330,Corporate,India,Bengaluru,Karnataka,South,Technology,Phones,Tablet,2,0.05,536.03,94.34,0.175997612,2025-09,2025
ORD-10047,09-01-2025,10-01-2025,Standard,CUST-1419,Consumer,India,Lucknow,Uttar Pradesh,North,Office Supplies,Writing,Envelope Pack,3,0.15,176.66,10.26,0.058077663,2025-01,2025
ORD-12434,19-08-2023,22-08-2023,Standard,CUST-1529,Consumer,India,Kolkata,West Bengal,East,Furniture,Storage,Bookshelf,5,0.15,773.33,19.47,0.025176833,2023-08,2023
ORD-10965,02-12-2023,04-12-2023,Standard,CUST-1498,Corporate,India,Delhi,Delhi,North,Technology,Printers,Smartphone,1,0.2,232.74,19.34,0.083097018,2023-12,2023
ORD-11083,13-07-2024,15-07-2024,Second Class,CUST-1344,Corporate,India,Bhopal,Madhya Pradesh,Central,Furniture,Office Furniture,Conference Table,4,0,1018.62,141.8,0.139207948,2024-07,2024
ORD-12393,18-11-2024,21-11-2024,Second Class,CUST-1270,Consumer,India,Bhopal,Madhya Pradesh,Central,Furniture,Tables,Filing Cabinet,5,0,2642.51,219.42,0.083034691,2024-11,2024
ORD-11486,02-11-2025,03-11-2025,Standard,CUST-1015,Corporate,India,Pune,Maharashtra,West,Office Supplies,Writing,File Binder,5,0.05,853.23,107.73,0.126261383,2025-11,2025
ORD-10860,28-06-2024,01-07-2024,Standard,CUST-1172,Corporate,India,Jaipur,Rajasthan,North,Technology,Phones,Laser Printer,2,0.15,387.06,40.92,0.105720043,2024-06,2024
ORD-10255,11-05-2024,16-05-2024,Standard,CUST-1366,Consumer,India,Chennai,Tamil Nadu,South,Technology,Printers,Wireless Headset,4,0.3,883.28,-17.39,-0.019687981,2024-05,2024
ORD-11207,15-03-2024,16-03-2024,Standard,CUST-1366,Consumer,India,Pune,Maharashtra,West,Technology,Phones,Laser Printer,4,0,2180.88,412.78,0.18927222,2024-03,2024
ORD-11884,21-02-2024,23-02-2024,Same Day,CUST-1207,Home Office,India,Jaipur,Rajasthan,North,Furniture,Tables,Filing Cabinet,3,0.05,1090.9,164.71,0.150985425,2024-02,2024
ORD-12267,14-11-2023,16-11-2023,Second Class,CUST-1393,Home Office,India,Jaipur,Rajasthan,North,Furniture,Storage,Executive Chair,4,0.1,427.98,28.69,0.067035843,2023-11,2023
ORD-10027,13-01-2025,14-01-2025,Standard,CUST-1095,Consumer,India,Jaipur,Rajasthan,North,Technology,Accessories,Monitor,2,0.15,275.98,43.33,0.157004131,2025-01,2025
ORD-10100,14-09-2025,15-09-2025,Standard,CUST-1352,Home Office,India,Jaipur,Rajasthan,North,Office Supplies,Binders,File Binder,2,0.15,213.21,19.45,0.091224614,2025-09,2025
ORD-10963,01-01-2023,06-01-2023,First Class,CUST-1371,Consumer,India,Jaipur,Rajasthan,North,Technology,Accessories,Mechanical Keyboard,1,0,63.14,14.03,0.222204625,2023-01,2023
ORD-12260,14-07-2024,17-07-2024,Same Day,CUST-1479,Consumer,India,Mumbai,Maharashtra,West,Office Supplies,Writing,Printer Paper,2,0.05,194.81,28.02,0.143832452,2024-07,2024
ORD-10783,18-07-2025,20-07-2025,Second Class,CUST-1534,Home Office,India,Kolkata,West Bengal,East,Technology,Printers,USB-C Hub,1,0,1703.45,375.65,0.220523056,2025-07,2025
ORD-12003,04-03-2024,05-03-2024,Second Class,CUST-1462,Consumer,India,Ahmedabad,Gujarat,West,Technology,Printers,Smartphone,2,0.1,242.16,42.28,0.174595309,2024-03,2024
ORD-12124,17-07-2023,20-07-2023,Standard,CUST-1438,Home Office,India,Mumbai,Maharashtra,West,Furniture,Tables,Filing Cabinet,3,0,519.35,48.53,0.093443728,2023-07,2023
ORD-10082,04-02-2024,08-02-2024,Second Class,CUST-1339,Consumer,India,Bhopal,Madhya Pradesh,Central,Technology,Computers,Mechanical Keyboard,5,0.15,2152.47,232.12,0.107838901,2024-02,2024
ORD-11994,23-10-2025,27-10-2025,Second Class,CUST-1318,Consumer,India,Kolkata,West Bengal,East,Technology,Phones,Business Laptop,3,0.1,673.17,93.45,0.138820803,2025-10,2025
ORD-10016,31-01-2023,04-02-2023,Standard,CUST-1350,Consumer,India,Chennai,Tamil Nadu,South,Technology,Phones,Tablet,2,0.05,696.44,117.54,0.168772615,2023-01,2023
ORD-12471,18-02-2024,20-02-2024,Standard,CUST-1082,Home Office,India,Hyderabad,Telangana,South,Office Supplies,Stationery,Envelope Pack,3,0.1,552.02,37.99,0.06881997,2024-02,2024
ORD-11817,02-07-2024,06-07-2024,Standard,CUST-1146,Consumer,India,Nagpur,Maharashtra,Central,Furniture,Storage,Office Chair,5,0.3,1972.26,-110.49,-0.056022025,2024-07,2024
ORD-12442,15-12-2024,16-12-2024,Same Day,CUST-1447,Consumer,India,Mumbai,Maharashtra,West,Furniture,Office Furniture,Standing Desk,4,0.15,1202.36,55.6,0.04624239,2024-12,2024
ORD-11889,13-01-2024,17-01-2024,Second Class,CUST-1370,Home Office,India,Chennai,Tamil Nadu,South,Office Supplies,Writing,Envelope Pack,3,0,205.21,36.59,0.178305151,2024-01,2024
ORD-11057,30-08-2024,01-09-2024,Second Class,CUST-1433,Consumer,India,Pune,Maharashtra,West,Furniture,Tables,Conference Table,4,0,219.16,24.1,0.109965322,2024-08,2024
ORD-10007,16-07-2024,18-07-2024,First Class,CUST-1410,Corporate,India,Chennai,Tamil Nadu,South,Office Supplies,Writing,Notebook,1,0.15,240.99,23.98,0.099506204,2024-07,2024
ORD-10945,06-01-2025,09-01-2025,Second Class,CUST-1519,Corporate,India,Bengaluru,Karnataka,South,Furniture,Chairs,Reception Desk,4,0.15,563.56,32.81,0.058219178,2025-01,2025
ORD-10948,27-12-2024,29-12-2024,Standard,CUST-1342,Consumer,India,Nagpur,Maharashtra,Central,Office Supplies,Paper,Envelope Pack,1,0.05,34.85,5.6,0.160688666,2024-12,2024
ORD-10423,14-04-2023,17-04-2023,Standard,CUST-1116,Home Office,India,Bhopal,Madhya Pradesh,Central,Technology,Accessories,Mechanical Keyboard,3,0.05,252.43,45.68,0.180961059,2023-04,2023
ORD-12376,04-06-2023,05-06-2023,Standard,CUST-1415,Consumer,India,Bhopal,Madhya Pradesh,Central,Technology,Printers,Business Laptop,2,0.3,328.99,8.06,0.024499225,2023-06,2023
ORD-10212,06-07-2025,09-07-2025,Second Class,CUST-1136,Corporate,India,Pune,Maharashtra,West,Technology,Computers,USB-C Hub,2,0.05,198.95,29.76,0.149585323,2025-07,2025
ORD-11553,10-09-2024,13-09-2024,Second Class,CUST-1307,Consumer,India,Lucknow,Uttar Pradesh,North,Furniture,Storage,Standing Desk,2,0.05,438.75,49.49,0.112797721,2024-09,2024
ORD-12340,11-09-2024,15-09-2024,Second Class,CUST-1585,Consumer,India,Nagpur,Maharashtra,Central,Technology,Phones,Smartphone,3,0.05,2187.74,337.63,0.154328211,2024-09,2024
ORD-11140,12-02-2023,16-02-2023,Standard,CUST-1504,Corporate,India,Chennai,Tamil Nadu,South,Office Supplies,Paper,Sticky Notes,5,0.05,847.51,97.54,0.115090087,2023-02,2023
ORD-11629,04-06-2025,06-06-2025,First Class,CUST-1212,Consumer,India,Delhi,Delhi,North,Technology,Computers,Laser Printer,3,0,787.43,192.84,0.244897959,2025-06,2025
ORD-11370,16-09-2025,17-09-2025,Second Class,CUST-1259,Consumer,India,Mumbai,Maharashtra,West,Furniture,Storage,Bookshelf,5,0.05,893.59,77.03,0.086202845,2025-09,2025
ORD-10665,16-07-2023,19-07-2023,Standard,CUST-1427,Corporate,India,Chennai,Tamil Nadu,South,Technology,Phones,USB-C Hub,4,0,1257.1,215.45,0.171386525,2023-07,2023
ORD-11595,07-05-2025,10-05-2025,Standard,CUST-1432,Consumer,India,Jaipur,Rajasthan,North,Technology,Accessories,Tablet,1,0,163.2,40.81,0.250061275,2025-05,2025
ORD-11966,27-04-2023,30-04-2023,Same Day,CUST-1177,Consumer,India,Chennai,Tamil Nadu,South,Furniture,Storage,Office Chair,4,0.15,2118.75,31.38,0.014810619,2023-04,2023
ORD-11945,28-10-2025,31-10-2025,Standard,CUST-1444,Home Office,India,Bhopal,Madhya Pradesh,Central,Furniture,Office Furniture,Reception Desk,2,0.15,311.27,2.11,0.006778681,2025-10,2025
ORD-12294,19-08-2023,22-08-2023,Standard,CUST-1386,Home Office,India,Delhi,Delhi,North,Furniture,Storage,Reception Desk,2,0.2,303.34,14.58,0.048064878,2023-08,2023
ORD-10812,05-08-2025,07-08-2025,Standard,CUST-1021,Consumer,India,Bhopal,Madhya Pradesh,Central,Technology,Printers,Mechanical Keyboard,2,0.3,441.54,24.19,0.054785523,2025-08,2025
ORD-10529,22-06-2025,24-06-2025,Standard,CUST-1212,Corporate,India,Ahmedabad,Gujarat,West,Office Supplies,Binders,Envelope Pack,3,0.15,343.42,27.4,0.079785685,2025-06,2025
ORD-11888,27-01-2023,28-01-2023,Second Class,CUST-1516,Consumer,India,Nagpur,Maharashtra,Central,Office Supplies,Paper,Sticky Notes,2,0,68.76,13.58,0.197498546,2023-01,2023
ORD-11547,04-07-2025,07-07-2025,Standard,CUST-1349,Home Office,India,Ahmedabad,Gujarat,West,Furniture,Office Furniture,Filing Cabinet,2,0.3,264.82,-21.4,-0.080809607,2025-07,2025
ORD-10976,07-04-2024,09-04-2024,Standard,CUST-1344,Consumer,India,Bhopal,Madhya Pradesh,Central,Furniture,Tables,Office Chair,4,0,574.33,52.7,0.091759093,2024-04,2024
ORD-10159,01-06-2025,03-06-2025,Same Day,CUST-1308,Consumer,India,Delhi,Delhi,North,Technology,Printers,Smartphone,4,0.2,605.88,-16.16,-0.026671948,2025-06,2025
ORD-10557,23-04-2025,25-04-2025,Standard,CUST-1044,Home Office,India,Delhi,Delhi,North,Technology,Computers,Monitor,3,0.2,814.54,-17.8,-0.021852825,2025-04,2025
ORD-11581,01-07-2025,03-07-2025,Second Class,CUST-1257,Consumer,India,Pune,Maharashtra,West,Technology,Printers,Laser Printer,2,0.15,295.23,34.52,0.116925787,2025-07,2025
ORD-10494,09-05-2023,10-05-2023,Second Class,CUST-1356,Consumer,India,Nagpur,Maharashtra,Central,Furniture,Storage,Office Chair,1,0.15,115.84,-1.15,-0.009927486,2023-05,2023
ORD-10206,04-02-2023,06-02-2023,Standard,CUST-1380,Home Office,India,Ahmedabad,Gujarat,West,Technology,Computers,Smartphone,3,0.05,680.18,124.04,0.182363492,2023-02,2023
ORD-11106,29-04-2025,02-05-2025,Standard,CUST-1599,Corporate,India,Mumbai,Maharashtra,West,Furniture,Tables,Standing Desk,3,0,1049.39,184.24,0.175568664,2025-04,2025
ORD-11225,20-04-2025,22-04-2025,First Class,CUST-1281,Home Office,India,Hyderabad,Telangana,South,Furniture,Storage,Executive Chair,5,0.05,1828.91,196.75,0.107577738,2025-04,2025
ORD-11702,15-10-2025,19-10-2025,Second Class,CUST-1029,Consumer,India,Bengaluru,Karnataka,South,Office Supplies,Stationery,Sticky Notes,1,0,88.69,16.24,0.183109708,2025-10,2025
ORD-10435,21-10-2024,25-10-2024,Second Class,CUST-1034,Consumer,India,Mumbai,Maharashtra,West,Technology,Computers,Monitor,1,0.2,189.24,11.38,0.060135278,2024-10,2024
ORD-11167,21-12-2025,24-12-2025,Second Class,CUST-1271,Consumer,India,Bengaluru,Karnataka,South,Furniture,Office Furniture,Filing Cabinet,4,0.15,210.94,-0.26,-0.001232578,2025-12,2025
ORD-10979,10-03-2024,12-03-2024,First Class,CUST-1523,Consumer,India,Mumbai,Maharashtra,West,Technology,Printers,Laser Printer,2,0.1,1287.32,224.61,0.174478762,2024-03,2024
ORD-11567,25-03-2023,28-03-2023,Second Class,CUST-1164,Consumer,India,Chennai,Tamil Nadu,South,Office Supplies,Binders,Desk Organizer,1,0,248.53,42.3,0.170200781,2023-03,2023
ORD-10977,31-07-2023,04-08-2023,Standard,CUST-1244,Consumer,India,Hyderabad,Telangana,South,Technology,Printers,Tablet,2,0,369.35,79.8,0.216055232,2023-07,2023
ORD-10944,28-05-2025,31-05-2025,Second Class,CUST-1005,Home Office,India,Jaipur,Rajasthan,North,Furniture,Storage,Executive Chair,1,0.1,217.57,-2.89,-0.013283081,2025-05,2025
ORD-10248,25-03-2023,29-03-2023,First Class,CUST-1345,Corporate,India,Kolkata,West Bengal,East,Technology,Phones,USB-C Hub,2,0.1,926.83,163.78,0.17670986,2023-03,2023
ORD-10304,22-01-2024,25-01-2024,First Class,CUST-1554,Corporate,India,Jaipur,Rajasthan,North,Technology,Printers,Laser Printer,2,0.1,1541.34,265.85,0.17247979,2024-01,2024
ORD-11059,03-03-2025,05-03-2025,Same Day,CUST-1396,Consumer,India,Ahmedabad,Gujarat,West,Technology,Computers,Mechanical Keyboard,4,0.2,876.18,64.53,0.07364925,2025-03,2025
ORD-10086,09-05-2024,12-05-2024,Second Class,CUST-1534,Corporate,India,Hyderabad,Telangana,South,Technology,Printers,Laser Printer,5,0.2,823.47,-8.49,-0.01031003,2024-05,2024
ORD-12061,30-05-2025,03-06-2025,Standard,CUST-1173,Consumer,India,Mumbai,Maharashtra,West,Technology,Phones,USB-C Hub,1,0.05,246.11,35.6,0.144650766,2025-05,2025
ORD-11906,14-03-2023,18-03-2023,Same Day,CUST-1446,Home Office,India,Bhopal,Madhya Pradesh,Central,Furniture,Tables,Reception Desk,3,0.2,1219.9,5.83,0.00477908,2023-03,2023
ORD-11159,28-10-2025,30-10-2025,Standard,CUST-1464,Consumer,India,Bengaluru,Karnataka,South,Office Supplies,Writing,Notebook,3,0.2,160.15,2.32,0.014486419,2025-10,2025
ORD-11210,09-09-2023,12-09-2023,Standard,CUST-1258,Consumer,India,Hyderabad,Telangana,South,Office Supplies,Stationery,Envelope Pack,1,0.05,95.32,11.12,0.116659673,2023-09,2023
ORD-11121,24-11-2025,26-11-2025,Standard,CUST-1326,Corporate,India,Chennai,Tamil Nadu,South,Office Supplies,Stationery,Printer Paper,5,0.1,265.4,25.36,0.095553881,2025-11,2025
ORD-11588,15-04-2025,19-04-2025,First Class,CUST-1438,Consumer,India,Mumbai,Maharashtra,West,Furniture,Office Furniture,Conference Table,3,0.15,711.8,-18.23,-0.025611127,2025-04,2025
ORD-10980,20-09-2024,22-09-2024,Second Class,CUST-1549,Consumer,India,Bhopal,Madhya Pradesh,Central,Furniture,Storage,Reception Desk,5,0.1,500.58,40.23,0.080366775,2024-09,2024
ORD-10039,09-04-2024,13-04-2024,Second Class,CUST-1294,Consumer,India,Chennai,Tamil Nadu,South,Technology,Accessories,Mechanical Keyboard,4,0.1,819.15,83.71,0.102191296,2024-04,2024
ORD-12185,28-12-2024,29-12-2024,Same Day,CUST-1042,Consumer,India,Hyderabad,Telangana,South,Technology,Phones,Laser Printer,1,0.3,377.78,8.37,0.022155752,2024-12,2024
ORD-12153,29-09-2024,01-10-2024,Standard,CUST-1507,Corporate,India,Pune,Maharashtra,West,Furniture,Chairs,Standing Desk,1,0.15,57.37,1.21,0.021091163,2024-09,2024
ORD-10808,25-12-2025,27-12-2025,Same Day,CUST-1293,Consumer,India,Chennai,Tamil Nadu,South,Office Supplies,Paper,Envelope Pack,1,0.15,203.09,5.06,0.024915062,2025-12,2025
ORD-10641,04-06-2025,07-06-2025,Same Day,CUST-1534,Consumer,India,Kolkata,West Bengal,East,Office Supplies,Writing,Desk Organizer,1,0.1,56.51,5.52,0.097681826,2025-06,2025
ORD-11277,12-08-2024,14-08-2024,Standard,CUST-1217,Corporate,India,Kolkata,West Bengal,East,Technology,Accessories,Business Laptop,3,0,1079.4,270.05,0.250185288,2024-08,2024
ORD-10026,22-09-2025,26-09-2025,First Class,CUST-1469,Corporate,India,Nagpur,Maharashtra,Central,Furniture,Storage,Executive Chair,2,0.2,486.32,-22.26,-0.045772331,2025-09,2025
ORD-11814,01-07-2025,02-07-2025,Standard,CUST-1577,Consumer,India,Ahmedabad,Gujarat,West,Furniture,Tables,Bookshelf,1,0.2,138.36,-0.38,-0.002746459,2025-07,2025
ORD-11854,25-05-2023,28-05-2023,Same Day,CUST-1360,Consumer,India,Kolkata,West Bengal,East,Furniture,Storage,Reception Desk,2,0,299.92,40.06,0.133568952,2023-05,2023
ORD-11819,25-12-2025,27-12-2025,Standard,CUST-1018,Consumer,India,Chennai,Tamil Nadu,South,Office Supplies,Binders,Envelope Pack,2,0.05,47.38,8.06,0.170113972,2025-12,2025
ORD-12135,04-02-2023,08-02-2023,Second Class,CUST-1437,Corporate,India,Delhi,Delhi,North,Office Supplies,Paper,Envelope Pack,4,0.2,158.98,7.07,0.044471003,2023-02,2023
ORD-12234,07-04-2024,09-04-2024,Standard,CUST-1301,Consumer,India,Ahmedabad,Gujarat,West,Technology,Printers,Wireless Headset,2,0.15,357.52,26.9,0.075240546,2024-04,2024
ORD-10986,24-07-2025,25-07-2025,Standard,CUST-1199,Corporate,India,Nagpur,Maharashtra,Central,Furniture,Tables,Bookshelf,4,0,544.56,57.78,0.106104011,2025-07,2025
ORD-10836,27-06-2023,29-06-2023,Standard,CUST-1579,Consumer,India,Ahmedabad,Gujarat,West,Furniture,Tables,Bookshelf,1,0,274.57,52.92,0.192737735,2023-06,2023
ORD-12162,20-04-2023,24-04-2023,Standard,CUST-1080,Consumer,India,Chennai,Tamil Nadu,South,Technology,Accessories,Mechanical Keyboard,4,0,2415.91,494.25,0.204581296,2023-04,2023
ORD-11693,03-10-2023,05-10-2023,Standard,CUST-1309,Home Office,India,Jaipur,Rajasthan,North,Furniture,Chairs,Filing Cabinet,4,0.1,438.83,39.45,0.089898138,2023-10,2023
ORD-10337,15-12-2025,17-12-2025,First Class,CUST-1412,Consumer,India,Hyderabad,Telangana,South,Technology,Printers,Smartphone,3,0,1006.44,232.32,0.230833433,2025-12,2025
ORD-11110,20-08-2025,22-08-2025,Standard,CUST-1258,Home Office,India,Pune,Maharashtra,West,Technology,Accessories,Mechanical Keyboard,1,0.1,219.04,33.85,0.154537984,2025-08,2025
ORD-11383,05-07-2023,08-07-2023,Second Class,CUST-1157,Consumer,India,Nagpur,Maharashtra,Central,Technology,Printers,Business Laptop,5,0.3,3477.03,-87.88,-0.025274444,2023-07,2023
ORD-11103,16-09-2023,20-09-2023,Same Day,CUST-1545,Home Office,India,Kolkata,West Bengal,East,Office Supplies,Binders,Sticky Notes,4,0.3,221.97,-25.33,-0.11411452,2023-09,2023
ORD-12013,04-10-2024,06-10-2024,Second Class,CUST-1260,Consumer,India,Pune,Maharashtra,West,Technology,Phones,USB-C Hub,1,0.3,191.91,-3.33,-0.017351884,2024-10,2024
ORD-11268,16-08-2025,21-08-2025,Same Day,CUST-1360,Corporate,India,Kolkata,West Bengal,East,Furniture,Chairs,Reception Desk,3,0,523.54,57.68,0.110173053,2025-08,2025
ORD-11241,24-01-2023,26-01-2023,Standard,CUST-1218,Consumer,India,Lucknow,Uttar Pradesh,North,Technology,Printers,Monitor,3,0.05,1291.65,120.31,0.093144428,2023-01,2023
ORD-10140,26-12-2025,29-12-2025,Standard,CUST-1051,Consumer,India,Delhi,Delhi,North,Furniture,Tables,Standing Desk,3,0.15,401.46,-5.47,-0.013625268,2025-12,2025
ORD-10970,25-03-2023,27-03-2023,Second Class,CUST-1112,Home Office,India,Jaipur,Rajasthan,North,Technology,Phones,Monitor,1,0.15,691.45,78.71,0.113833249,2023-03,2023
ORD-10177,07-06-2023,08-06-2023,First Class,CUST-1071,Corporate,India,Hyderabad,Telangana,South,Office Supplies,Writing,Notebook,4,0,560.23,98.51,0.175838495,2023-06,2023
ORD-10665,26-10-2023,30-10-2023,Same Day,CUST-1529,Corporate,India,Chennai,Tamil Nadu,South,Office Supplies,Binders,Printer Paper,2,0.05,71.72,9.08,0.126603458,2023-10,2023
ORD-11656,06-01-2023,08-01-2023,Second Class,CUST-1328,Home Office,India,Pune,Maharashtra,West,Furniture,Tables,Standing Desk,4,0.05,1647.38,177.46,0.107722566,2023-01,2023
ORD-12218,11-05-2025,14-05-2025,Standard,CUST-1285,Corporate,India,Pune,Maharashtra,West,Furniture,Tables,Bookshelf,2,0.15,1311.93,-59.27,-0.045177715,2025-05,2025
ORD-10340,20-09-2023,24-09-2023,Standard,CUST-1013,Consumer,India,Chennai,Tamil Nadu,South,Furniture,Tables,Bookshelf,3,0.1,1307.24,64.58,0.049401793,2023-09,2023
ORD-11989,26-08-2024,28-08-2024,Second Class,CUST-1395,Corporate,India,Bhopal,Madhya Pradesh,Central,Furniture,Tables,Conference Table,1,0.3,83.42,-5.21,-0.062455047,2024-08,2024
ORD-11787,06-09-2024,10-09-2024,Standard,CUST-1441,Home Office,India,Hyderabad,Telangana,South,Office Supplies,Binders,Printer Paper,1,0.2,49.1,2.16,0.043991853,2024-09,2024
ORD-10290,06-05-2024,09-05-2024,Same Day,CUST-1285,Corporate,India,Hyderabad,Telangana,South,Technology,Computers,Monitor,3,0.15,503.35,39.62,0.078712625,2024-05,2024
ORD-12412,03-01-2024,05-01-2024,Second Class,CUST-1108,Consumer,India,Ahmedabad,Gujarat,West,Furniture,Chairs,Reception Desk,3,0,1577.22,239.31,0.151728992,2024-01,2024
ORD-10883,22-08-2024,25-08-2024,Standard,CUST-1385,Corporate,India,Lucknow,Uttar Pradesh,North,Furniture,Chairs,Bookshelf,3,0,2639.98,342.38,0.129690376,2024-08,2024
ORD-12390,08-07-2024,11-07-2024,Standard,CUST-1369,Consumer,India,Nagpur,Maharashtra,Central,Office Supplies,Writing,Envelope Pack,1,0.05,57.98,6.31,0.108830631,2024-07,2024
ORD-10713,02-12-2023,04-12-2023,Same Day,CUST-1256,Consumer,India,Kolkata,West Bengal,East,Technology,Printers,Laser Printer,1,0.2,224.41,7.25,0.032306938,2023-12,2023
ORD-10409,10-07-2024,13-07-2024,Standard,CUST-1352,Corporate,India,Delhi,Delhi,North,Office Supplies,Writing,Desk Organizer,3,0.05,120.27,5.48,0.045564147,2024-07,2024
ORD-10026,17-08-2025,19-08-2025,Standard,CUST-1144,Consumer,India,Nagpur,Maharashtra,Central,Technology,Accessories,Smartphone,4,0.15,1484.35,163.82,0.110364806,2025-08,2025
ORD-10843,25-12-2025,27-12-2025,Same Day,CUST-1379,Consumer,India,Ahmedabad,Gujarat,West,Technology,Accessories,Smartphone,1,0.2,186.58,21.9,0.117375925,2025-12,2025
ORD-12294,29-10-2023,01-11-2023,Standard,CUST-1467,Consumer,India,Chennai,Tamil Nadu,South,Technology,Accessories,Monitor,2,0,519.41,90.27,0.173793342,2023-10,2023
ORD-11037,12-07-2024,14-07-2024,Second Class,CUST-1339,Consumer,India,Ahmedabad,Gujarat,West,Technology,Phones,Tablet,2,0.15,759.96,48.08,0.063266488,2024-07,2024
ORD-11914,23-11-2024,24-11-2024,Standard,CUST-1065,Consumer,India,Mumbai,Maharashtra,West,Technology,Accessories,Mechanical Keyboard,5,0.2,573.97,62.2,0.108368033,2024-11,2024
ORD-10809,12-09-2024,15-09-2024,Standard,CUST-1284,Home Office,India,Nagpur,Maharashtra,Central,Office Supplies,Writing,Ball Pen Set,2,0.3,331.21,11.47,0.034630597,2024-09,2024
ORD-10919,18-11-2025,21-11-2025,Second Class,CUST-1004,Corporate,India,Chennai,Tamil Nadu,South,Technology,Accessories,Mechanical Keyboard,1,0.15,444.86,45.2,0.101604999,2025-11,2025
ORD-11199,27-07-2025,31-07-2025,Standard,CUST-1564,Consumer,India,Lucknow,Uttar Pradesh,North,Technology,Computers,Wireless Headset,2,0.1,728.71,95.13,0.130545759,2025-07,2025
ORD-10849,11-03-2023,12-03-2023,Standard,CUST-1516,Consumer,India,Kolkata,West Bengal,East,Furniture,Chairs,Bookshelf,1,0.15,299.14,10.18,0.034030889,2023-03,2023
ORD-11416,26-06-2025,30-06-2025,Second Class,CUST-1501,Home Office,India,Hyderabad,Telangana,South,Office Supplies,Stationery,Ball Pen Set,2,0,131.37,17.78,0.135342925,2025-06,2025
ORD-12320,14-10-2025,17-10-2025,Standard,CUST-1092,Home Office,India,Bhopal,Madhya Pradesh,Central,Technology,Phones,Mechanical Keyboard,3,0,641.36,115.82,0.180585007,2025-10,2025
ORD-12059,17-06-2024,20-06-2024,First Class,CUST-1018,Corporate,India,Mumbai,Maharashtra,West,Furniture,Storage,Filing Cabinet,2,0,481.16,77.87,0.161838058,2024-06,2024
ORD-10700,20-06-2024,23-06-2024,Second Class,CUST-1147,Consumer,India,Pune,Maharashtra,West,Technology,Printers,USB-C Hub,1,0.2,362.15,55.65,0.153665608,2024-06,2024
ORD-10124,29-06-2025,01-07-2025,Standard,CUST-1277,Consumer,India,Bhopal,Madhya Pradesh,Central,Office Supplies,Paper,Sticky Notes,3,0.15,128.43,9.8,0.076306159,2025-06,2025
ORD-11737,05-11-2024,07-11-2024,Standard,CUST-1207,Corporate,India,Bhopal,Madhya Pradesh,Central,Furniture,Storage,Bookshelf,2,0.15,504.29,26.1,0.051755934,2024-11,2024
ORD-10328,15-03-2023,18-03-2023,Standard,CUST-1051,Consumer,India,Kolkata,West Bengal,East,Furniture,Office Furniture,Office Chair,3,0.15,626.82,32.71,0.05218404,2023-03,2023
ORD-11138,08-04-2023,10-04-2023,Standard,CUST-1494,Consumer,India,Chennai,Tamil Nadu,South,Office Supplies,Binders,Printer Paper,2,0.15,228.96,22.22,0.097047519,2023-04,2023
ORD-11170,04-01-2024,05-01-2024,First Class,CUST-1260,Consumer,India,Jaipur,Rajasthan,North,Furniture,Storage,Filing Cabinet,5,0,1198.13,98.58,0.082278217,2024-01,2024
ORD-11936,02-04-2024,04-04-2024,Standard,CUST-1566,Consumer,India,Nagpur,Maharashtra,Central,Office Supplies,Stationery,Sticky Notes,2,0.15,135.41,8.27,0.061073776,2024-04,2024
ORD-10405,29-03-2023,01-04-2023,Standard,CUST-1086,Consumer,India,Bhopal,Madhya Pradesh,Central,Furniture,Chairs,Standing Desk,1,0.05,152.19,21.42,0.140745121,2023-03,2023
ORD-11942,23-12-2025,25-12-2025,Second Class,CUST-1023,Corporate,India,Delhi,Delhi,North,Furniture,Chairs,Conference Table,2,0.1,343.17,9.29,0.027071131,2025-12,2025
ORD-11928,18-12-2025,22-12-2025,First Class,CUST-1004,Consumer,India,Mumbai,Maharashtra,West,Technology,Printers,Business Laptop,1,0.2,86.7,1.2,0.01384083,2025-12,2025
ORD-12076,09-06-2023,14-06-2023,Standard,CUST-1117,Consumer,India,Delhi,Delhi,North,Office Supplies,Stationery,Notebook,1,0,46.26,10.59,0.228923476,2023-06,2023
ORD-11029,01-10-2025,03-10-2025,Standard,CUST-1548,Corporate,India,Lucknow,Uttar Pradesh,North,Furniture,Storage,Reception Desk,3,0.1,928.6,-3.63,-0.00390911,2025-10,2025
ORD-12374,17-04-2024,20-04-2024,Standard,CUST-1208,Consumer,India,Bhopal,Madhya Pradesh,Central,Technology,Phones,Monitor,2,0.15,527.32,82.71,0.156849731,2024-04,2024
ORD-11211,18-09-2025,20-09-2025,Same Day,CUST-1316,Consumer,India,Ahmedabad,Gujarat,West,Furniture,Storage,Filing Cabinet,4,0.3,489.05,-58.21,-0.119026684,2025-09,2025
ORD-12459,01-05-2023,02-05-2023,Standard,CUST-1319,Home Office,India,Mumbai,Maharashtra,West,Furniture,Storage,Bookshelf,3,0,358.22,48.01,0.134023784,2023-05,2023
ORD-12099,24-06-2025,26-06-2025,Same Day,CUST-1111,Corporate,India,Delhi,Delhi,North,Furniture,Storage,Filing Cabinet,4,0.15,1442.48,-24.45,-0.016949975,2025-06,2025
ORD-11517,12-09-2023,14-09-2023,Standard,CUST-1403,Consumer,India,Pune,Maharashtra,West,Office Supplies,Binders,File Binder,2,0.05,138.51,27.24,0.196664501,2023-09,2023
ORD-12366,20-11-2025,22-11-2025,Standard,CUST-1338,Corporate,India,Bengaluru,Karnataka,South,Furniture,Storage,Filing Cabinet,3,0,299.96,31.83,0.106114149,2025-11,2025
ORD-12263,21-04-2023,23-04-2023,Standard,CUST-1381,Corporate,India,Bhopal,Madhya Pradesh,Central,Furniture,Chairs,Office Chair,3,0.1,1102.23,47.01,0.042649901,2023-04,2023
ORD-12288,25-01-2025,27-01-2025,Standard,CUST-1592,Consumer,India,Chennai,Tamil Nadu,South,Furniture,Tables,Executive Chair,4,0.05,608.95,80.07,0.131488628,2025-01,2025
ORD-12193,15-04-2025,16-04-2025,Standard,CUST-1432,Consumer,India,Chennai,Tamil Nadu,South,Technology,Computers,Smartphone,3,0.1,467.87,63.58,0.135892449,2025-04,2025
ORD-10078,23-10-2025,27-10-2025,Same Day,CUST-1338,Consumer,India,Kolkata,West Bengal,East,Office Supplies,Paper,Printer Paper,3,0.1,112.38,7.01,0.062377647,2025-10,2025
ORD-11516,13-01-2024,14-01-2024,Second Class,CUST-1398,Consumer,India,Lucknow,Uttar Pradesh,North,Technology,Phones,Business Laptop,4,0.3,1871.31,97.03,0.051851377,2024-01,2024
ORD-10515,29-09-2025,01-10-2025,Standard,CUST-1512,Consumer,India,Mumbai,Maharashtra,West,Furniture,Storage,Conference Table,2,0.15,243.63,14.48,0.059434388,2025-09,2025
ORD-11064,11-05-2024,12-05-2024,Second Class,CUST-1509,Consumer,India,Lucknow,Uttar Pradesh,North,Technology,Accessories,Mechanical Keyboard,2,0.05,411.43,70.64,0.171693848,2024-05,2024
ORD-11289,31-10-2023,03-11-2023,Standard,CUST-1222,Corporate,India,Delhi,Delhi,North,Furniture,Office Furniture,Executive Chair,3,0.15,234.56,7.11,0.030312074,2023-10,2023
ORD-11865,18-08-2023,21-08-2023,Second Class,CUST-1026,Corporate,India,Bhopal,Madhya Pradesh,Central,Furniture,Tables,Conference Table,4,0,2083.94,200.62,0.096269566,2023-08,2023
ORD-10130,26-10-2023,29-10-2023,Standard,CUST-1089,Corporate,India,Ahmedabad,Gujarat,West,Technology,Phones,Smartphone,2,0.05,250.18,37.17,0.148573027,2023-10,2023
ORD-10153,18-11-2025,20-11-2025,Same Day,CUST-1182,Consumer,India,Chennai,Tamil Nadu,South,Furniture,Tables,Office Chair,3,0,586.23,77.25,0.131774218,2025-11,2025
ORD-10076,21-06-2025,25-06-2025,Standard,CUST-1472,Consumer,India,Chennai,Tamil Nadu,South,Office Supplies,Binders,Desk Organizer,2,0,36.39,4.46,0.122561143,2025-06,2025
ORD-11332,19-09-2023,22-09-2023,Standard,CUST-1280,Consumer,India,Ahmedabad,Gujarat,West,Furniture,Office Furniture,Bookshelf,1,0.1,227.61,33.47,0.147049778,2023-09,2023
ORD-11741,16-09-2025,20-09-2025,Second Class,CUST-1386,Home Office,India,Pune,Maharashtra,West,Furniture,Chairs,Executive Chair,3,0.1,447.93,58.34,0.130243565,2025-09,2025
ORD-12046,14-09-2025,16-09-2025,Standard,CUST-1377,Consumer,India,Lucknow,Uttar Pradesh,North,Furniture,Office Furniture,Standing Desk,3,0.15,702.97,30.16,0.04290368,2025-09,2025
ORD-11069,12-11-2024,15-11-2024,Standard,CUST-1196,Consumer,India,Delhi,Delhi,North,Technology,Phones,USB-C Hub,3,0.2,797.2,74.55,0.093514802,2024-11,2024
ORD-10324,01-10-2023,05-10-2023,First Class,CUST-1385,Consumer,India,Jaipur,Rajasthan,North,Technology,Accessories,Business Laptop,4,0.05,2068.56,370.81,0.179259968,2023-10,2023
ORD-12099,20-01-2025,22-01-2025,Same Day,CUST-1069,Consumer,India,Chennai,Tamil Nadu,South,Furniture,Storage,Reception Desk,5,0.15,1315.13,55.82,0.042444473,2025-01,2025
ORD-10403,12-03-2024,16-03-2024,Standard,CUST-1369,Consumer,India,Kolkata,West Bengal,East,Office Supplies,Writing,Envelope Pack,3,0.3,267.94,-9.8,-0.036575353,2024-03,2024
ORD-11898,18-06-2023,21-06-2023,Second Class,CUST-1284,Corporate,India,Chennai,Tamil Nadu,South,Technology,Printers,Smartphone,3,0.15,2908.42,271.44,0.093329024,2023-06,2023
ORD-10378,05-09-2023,07-09-2023,Same Day,CUST-1092,Consumer,India,Bhopal,Madhya Pradesh,Central,Office Supplies,Stationery,Notebook,5,0,379.06,66.03,0.174194059,2023-09,2023
ORD-11523,13-07-2023,14-07-2023,First Class,CUST-1465,Home Office,India,Hyderabad,Telangana,South,Furniture,Office Furniture,Bookshelf,2,0,380.2,49.81,0.131009995,2023-07,2023
ORD-12442,14-06-2025,18-06-2025,Standard,CUST-1329,Consumer,India,Bengaluru,Karnataka,South,Office Supplies,Binders,Notebook,2,0.15,112.14,3.97,0.035402176,2025-06,2025
ORD-10748,05-06-2023,07-06-2023,Second Class,CUST-1045,Consumer,India,Pune,Maharashtra,West,Technology,Computers,Smartphone,4,0,3008.67,570.23,0.189528928,2023-06,2023
ORD-11751,10-02-2025,11-02-2025,First Class,CUST-1053,Home Office,India,Mumbai,Maharashtra,West,Office Supplies,Binders,File Binder,2,0.2,514.61,41.6,0.080837916,2025-02,2025
ORD-10724,01-12-2025,04-12-2025,First Class,CUST-1072,Corporate,India,Nagpur,Maharashtra,Central,Technology,Printers,Mechanical Keyboard,4,0,1807.46,409.09,0.226334193,2025-12,2025
ORD-12085,05-08-2025,07-08-2025,First Class,CUST-1538,Consumer,India,Delhi,Delhi,North,Furniture,Tables,Reception Desk,2,0.05,395.96,37.15,0.093822608,2025-08,2025
ORD-11823,01-03-2024,03-03-2024,Standard,CUST-1081,Corporate,India,Ahmedabad,Gujarat,West,Technology,Accessories,Mechanical Keyboard,2,0.1,509.47,67.13,0.131764383,2024-03,2024
ORD-10730,22-08-2024,25-08-2024,Standard,CUST-1557,Consumer,India,Jaipur,Rajasthan,North,Office Supplies,Paper,Ball Pen Set,3,0,186.71,31.45,0.16844304,2024-08,2024
ORD-10834,19-09-2025,22-09-2025,Standard,CUST-1139,Consumer,India,Kolkata,West Bengal,East,Furniture,Tables,Bookshelf,3,0.15,869.6,-14.28,-0.016421343,2025-09,2025
ORD-12096,23-09-2023,25-09-2023,Standard,CUST-1467,Corporate,India,Jaipur,Rajasthan,North,Technology,Printers,Business Laptop,4,0.1,577.51,66.91,0.115859466,2023-09,2023
ORD-11622,26-07-2023,28-07-2023,Standard,CUST-1358,Corporate,India,Pune,Maharashtra,West,Office Supplies,Stationery,Notebook,2,0.2,117.57,6.64,0.056476992,2023-07,2023
ORD-11566,20-05-2024,23-05-2024,Standard,CUST-1428,Consumer,India,Hyderabad,Telangana,South,Furniture,Office Furniture,Reception Desk,5,0.05,502.96,39.25,0.078038015,2024-05,2024
ORD-11253,26-06-2024,30-06-2024,Same Day,CUST-1560,Corporate,India,Hyderabad,Telangana,South,Technology,Phones,Mechanical Keyboard,2,0.05,944.53,153.99,0.163033466,2024-06,2024
ORD-11724,09-07-2024,11-07-2024,Same Day,CUST-1070,Home Office,India,Nagpur,Maharashtra,Central,Technology,Accessories,Monitor,4,0.15,865.24,88.41,0.102179742,2024-07,2024
ORD-10471,07-06-2023,10-06-2023,Second Class,CUST-1386,Consumer,India,Ahmedabad,Gujarat,West,Furniture,Tables,Reception Desk,2,0,716.64,123.03,0.171676155,2023-06,2023
ORD-10147,05-11-2023,07-11-2023,First Class,CUST-1517,Consumer,India,Bengaluru,Karnataka,South,Office Supplies,Binders,Notebook,2,0.1,223.25,17.63,0.078969765,2023-11,2023
ORD-10466,19-08-2024,21-08-2024,Standard,CUST-1579,Consumer,India,Lucknow,Uttar Pradesh,North,Office Supplies,Binders,Ball Pen Set,3,0.2,123.52,8.75,0.070838731,2024-08,2024
ORD-11419,30-04-2024,03-05-2024,Same Day,CUST-1387,Consumer,India,Hyderabad,Telangana,South,Technology,Accessories,Smartphone,2,0.15,210.84,28.07,0.13313413,2024-04,2024
ORD-11474,08-07-2025,12-07-2025,Standard,CUST-1094,Consumer,India,Nagpur,Maharashtra,Central,Office Supplies,Writing,Envelope Pack,4,0,97.47,17.72,0.181799528,2025-07,2025
ORD-11096,01-05-2024,03-05-2024,Standard,CUST-1587,Corporate,India,Ahmedabad,Gujarat,West,Office Supplies,Paper,Sticky Notes,2,0.15,112.07,11.65,0.103952887,2024-05,2024
ORD-10229,04-05-2025,08-05-2025,Standard,CUST-1511,Corporate,India,Bengaluru,Karnataka,South,Furniture,Tables,Executive Chair,1,0.05,166.74,5.47,0.032805566,2025-05,2025
ORD-12137,13-07-2024,14-07-2024,Standard,CUST-1204,Consumer,India,Pune,Maharashtra,West,Office Supplies,Binders,Sticky Notes,2,0.1,164.33,17.22,0.104789144,2024-07,2024
ORD-11364,14-05-2024,16-05-2024,Standard,CUST-1487,Corporate,India,Delhi,Delhi,North,Technology,Accessories,Laser Printer,3,0.3,448.76,15.77,0.035141278,2024-05,2024
ORD-12249,05-02-2024,08-02-2024,Second Class,CUST-1302,Consumer,India,Pune,Maharashtra,West,Furniture,Storage,Reception Desk,2,0.2,379.56,-15.09,-0.03975656,2024-02,2024
ORD-11777,05-06-2023,06-06-2023,Standard,CUST-1583,Corporate,India,Ahmedabad,Gujarat,West,Furniture,Chairs,Office Chair,2,0,696.33,101.8,0.146195051,2023-06,2023
ORD-12050,23-05-2023,26-05-2023,Second Class,CUST-1003,Corporate,India,Delhi,Delhi,North,Office Supplies,Paper,Desk Organizer,4,0.2,116.52,9.42,0.08084449,2023-05,2023
ORD-10014,22-02-2024,24-02-2024,Standard,CUST-1332,Consumer,India,Nagpur,Maharashtra,Central,Technology,Printers,Smartphone,5,0.2,8630.88,469.68,0.054418553,2024-02,2024
ORD-12452,16-12-2025,18-12-2025,Standard,CUST-1569,Home Office,India,Ahmedabad,Gujarat,West,Technology,Phones,USB-C Hub,1,0,206.16,36.05,0.174864183,2025-12,2025
ORD-12113,07-12-2024,09-12-2024,First Class,CUST-1515,Consumer,India,Pune,Maharashtra,West,Furniture,Office Furniture,Office Chair,2,0,366.31,58.3,0.159154814,2024-12,2024
ORD-12073,03-09-2023,04-09-2023,Standard,CUST-1453,Corporate,India,Bhopal,Madhya Pradesh,Central,Furniture,Office Furniture,Bookshelf,1,0.1,173.58,19.29,0.111130315,2023-09,2023
ORD-10869,14-04-2025,17-04-2025,Standard,CUST-1252,Home Office,India,Chennai,Tamil Nadu,South,Technology,Phones,Smartphone,5,0.3,944.35,27.56,0.029184095,2025-04,2025
ORD-11588,26-10-2023,28-10-2023,Standard,CUST-1313,Consumer,India,Bhopal,Madhya Pradesh,Central,Technology,Computers,Monitor,1,0.2,186.38,11.7,0.062774976,2023-10,2023
ORD-10081,19-04-2024,23-04-2024,Second Class,CUST-1516,Consumer,India,Chennai,Tamil Nadu,South,Technology,Printers,Mechanical Keyboard,4,0.1,744.15,114.42,0.153759323,2024-04,2024
ORD-11737,29-04-2023,02-05-2023,Standard,CUST-1293,Corporate,India,Nagpur,Maharashtra,Central,Furniture,Storage,Bookshelf,2,0,351.7,18.51,0.052630082,2023-04,2023
ORD-11128,14-01-2023,16-01-2023,First Class,CUST-1414,Home Office,India,Pune,Maharashtra,West,Technology,Accessories,Wireless Headset,3,0.1,1086.35,152.2,0.140102177,2023-01,2023
ORD-12429,16-01-2024,18-01-2024,Standard,CUST-1311,Consumer,India,Jaipur,Rajasthan,North,Furniture,Chairs,Filing Cabinet,4,0,662.63,107.38,0.16205122,2024-01,2024
ORD-10765,23-10-2023,25-10-2023,Second Class,CUST-1452,Consumer,India,Jaipur,Rajasthan,North,Office Supplies,Binders,Notebook,3,0.2,402.27,29,0.072090884,2023-10,2023
ORD-11195,01-05-2024,03-05-2024,Standard,CUST-1575,Consumer,India,Hyderabad,Telangana,South,Furniture,Tables,Reception Desk,3,0.15,500.43,32.9,0.065743461,2024-05,2024
ORD-12455,14-08-2023,17-08-2023,First Class,CUST-1136,Consumer,India,Hyderabad,Telangana,South,Office Supplies,Stationery,Printer Paper,2,0.15,142.51,7.13,0.050031577,2023-08,2023
ORD-10424,06-10-2023,08-10-2023,Standard,CUST-1018,Corporate,India,Delhi,Delhi,North,Technology,Phones,Laser Printer,2,0,1299.19,238.34,0.183452767,2023-10,2023
ORD-10789,24-07-2025,26-07-2025,First Class,CUST-1436,Corporate,India,Nagpur,Maharashtra,Central,Technology,Accessories,Laser Printer,1,0.05,642.5,117.17,0.182365759,2025-07,2025
ORD-11410,27-12-2025,29-12-2025,Standard,CUST-1380,Consumer,India,Nagpur,Maharashtra,Central,Technology,Accessories,Smartphone,2,0.3,641.64,4.33,0.006748332,2025-12,2025
ORD-11727,30-10-2024,02-11-2024,Standard,CUST-1578,Consumer,India,Nagpur,Maharashtra,Central,Furniture,Chairs,Standing Desk,2,0.2,289.41,26.96,0.09315504,2024-10,2024
ORD-12280,10-10-2024,12-10-2024,Standard,CUST-1313,Consumer,India,Bhopal,Madhya Pradesh,Central,Technology,Accessories,Smartphone,5,0.15,1494.46,181.77,0.121629217,2024-10,2024
ORD-11617,14-01-2025,16-01-2025,Same Day,CUST-1346,Consumer,India,Delhi,Delhi,North,Office Supplies,Binders,Envelope Pack,3,0.05,181.21,13.99,0.077203245,2025-01,2025
ORD-11017,11-02-2024,13-02-2024,First Class,CUST-1132,Corporate,India,Chennai,Tamil Nadu,South,Technology,Phones,Tablet,2,0.15,163.81,24.74,0.151028631,2024-02,2024
ORD-10284,19-02-2023,21-02-2023,Standard,CUST-1358,Home Office,India,Jaipur,Rajasthan,North,Office Supplies,Writing,Ball Pen Set,2,0.2,487.13,-5.47,-0.011229035,2023-02,2023
ORD-11915,04-02-2024,08-02-2024,Second Class,CUST-1267,Corporate,India,Bengaluru,Karnataka,South,Technology,Printers,USB-C Hub,3,0.1,245.92,39.16,0.159238777,2024-02,2024
ORD-11728,18-09-2025,22-09-2025,Standard,CUST-1221,Corporate,India,Pune,Maharashtra,West,Technology,Phones,Wireless Headset,2,0,310.81,60.2,0.193687462,2025-09,2025
ORD-10383,30-05-2025,01-06-2025,Standard,CUST-1236,Consumer,India,Bengaluru,Karnataka,South,Office Supplies,Binders,File Binder,3,0.1,440.82,58.43,0.132548432,2025-05,2025
ORD-11175,22-11-2023,25-11-2023,Same Day,CUST-1170,Consumer,India,Delhi,Delhi,North,Furniture,Chairs,Reception Desk,1,0.1,362.68,13.88,0.038270652,2023-11,2023
ORD-11305,19-03-2025,22-03-2025,Standard,CUST-1351,Consumer,India,Bengaluru,Karnataka,South,Technology,Printers,Business Laptop,4,0.15,887.69,135.93,0.153127781,2025-03,2025
ORD-11998,03-09-2024,05-09-2024,First Class,CUST-1173,Home Office,India,Ahmedabad,Gujarat,West,Technology,Accessories,Monitor,3,0.1,292.04,32.95,0.11282701,2024-09,2024
ORD-10889,31-03-2023,02-04-2023,Standard,CUST-1585,Consumer,India,Mumbai,Maharashtra,West,Technology,Accessories,USB-C Hub,3,0.15,1616.19,204.37,0.126451717,2023-03,2023
ORD-10523,27-07-2024,29-07-2024,First Class,CUST-1420,Consumer,India,Chennai,Tamil Nadu,South,Technology,Phones,Laser Printer,2,0.1,524.77,57.99,0.110505555,2024-07,2024
ORD-11284,08-02-2024,11-02-2024,Standard,CUST-1449,Consumer,India,Jaipur,Rajasthan,North,Technology,Computers,USB-C Hub,3,0.3,573.16,-0.17,-0.000296601,2024-02,2024
ORD-10514,11-05-2023,12-05-2023,Standard,CUST-1540,Corporate,India,Lucknow,Uttar Pradesh,North,Furniture,Chairs,Executive Chair,3,0.15,326.88,17.69,0.054117719,2023-05,2023
ORD-12234,25-04-2024,27-04-2024,Standard,CUST-1039,Consumer,India,Chennai,Tamil Nadu,South,Technology,Printers,Tablet,4,0.1,666.43,65.87,0.098840088,2024-04,2024
ORD-10538,15-11-2023,17-11-2023,Standard,CUST-1405,Consumer,India,Ahmedabad,Gujarat,West,Office Supplies,Stationery,Envelope Pack,2,0.15,73.23,11.59,0.158268469,2023-11,2023
ORD-11210,11-01-2024,15-01-2024,Standard,CUST-1388,Home Office,India,Jaipur,Rajasthan,North,Office Supplies,Paper,Printer Paper,3,0,363.9,45.61,0.125336631,2024-01,2024
ORD-12122,24-06-2023,26-06-2023,Standard,CUST-1237,Consumer,India,Delhi,Delhi,North,Technology,Computers,Wireless Headset,3,0,307.07,76.06,0.247695965,2023-06,2023
ORD-11776,14-05-2024,16-05-2024,First Class,CUST-1562,Consumer,India,Lucknow,Uttar Pradesh,North,Technology,Accessories,Wireless Headset,4,0.15,2880.55,266.55,0.092534412,2024-05,2024
ORD-10251,03-11-2024,07-11-2024,Standard,CUST-1163,Corporate,India,Pune,Maharashtra,West,Office Supplies,Paper,Envelope Pack,4,0.15,612.03,53.92,0.088100257,2024-11,2024
ORD-10153,01-06-2023,04-06-2023,Standard,CUST-1067,Consumer,India,Pune,Maharashtra,West,Furniture,Tables,Reception Desk,2,0.15,270.4,7.35,0.027181953,2023-06,2023
ORD-11200,11-10-2025,14-10-2025,Second Class,CUST-1176,Consumer,India,Hyderabad,Telangana,South,Technology,Printers,Wireless Headset,4,0.05,1052.34,229.14,0.217743315,2025-10,2025
ORD-10939,30-05-2025,02-06-2025,Standard,CUST-1279,Consumer,India,Kolkata,West Bengal,East,Furniture,Chairs,Reception Desk,3,0.15,1251.54,-12.91,-0.010315292,2025-05,2025
ORD-10584,14-01-2023,17-01-2023,Second Class,CUST-1376,Consumer,India,Nagpur,Maharashtra,Central,Technology,Computers,Monitor,5,0.05,1564.54,145.84,0.093215897,2023-01,2023
ORD-10282,27-12-2025,29-12-2025,Second Class,CUST-1238,Consumer,India,Nagpur,Maharashtra,Central,Furniture,Office Furniture,Reception Desk,2,0.2,308.9,-4.32,-0.013985108,2025-12,2025
ORD-11688,03-04-2023,04-04-2023,First Class,CUST-1200,Consumer,India,Ahmedabad,Gujarat,West,Technology,Computers,USB-C Hub,4,0,1646.55,362.27,0.220017613,2023-04,2023
ORD-10944,01-07-2024,02-07-2024,Standard,CUST-1326,Consumer,India,Jaipur,Rajasthan,North,Furniture,Storage,Reception Desk,1,0.2,62.21,-1.24,-0.019932487,2024-07,2024
ORD-11537,29-06-2025,02-07-2025,First Class,CUST-1349,Corporate,India,Kolkata,West Bengal,East,Technology,Computers,Wireless Headset,1,0.05,203.83,30.82,0.151204435,2025-06,2025
ORD-12246,18-07-2025,21-07-2025,Standard,CUST-1304,Consumer,India,Kolkata,West Bengal,East,Technology,Accessories,Tablet,1,0.1,291.18,38.96,0.133800398,2025-07,2025
ORD-12024,07-07-2024,09-07-2024,Second Class,CUST-1443,Consumer,India,Lucknow,Uttar Pradesh,North,Office Supplies,Paper,Sticky Notes,2,0.1,16.02,1.03,0.064294632,2024-07,2024
ORD-11566,12-02-2025,16-02-2025,Standard,CUST-1383,Home Office,India,Pune,Maharashtra,West,Office Supplies,Stationery,File Binder,4,0.05,449.46,33.34,0.074177902,2025-02,2025
ORD-12428,28-12-2023,29-12-2023,Standard,CUST-1148,Corporate,India,Delhi,Delhi,North,Technology,Printers,Business Laptop,4,0.2,1567.77,150.82,0.096200336,2023-12,2023
ORD-12366,24-01-2025,26-01-2025,Second Class,CUST-1218,Consumer,India,Chennai,Tamil Nadu,South,Furniture,Tables,Conference Table,1,0.05,98.36,16.28,0.165514437,2025-01,2025
ORD-10917,16-03-2024,17-03-2024,Second Class,CUST-1144,Consumer,India,Bhopal,Madhya Pradesh,Central,Technology,Computers,Wireless Headset,1,0,346.58,49.68,0.143343528,2024-03,2024
ORD-11055,11-08-2025,14-08-2025,First Class,CUST-1572,Corporate,India,Pune,Maharashtra,West,Technology,Computers,Mechanical Keyboard,3,0.05,1368.96,164.03,0.119820886,2025-08,2025
ORD-12086,01-10-2023,04-10-2023,Standard,CUST-1359,Corporate,India,Ahmedabad,Gujarat,West,Office Supplies,Binders,File Binder,1,0.15,92.24,2.04,0.022116219,2023-10,2023
ORD-12035,03-11-2023,04-11-2023,Standard,CUST-1047,Consumer,India,Ahmedabad,Gujarat,West,Technology,Computers,Monitor,2,0.2,243.93,21.68,0.088877957,2023-11,2023
ORD-10128,22-05-2024,25-05-2024,Standard,CUST-1456,Home Office,India,Bhopal,Madhya Pradesh,Central,Technology,Accessories,Smartphone,3,0,1370.59,286.35,0.208924624,2024-05,2024
ORD-12372,28-11-2025,30-11-2025,Standard,CUST-1261,Consumer,India,Jaipur,Rajasthan,North,Technology,Computers,Mechanical Keyboard,2,0.05,1387.59,245.19,0.176702052,2025-11,2025
ORD-10905,06-01-2024,10-01-2024,Second Class,CUST-1488,Consumer,India,Chennai,Tamil Nadu,South,Furniture,Office Furniture,Filing Cabinet,3,0.1,2021.84,136.36,0.067443517,2024-01,2024
ORD-11468,19-03-2025,23-03-2025,Second Class,CUST-1108,Consumer,India,Delhi,Delhi,North,Office Supplies,Stationery,Envelope Pack,1,0.1,113.45,10.49,0.09246364,2025-03,2025
ORD-11134,08-03-2025,10-03-2025,First Class,CUST-1048,Corporate,India,Jaipur,Rajasthan,North,Technology,Printers,USB-C Hub,4,0.15,1520.76,176.59,0.116119572,2025-03,2025
ORD-11959,10-09-2024,14-09-2024,Standard,CUST-1478,Consumer,India,Bhopal,Madhya Pradesh,Central,Furniture,Storage,Office Chair,1,0.05,136.58,8.55,0.062600674,2024-09,2024
ORD-12257,25-01-2024,28-01-2024,Standard,CUST-1597,Consumer,India,Lucknow,Uttar Pradesh,North,Office Supplies,Paper,Printer Paper,5,0,1245.38,154.93,0.124403796,2024-01,2024
ORD-12157,05-10-2025,06-10-2025,Second Class,CUST-1167,Consumer,India,Delhi,Delhi,North,Technology,Computers,USB-C Hub,3,0,392.22,71.14,0.181377798,2025-10,2025
ORD-10828,24-10-2023,28-10-2023,First Class,CUST-1328,Consumer,India,Delhi,Delhi,North,Furniture,Tables,Executive Chair,3,0,343.31,39.6,0.115347645,2023-10,2023
ORD-10030,14-07-2025,16-07-2025,Standard,CUST-1349,Home Office,India,Kolkata,West Bengal,East,Furniture,Storage,Standing Desk,5,0.15,1257.86,15.58,0.012386116,2025-07,2025
ORD-11583,22-01-2023,23-01-2023,Standard,CUST-1265,Home Office,India,Jaipur,Rajasthan,North,Furniture,Chairs,Bookshelf,1,0.3,285.98,-13.07,-0.045702497,2023-01,2023
ORD-10597,13-05-2024,15-05-2024,Second Class,CUST-1087,Corporate,India,Mumbai,Maharashtra,West,Technology,Accessories,Mechanical Keyboard,3,0,945.16,186.66,0.197490372,2024-05,2024
ORD-10473,26-06-2025,28-06-2025,Standard,CUST-1326,Corporate,India,Pune,Maharashtra,West,Technology,Computers,Wireless Headset,3,0.3,659.23,1.59,0.002411905,2025-06,2025
ORD-12194,06-06-2025,09-06-2025,Standard,CUST-1183,Home Office,India,Jaipur,Rajasthan,North,Technology,Accessories,Mechanical Keyboard,1,0,493.87,95.49,0.193350477,2025-06,2025
ORD-12070,14-08-2024,16-08-2024,Second Class,CUST-1599,Corporate,India,Delhi,Delhi,North,Technology,Computers,Mechanical Keyboard,5,0.2,1796,-0.22,-0.000122494,2024-08,2024
ORD-10001,20-10-2023,23-10-2023,First Class,CUST-1510,Consumer,India,Hyderabad,Telangana,South,Technology,Phones,Wireless Headset,3,0,1010.86,199.99,0.197841442,2023-10,2023
ORD-11490,10-06-2025,11-06-2025,Standard,CUST-1053,Consumer,India,Delhi,Delhi,North,Office Supplies,Paper,File Binder,4,0.05,610.3,43.34,0.071014255,2025-06,2025
ORD-10616,19-04-2023,21-04-2023,Second Class,CUST-1217,Corporate,India,Delhi,Delhi,North,Furniture,Office Furniture,Filing Cabinet,2,0.05,217.16,17.96,0.082703997,2023-04,2023
ORD-11761,31-01-2023,04-02-2023,Standard,CUST-1251,Consumer,India,Chennai,Tamil Nadu,South,Office Supplies,Binders,Notebook,3,0.1,130.21,12.23,0.093925198,2023-01,2023
ORD-11945,21-10-2025,24-10-2025,Standard,CUST-1406,Consumer,India,Nagpur,Maharashtra,Central,Furniture,Storage,Bookshelf,2,0.2,353.6,6.88,0.019457014,2025-10,2025
ORD-11564,04-08-2024,09-08-2024,Standard,CUST-1559,Consumer,India,Bengaluru,Karnataka,South,Office Supplies,Binders,Desk Organizer,2,0.15,198.32,17.41,0.087787414,2024-08,2024
ORD-10918,16-07-2025,20-07-2025,Standard,CUST-1327,Corporate,India,Chennai,Tamil Nadu,South,Furniture,Chairs,Reception Desk,1,0,425.08,32.98,0.077585396,2025-07,2025
ORD-11988,07-09-2024,08-09-2024,Second Class,CUST-1589,Consumer,India,Jaipur,Rajasthan,North,Office Supplies,Writing,File Binder,4,0.3,273.1,-1.47,-0.005382644,2024-09,2024
ORD-10816,02-03-2025,04-03-2025,Same Day,CUST-1210,Home Office,India,Hyderabad,Telangana,South,Technology,Computers,Monitor,4,0.2,1380.79,142.04,0.102868648,2025-03,2025
ORD-11535,22-10-2024,25-10-2024,Standard,CUST-1249,Home Office,India,Pune,Maharashtra,West,Office Supplies,Binders,File Binder,5,0.05,221.02,17.19,0.077775767,2024-10,2024
ORD-11743,18-08-2024,20-08-2024,Standard,CUST-1587,Consumer,India,Hyderabad,Telangana,South,Technology,Computers,Smartphone,2,0.3,794.01,2.32,0.002921878,2024-08,2024
ORD-12087,09-07-2025,12-07-2025,Standard,CUST-1152,Corporate,India,Bengaluru,Karnataka,South,Office Supplies,Binders,Notebook,2,0.2,288.09,12.58,0.04366691,2025-07,2025
ORD-11537,15-11-2025,17-11-2025,Standard,CUST-1423,Corporate,India,Bhopal,Madhya Pradesh,Central,Technology,Phones,Business Laptop,1,0,274.23,63.95,0.23319841,2025-11,2025
ORD-11546,30-04-2024,03-05-2024,Standard,CUST-1124,Consumer,India,Jaipur,Rajasthan,North,Furniture,Chairs,Office Chair,4,0.2,424.15,-6.32,-0.014900389,2024-04,2024
ORD-11475,23-10-2025,25-10-2025,Standard,CUST-1112,Consumer,India,Hyderabad,Telangana,South,Office Supplies,Writing,Desk Organizer,2,0.1,45.54,4.43,0.097277119,2025-10,2025
ORD-10002,27-02-2023,01-03-2023,Standard,CUST-1099,Consumer,India,Delhi,Delhi,North,Office Supplies,Stationery,Sticky Notes,2,0.2,244.82,18.77,0.076668573,2023-02,2023
ORD-12253,16-03-2025,18-03-2025,Standard,CUST-1080,Consumer,India,Bhopal,Madhya Pradesh,Central,Furniture,Tables,Standing Desk,3,0.15,2559.41,14.49,0.005661461,2025-03,2025
ORD-10065,30-03-2025,01-04-2025,Second Class,CUST-1233,Consumer,India,Hyderabad,Telangana,South,Technology,Phones,Wireless Headset,3,0,286.41,67.06,0.234139869,2025-03,2025
ORD-11077,18-08-2023,20-08-2023,Second Class,CUST-1128,Corporate,India,Lucknow,Uttar Pradesh,North,Technology,Accessories,Wireless Headset,5,0,1382.1,335.34,0.242630779,2023-08,2023
ORD-10158,27-03-2023,28-03-2023,Standard,CUST-1367,Consumer,India,Jaipur,Rajasthan,North,Technology,Accessories,Business Laptop,4,0,169.9,32.8,0.193054738,2023-03,2023
ORD-11920,02-02-2024,05-02-2024,Second Class,CUST-1364,Consumer,India,Pune,Maharashtra,West,Furniture,Tables,Office Chair,2,0.1,217.63,14.87,0.068326977,2024-02,2024
ORD-11434,15-01-2023,16-01-2023,First Class,CUST-1015,Consumer,India,Jaipur,Rajasthan,North,Technology,Printers,Tablet,4,0.05,563.87,107.74,0.19107241,2023-01,2023
ORD-11792,11-08-2024,12-08-2024,Standard,CUST-1288,Consumer,India,Bhopal,Madhya Pradesh,Central,Office Supplies,Writing,File Binder,3,0,388.16,60.56,0.156018137,2024-08,2024
ORD-10089,06-01-2024,09-01-2024,Standard,CUST-1124,Corporate,India,Delhi,Delhi,North,Furniture,Tables,Bookshelf,2,0.1,293.37,19.35,0.065957664,2024-01,2024
ORD-10714,07-11-2023,08-11-2023,Standard,CUST-1531,Consumer,India,Lucknow,Uttar Pradesh,North,Office Supplies,Binders,File Binder,3,0.15,233.3,25.36,0.108701243,2023-11,2023
ORD-10175,01-06-2025,03-06-2025,Standard,CUST-1089,Consumer,India,Lucknow,Uttar Pradesh,North,Furniture,Office Furniture,Standing Desk,4,0.3,439.78,-9.92,-0.022556733,2025-06,2025
ORD-10905,09-10-2024,12-10-2024,Standard,CUST-1029,Consumer,India,Delhi,Delhi,North,Technology,Accessories,Monitor,4,0.15,1045.74,168.63,0.161254231,2024-10,2024
ORD-10017,10-05-2024,11-05-2024,Second Class,CUST-1492,Consumer,India,Delhi,Delhi,North,Furniture,Storage,Conference Table,1,0.15,107.22,2.89,0.026953927,2024-05,2024
ORD-12367,20-04-2023,21-04-2023,Second Class,CUST-1411,Consumer,India,Bhopal,Madhya Pradesh,Central,Technology,Printers,Wireless Headset,1,0.15,337.23,44.9,0.133143552,2023-04,2023
ORD-11290,10-01-2025,13-01-2025,Standard,CUST-1573,Corporate,India,Lucknow,Uttar Pradesh,North,Furniture,Chairs,Office Chair,5,0.05,573.41,34.44,0.060061736,2025-01,2025
ORD-10503,20-08-2025,22-08-2025,Standard,CUST-1105,Consumer,India,Nagpur,Maharashtra,Central,Furniture,Chairs,Filing Cabinet,1,0.3,277.42,-17.91,-0.064559152,2025-08,2025
ORD-12091,15-02-2023,17-02-2023,Second Class,CUST-1426,Corporate,India,Lucknow,Uttar Pradesh,North,Technology,Computers,Monitor,3,0.05,1089.27,213.55,0.19604873,2023-02,2023
ORD-10523,10-03-2025,13-03-2025,Standard,CUST-1574,Corporate,India,Chennai,Tamil Nadu,South,Technology,Phones,USB-C Hub,3,0.15,372.58,40.86,0.109667722,2025-03,2025
ORD-10705,26-05-2023,27-05-2023,Same Day,CUST-1095,Consumer,India,Lucknow,Uttar Pradesh,North,Technology,Printers,Tablet,2,0,591.99,129.93,0.219480059,2023-05,2023
ORD-11449,13-04-2025,14-04-2025,Standard,CUST-1497,Consumer,India,Mumbai,Maharashtra,West,Office Supplies,Stationery,Notebook,3,0,204.42,45.46,0.222385285,2025-04,2025
ORD-10569,14-10-2025,18-10-2025,First Class,CUST-1013,Consumer,India,Mumbai,Maharashtra,West,Technology,Printers,Mechanical Keyboard,3,0.15,542.69,29.69,0.05470895,2025-10,2025
ORD-10385,27-08-2025,29-08-2025,Second Class,CUST-1538,Consumer,India,Pune,Maharashtra,West,Technology,Printers,Smartphone,3,0.2,742.97,-4.06,-0.005464554,2025-08,2025
ORD-11166,21-09-2024,24-09-2024,Second Class,CUST-1311,Consumer,India,Mumbai,Maharashtra,West,Technology,Printers,Laser Printer,1,0.1,316.01,54.09,0.171165469,2024-09,2024
ORD-10992,16-07-2023,18-07-2023,Standard,CUST-1036,Consumer,India,Bhopal,Madhya Pradesh,Central,Furniture,Office Furniture,Reception Desk,2,0.15,512.95,29.28,0.057081587,2023-07,2023
ORD-10796,25-07-2024,28-07-2024,First Class,CUST-1035,Consumer,India,Lucknow,Uttar Pradesh,North,Furniture,Chairs,Conference Table,5,0,2091.03,311.53,0.148983994,2024-07,2024
ORD-12298,24-12-2025,26-12-2025,Standard,CUST-1549,Home Office,India,Hyderabad,Telangana,South,Furniture,Tables,Filing Cabinet,2,0.2,401.84,28.9,0.071919172,2025-12,2025
ORD-11885,18-07-2024,22-07-2024,Standard,CUST-1251,Consumer,India,Bhopal,Madhya Pradesh,Central,Furniture,Storage,Reception Desk,5,0.15,2237.23,68.32,0.030537763,2024-07,2024
ORD-10134,25-02-2025,27-02-2025,Standard,CUST-1038,Consumer,India,Bengaluru,Karnataka,South,Technology,Phones,Tablet,2,0,603.43,89.77,0.14876622,2025-02,2025
ORD-10687,01-09-2024,02-09-2024,Standard,CUST-1237,Consumer,India,Lucknow,Uttar Pradesh,North,Technology,Printers,Tablet,1,0.05,141.59,19.75,0.139487252,2024-09,2024
ORD-11190,02-04-2024,06-04-2024,Second Class,CUST-1414,Consumer,India,Kolkata,West Bengal,East,Furniture,Tables,Office Chair,1,0.1,179.45,16.07,0.089551407,2024-04,2024
ORD-11956,29-04-2024,03-05-2024,Standard,CUST-1017,Corporate,India,Lucknow,Uttar Pradesh,North,Office Supplies,Paper,File Binder,2,0.05,162.88,22.19,0.136235265,2024-04,2024
ORD-11023,25-01-2025,27-01-2025,Standard,CUST-1103,Home Office,India,Bhopal,Madhya Pradesh,Central,Technology,Printers,Monitor,4,0.3,1912.49,-18.88,-0.009871947,2025-01,2025
ORD-11541,06-01-2025,08-01-2025,Standard,CUST-1340,Consumer,India,Mumbai,Maharashtra,West,Furniture,Tables,Office Chair,4,0.15,671.19,59.82,0.089125285,2025-01,2025
ORD-12164,20-02-2023,22-02-2023,Second Class,CUST-1328,Consumer,India,Ahmedabad,Gujarat,West,Office Supplies,Writing,Notebook,2,0.05,81.94,14.6,0.178179155,2023-02,2023
ORD-11098,21-09-2023,23-09-2023,Second Class,CUST-1439,Corporate,India,Bhopal,Madhya Pradesh,Central,Office Supplies,Paper,Sticky Notes,2,0.05,357.39,44.74,0.125185372,2023-09,2023
ORD-12461,17-10-2023,20-10-2023,Same Day,CUST-1295,Consumer,India,Jaipur,Rajasthan,North,Office Supplies,Binders,Envelope Pack,2,0.15,109.94,4.98,0.045297435,2023-10,2023
ORD-11565,15-12-2024,17-12-2024,Standard,CUST-1237,Consumer,India,Hyderabad,Telangana,South,Office Supplies,Stationery,Sticky Notes,5,0.1,1053.24,64.03,0.060793361,2024-12,2024
ORD-11881,20-07-2025,21-07-2025,Standard,CUST-1456,Consumer,India,Bhopal,Madhya Pradesh,Central,Office Supplies,Binders,Desk Organizer,4,0.15,140.6,9.84,0.069985775,2025-07,2025
ORD-12490,13-03-2024,14-03-2024,Standard,CUST-1221,Home Office,India,Hyderabad,Telangana,South,Office Supplies,Stationery,Ball Pen Set,1,0.05,226.83,22.95,0.101177093,2024-03,2024
ORD-12396,11-05-2025,14-05-2025,Second Class,CUST-1074,Corporate,India,Ahmedabad,Gujarat,West,Technology,Printers,Monitor,1,0.2,466.99,10.62,0.022741386,2025-05,2025
ORD-12241,01-09-2025,04-09-2025,Second Class,CUST-1541,Corporate,India,Bengaluru,Karnataka,South,Furniture,Storage,Office Chair,3,0.2,808.67,-44.12,-0.05455872,2025-09,2025
ORD-12276,30-04-2024,03-05-2024,Standard,CUST-1456,Consumer,India,Bhopal,Madhya Pradesh,Central,Technology,Accessories,Monitor,5,0.3,423.41,15.38,0.03632413,2024-04,2024
ORD-12216,30-01-2023,01-02-2023,Second Class,CUST-1011,Corporate,India,Kolkata,West Bengal,East,Office Supplies,Paper,Printer Paper,4,0.05,217.94,26.4,0.121134257,2023-01,2023
ORD-12063,10-04-2025,13-04-2025,Standard,CUST-1296,Corporate,India,Hyderabad,Telangana,South,Technology,Phones,Smartphone,3,0.15,1016.74,61.19,0.060182544,2025-04,2025
ORD-12282,09-09-2024,13-09-2024,Standard,CUST-1224,Corporate,India,Ahmedabad,Gujarat,West,Furniture,Office Furniture,Conference Table,4,0.3,529.53,-48.34,-0.091288501,2024-09,2024
ORD-10268,26-09-2025,28-09-2025,First Class,CUST-1364,Consumer,India,Pune,Maharashtra,West,Office Supplies,Stationery,Ball Pen Set,1,0.15,182.06,20.85,0.114522685,2025-09,2025
ORD-12119,19-03-2023,22-03-2023,Second Class,CUST-1566,Corporate,India,Nagpur,Maharashtra,Central,Furniture,Storage,Standing Desk,3,0,354.73,53.35,0.150396076,2023-03,2023
ORD-11588,01-12-2025,03-12-2025,First Class,CUST-1382,Consumer,India,Mumbai,Maharashtra,West,Furniture,Chairs,Office Chair,3,0.3,809.47,-89.73,-0.110850309,2025-12,2025
ORD-10690,01-10-2024,02-10-2024,Second Class,CUST-1303,Corporate,India,Delhi,Delhi,North,Technology,Computers,Wireless Headset,2,0.15,436.61,53.28,0.122031103,2024-10,2024
ORD-10217,07-09-2024,10-09-2024,Standard,CUST-1189,Home Office,India,Ahmedabad,Gujarat,West,Office Supplies,Stationery,Notebook,3,0,136.02,21.28,0.156447581,2024-09,2024
ORD-10105,24-08-2023,29-08-2023,First Class,CUST-1512,Corporate,India,Kolkata,West Bengal,East,Technology,Computers,Laser Printer,2,0.05,281.9,39.25,0.139233771,2023-08,2023
ORD-11731,18-09-2025,20-09-2025,Second Class,CUST-1043,Consumer,India,Ahmedabad,Gujarat,West,Technology,Accessories,Monitor,5,0.1,899.93,91.56,0.101741247,2025-09,2025
ORD-10977,24-09-2024,25-09-2024,Standard,CUST-1418,Consumer,India,Ahmedabad,Gujarat,West,Technology,Computers,Monitor,2,0,223.56,32.05,0.143361961,2024-09,2024
ORD-12037,25-04-2023,28-04-2023,Standard,CUST-1332,Consumer,India,Bengaluru,Karnataka,South,Technology,Accessories,Monitor,1,0,143.38,20.38,0.142139768,2023-04,2023
ORD-10648,28-08-2023,01-09-2023,Standard,CUST-1580,Consumer,India,Chennai,Tamil Nadu,South,Technology,Computers,Business Laptop,3,0.15,701.27,45.57,0.064982104,2023-08,2023
ORD-10480,22-03-2024,25-03-2024,Standard,CUST-1417,Home Office,India,Lucknow,Uttar Pradesh,North,Office Supplies,Writing,File Binder,5,0.1,681.14,83.65,0.122808821,2024-03,2024
ORD-10741,26-09-2023,01-10-2023,Standard,CUST-1368,Consumer,India,Delhi,Delhi,North,Technology,Computers,Monitor,3,0.1,1593.04,268.82,0.168746547,2023-09,2023
ORD-10213,03-11-2025,06-11-2025,First Class,CUST-1403,Consumer,India,Chennai,Tamil Nadu,South,Furniture,Office Furniture,Conference Table,2,0,277.01,25.81,0.093173532,2025-11,2025
ORD-10714,25-04-2025,29-04-2025,Standard,CUST-1429,Corporate,India,Nagpur,Maharashtra,Central,Office Supplies,Paper,Envelope Pack,2,0,165.5,38,0.229607251,2025-04,2025
ORD-11757,10-11-2024,11-11-2024,Second Class,CUST-1244,Consumer,India,Chennai,Tamil Nadu,South,Technology,Phones,Tablet,4,0,798.11,147.86,0.185262683,2024-11,2024
ORD-10457,27-12-2024,29-12-2024,Standard,CUST-1419,Consumer,India,Nagpur,Maharashtra,Central,Office Supplies,Stationery,Desk Organizer,4,0.2,628.49,30.75,0.048926793,2024-12,2024
ORD-10346,22-08-2023,25-08-2023,Same Day,CUST-1120,Consumer,India,Chennai,Tamil Nadu,South,Office Supplies,Stationery,Ball Pen Set,2,0.1,135.47,7.82,0.057724958,2023-08,2023
ORD-11771,07-03-2025,10-03-2025,Second Class,CUST-1013,Corporate,India,Kolkata,West Bengal,East,Furniture,Chairs,Conference Table,1,0,313.25,35.7,0.11396648,2025-03,2025
ORD-11338,30-01-2023,01-02-2023,Standard,CUST-1198,Consumer,India,Delhi,Delhi,North,Office Supplies,Binders,Desk Organizer,3,0,347.5,42.88,0.123395683,2023-01,2023
ORD-11200,06-01-2023,09-01-2023,Second Class,CUST-1324,Home Office,India,Chennai,Tamil Nadu,South,Technology,Printers,USB-C Hub,3,0.3,675.2,33.05,0.04894846,2023-01,2023
ORD-11700,17-01-2025,19-01-2025,Same Day,CUST-1099,Home Office,India,Jaipur,Rajasthan,North,Furniture,Chairs,Filing Cabinet,1,0,559.3,92.4,0.165206508,2025-01,2025
ORD-11445,14-02-2023,18-02-2023,Standard,CUST-1582,Consumer,India,Jaipur,Rajasthan,North,Technology,Accessories,Laser Printer,4,0,2180.8,402.02,0.184345194,2023-02,2023
ORD-12227,03-06-2024,05-06-2024,Second Class,CUST-1309,Corporate,India,Pune,Maharashtra,West,Technology,Phones,Tablet,2,0.2,120.94,9.63,0.079626261,2024-06,2024
ORD-11284,08-10-2024,13-10-2024,Same Day,CUST-1023,Consumer,India,Chennai,Tamil Nadu,South,Furniture,Tables,Executive Chair,1,0.1,110,6.88,0.062545455,2024-10,2024
ORD-11821,15-07-2023,17-07-2023,Second Class,CUST-1242,Consumer,India,Bengaluru,Karnataka,South,Office Supplies,Paper,Sticky Notes,3,0.1,265.93,27.73,0.104275561,2023-07,2023
ORD-11797,11-03-2023,14-03-2023,First Class,CUST-1206,Consumer,India,Ahmedabad,Gujarat,West,Technology,Phones,USB-C Hub,1,0.15,197.91,15.6,0.078823708,2023-03,2023
ORD-12077,30-10-2024,03-11-2024,Standard,CUST-1299,Corporate,India,Pune,Maharashtra,West,Technology,Printers,Mechanical Keyboard,2,0.3,499.34,40.63,0.081367405,2024-10,2024
ORD-12388,21-06-2023,23-06-2023,Second Class,CUST-1313,Home Office,India,Hyderabad,Telangana,South,Furniture,Chairs,Office Chair,1,0.05,240.04,30.53,0.127187135,2023-06,2023
ORD-12105,15-08-2023,16-08-2023,Standard,CUST-1074,Home Office,India,Ahmedabad,Gujarat,West,Office Supplies,Binders,Notebook,4,0.15,345.4,14.76,0.042733063,2023-08,2023
ORD-11839,08-11-2025,09-11-2025,Standard,CUST-1559,Consumer,India,Bengaluru,Karnataka,South,Technology,Accessories,USB-C Hub,2,0,1114.54,191.64,0.171945377,2025-11,2025
ORD-11224,31-12-2023,03-01-2024,First Class,CUST-1351,Home Office,India,Delhi,Delhi,North,Office Supplies,Writing,Sticky Notes,4,0,323.05,52.68,0.163070732,2023-12,2023
ORD-10131,08-08-2025,10-08-2025,First Class,CUST-1530,Consumer,India,Pune,Maharashtra,West,Technology,Phones,Smartphone,1,0.05,131.08,22.26,0.169819957,2025-08,2025
ORD-10744,29-07-2023,31-07-2023,Standard,CUST-1098,Consumer,India,Mumbai,Maharashtra,West,Technology,Computers,Monitor,2,0.1,752.78,74.75,0.0992986,2023-07,2023
ORD-12493,28-03-2024,30-03-2024,Second Class,CUST-1360,Consumer,India,Hyderabad,Telangana,South,Technology,Accessories,USB-C Hub,2,0.15,221.3,14.64,0.066154541,2024-03,2024
ORD-10353,09-07-2024,10-07-2024,Second Class,CUST-1195,Consumer,India,Kolkata,West Bengal,East,Office Supplies,Paper,Sticky Notes,2,0.15,134.12,7.26,0.054130629,2024-07,2024
ORD-10077,04-06-2025,07-06-2025,First Class,CUST-1567,Home Office,India,Lucknow,Uttar Pradesh,North,Technology,Accessories,Business Laptop,2,0.05,1521.41,287.15,0.188739393,2025-06,2025
ORD-11265,03-01-2025,05-01-2025,Standard,CUST-1467,Corporate,India,Kolkata,West Bengal,East,Office Supplies,Paper,Sticky Notes,1,0.15,32.63,2.31,0.070793748,2025-01,2025
ORD-11362,02-11-2023,04-11-2023,First Class,CUST-1544,Consumer,India,Bengaluru,Karnataka,South,Technology,Phones,Monitor,1,0,777.16,117.63,0.151358794,2023-11,2023
ORD-11144,15-12-2024,17-12-2024,First Class,CUST-1001,Corporate,India,Delhi,Delhi,North,Technology,Phones,Smartphone,1,0.2,319.93,42.12,0.131653799,2024-12,2024
ORD-11996,29-05-2023,31-05-2023,Standard,CUST-1386,Consumer,India,Chennai,Tamil Nadu,South,Technology,Printers,Smartphone,2,0.3,2534.63,53.18,0.020981366,2023-05,2023
ORD-10659,05-03-2025,08-03-2025,Standard,CUST-1047,Consumer,India,Lucknow,Uttar Pradesh,North,Furniture,Storage,Office Chair,2,0,429.12,54.01,0.12586223,2025-03,2025
ORD-10956,11-03-2025,13-03-2025,Second Class,CUST-1479,Consumer,India,Nagpur,Maharashtra,Central,Technology,Computers,Smartphone,2,0.05,475.47,84.04,0.176751425,2025-03,2025
ORD-10740,08-06-2023,12-06-2023,First Class,CUST-1568,Consumer,India,Chennai,Tamil Nadu,South,Technology,Accessories,Business Laptop,2,0.1,184.38,30.69,0.166449723,2023-06,2023
ORD-11647,23-11-2023,25-11-2023,Standard,CUST-1062,Consumer,India,Bengaluru,Karnataka,South,Technology,Printers,Laser Printer,3,0.3,849.17,-34.99,-0.041204941,2023-11,2023
ORD-11641,09-04-2023,10-04-2023,Standard,CUST-1231,Consumer,India,Delhi,Delhi,North,Technology,Computers,USB-C Hub,2,0.1,581.9,54.12,0.093005671,2023-04,2023
ORD-11579,27-10-2023,29-10-2023,Standard,CUST-1071,Corporate,India,Ahmedabad,Gujarat,West,Technology,Phones,Smartphone,4,0.15,2622.72,231.25,0.088171822,2023-10,2023
ORD-11743,10-09-2023,13-09-2023,Same Day,CUST-1456,Home Office,India,Jaipur,Rajasthan,North,Office Supplies,Writing,Sticky Notes,2,0.2,302.21,17.59,0.05820456,2023-09,2023
ORD-11006,21-01-2024,24-01-2024,Standard,CUST-1544,Consumer,India,Ahmedabad,Gujarat,West,Furniture,Storage,Conference Table,1,0.05,114.77,15.6,0.135924022,2024-01,2024
ORD-11227,24-04-2025,26-04-2025,Second Class,CUST-1282,Corporate,India,Ahmedabad,Gujarat,West,Furniture,Office Furniture,Office Chair,2,0,594.16,57.94,0.097515821,2025-04,2025
ORD-11545,27-03-2023,28-03-2023,First Class,CUST-1368,Corporate,India,Hyderabad,Telangana,South,Technology,Phones,Monitor,4,0.1,2048.98,260.42,0.127097385,2023-03,2023
ORD-10290,10-07-2024,12-07-2024,Standard,CUST-1213,Consumer,India,Ahmedabad,Gujarat,West,Office Supplies,Paper,Notebook,1,0,30.93,4.24,0.137083737,2024-07,2024
ORD-11544,01-08-2025,04-08-2025,Second Class,CUST-1566,Corporate,India,Mumbai,Maharashtra,West,Furniture,Tables,Filing Cabinet,4,0.15,930.5,68.17,0.073261687,2025-08,2025
ORD-12038,02-01-2024,03-01-2024,Standard,CUST-1151,Consumer,India,Pune,Maharashtra,West,Office Supplies,Binders,Sticky Notes,3,0,75.32,14.42,0.191449814,2024-01,2024
ORD-10916,01-02-2023,04-02-2023,Second Class,CUST-1384,Consumer,India,Kolkata,West Bengal,East,Office Supplies,Binders,Printer Paper,4,0.2,412.01,17.73,0.043032936,2023-02,2023
ORD-12120,02-12-2023,05-12-2023,First Class,CUST-1363,Home Office,India,Jaipur,Rajasthan,North,Technology,Computers,Tablet,2,0.15,894.92,46.26,0.051691771,2023-12,2023
ORD-12133,19-12-2025,21-12-2025,Standard,CUST-1370,Consumer,India,Ahmedabad,Gujarat,West,Office Supplies,Binders,Desk Organizer,3,0.05,461.31,71.42,0.154819969,2025-12,2025
ORD-11653,09-06-2023,11-06-2023,Second Class,CUST-1359,Corporate,India,Bengaluru,Karnataka,South,Furniture,Tables,Reception Desk,1,0.15,190.92,-1.76,-0.009218521,2023-06,2023
ORD-12245,23-04-2023,24-04-2023,Standard,CUST-1272,Consumer,India,Bengaluru,Karnataka,South,Technology,Phones,Wireless Headset,2,0.2,493.63,15.55,0.031501327,2023-04,2023
ORD-12245,08-05-2023,11-05-2023,First Class,CUST-1295,Home Office,India,Lucknow,Uttar Pradesh,North,Office Supplies,Writing,Desk Organizer,2,0.15,463.29,41.55,0.089684647,2023-05,2023
ORD-12000,02-02-2024,06-02-2024,Standard,CUST-1509,Consumer,India,Chennai,Tamil Nadu,South,Office Supplies,Binders,Desk Organizer,4,0.3,466.88,-4.14,-0.008867375,2024-02,2024
ORD-12160,17-05-2024,20-05-2024,Second Class,CUST-1384,Consumer,India,Mumbai,Maharashtra,West,Technology,Printers,Laser Printer,3,0,595.83,83.51,0.140157427,2024-05,2024
ORD-11006,18-10-2023,21-10-2023,Second Class,CUST-1428,Consumer,India,Mumbai,Maharashtra,West,Furniture,Chairs,Filing Cabinet,1,0.05,242,21.41,0.088471074,2023-10,2023
ORD-12307,02-11-2023,04-11-2023,Second Class,CUST-1141,Corporate,India,Hyderabad,Telangana,South,Furniture,Tables,Reception Desk,2,0,545.52,70.94,0.130041062,2023-11,2023
ORD-12033,13-01-2024,16-01-2024,Same Day,CUST-1028,Corporate,India,Ahmedabad,Gujarat,West,Furniture,Tables,Bookshelf,3,0.3,248.77,-24.36,-0.097921775,2024-01,2024
ORD-11069,07-01-2025,09-01-2025,Standard,CUST-1272,Consumer,India,Lucknow,Uttar Pradesh,North,Office Supplies,Writing,Notebook,2,0.2,137.48,1.01,0.007346523,2025-01,2025
ORD-11464,13-06-2025,15-06-2025,Second Class,CUST-1198,Consumer,India,Bhopal,Madhya Pradesh,Central,Office Supplies,Stationery,Desk Organizer,1,0.1,92.14,9.04,0.098111569,2025-06,2025
ORD-10932,25-05-2023,26-05-2023,Same Day,CUST-1459,Consumer,India,Bhopal,Madhya Pradesh,Central,Office Supplies,Binders,File Binder,4,0.15,868.22,59.3,0.068300661,2023-05,2023
ORD-10024,07-02-2025,09-02-2025,Second Class,CUST-1494,Consumer,India,Ahmedabad,Gujarat,West,Office Supplies,Writing,File Binder,4,0.1,247.47,24.92,0.100699075,2025-02,2025
ORD-10020,17-07-2023,18-07-2023,Second Class,CUST-1215,Home Office,India,Hyderabad,Telangana,South,Furniture,Chairs,Standing Desk,4,0.15,1366.05,94.67,0.069302002,2023-07,2023
ORD-10019,29-07-2023,31-07-2023,Standard,CUST-1369,Consumer,India,Jaipur,Rajasthan,North,Office Supplies,Stationery,Envelope Pack,5,0.15,259.24,30.02,0.115800031,2023-07,2023
ORD-11804,29-10-2025,01-11-2025,First Class,CUST-1461,Consumer,India,Mumbai,Maharashtra,West,Furniture,Tables,Executive Chair,2,0,707.96,126.97,0.179346291,2025-10,2025
ORD-11437,22-09-2024,25-09-2024,Standard,CUST-1005,Corporate,India,Pune,Maharashtra,West,Office Supplies,Writing,Printer Paper,1,0.2,105.37,-1.42,-0.013476322,2024-09,2024
ORD-10653,08-08-2024,10-08-2024,Standard,CUST-1201,Consumer,India,Kolkata,West Bengal,East,Furniture,Tables,Standing Desk,3,0.05,204.4,14.34,0.070156556,2024-08,2024
ORD-10200,05-04-2024,06-04-2024,First Class,CUST-1155,Home Office,India,Delhi,Delhi,North,Office Supplies,Binders,Envelope Pack,3,0,157.44,22.81,0.144880589,2024-04,2024
ORD-11342,18-10-2025,20-10-2025,Same Day,CUST-1390,Corporate,India,Hyderabad,Telangana,South,Office Supplies,Stationery,Ball Pen Set,3,0.2,65.24,0.16,0.002452483,2025-10,2025
ORD-12396,27-04-2023,29-04-2023,Second Class,CUST-1346,Home Office,India,Nagpur,Maharashtra,Central,Technology,Phones,Smartphone,1,0.05,155.19,32.51,0.209485147,2023-04,2023
ORD-11835,07-05-2025,09-05-2025,Same Day,CUST-1108,Corporate,India,Chennai,Tamil Nadu,South,Technology,Phones,Smartphone,4,0.1,3469.55,706.72,0.203692121,2025-05,2025
ORD-10186,10-05-2025,13-05-2025,Standard,CUST-1289,Consumer,India,Kolkata,West Bengal,East,Office Supplies,Stationery,Notebook,5,0,492.36,109.66,0.222723211,2025-05,2025
ORD-10802,30-04-2024,03-05-2024,First Class,CUST-1498,Consumer,India,Chennai,Tamil Nadu,South,Furniture,Tables,Office Chair,1,0.1,70.83,3.34,0.04715516,2024-04,2024
ORD-10227,14-06-2024,16-06-2024,First Class,CUST-1251,Consumer,India,Mumbai,Maharashtra,West,Technology,Computers,Tablet,3,0.3,1148.37,-46.43,-0.04043122,2024-06,2024
ORD-12045,27-06-2025,28-06-2025,Second Class,CUST-1025,Consumer,India,Kolkata,West Bengal,East,Technology,Phones,Wireless Headset,3,0.3,849.23,10.23,0.012046207,2025-06,2025
ORD-11143,12-12-2024,15-12-2024,Standard,CUST-1281,Home Office,India,Mumbai,Maharashtra,West,Technology,Accessories,Wireless Headset,2,0,504.38,73.49,0.145703636,2024-12,2024
ORD-12368,03-04-2024,05-04-2024,First Class,CUST-1243,Corporate,India,Lucknow,Uttar Pradesh,North,Furniture,Chairs,Conference Table,2,0,545.01,57.87,0.106181538,2024-04,2024
ORD-10361,04-10-2024,06-10-2024,Same Day,CUST-1061,Consumer,India,Jaipur,Rajasthan,North,Technology,Computers,Business Laptop,1,0,261.44,64.56,0.246940024,2024-10,2024
ORD-11259,22-02-2023,25-02-2023,Standard,CUST-1308,Consumer,India,Bengaluru,Karnataka,South,Office Supplies,Paper,Sticky Notes,2,0,379.9,45.66,0.120189524,2023-02,2023
ORD-11719,29-07-2025,01-08-2025,Same Day,CUST-1292,Consumer,India,Chennai,Tamil Nadu,South,Office Supplies,Stationery,Printer Paper,1,0.15,140.91,14.91,0.105812221,2025-07,2025
ORD-10259,04-06-2023,07-06-2023,Standard,CUST-1586,Consumer,India,Jaipur,Rajasthan,North,Technology,Computers,Smartphone,2,0.1,524.08,82.95,0.158277362,2023-06,2023
ORD-11351,27-12-2023,30-12-2023,Standard,CUST-1327,Consumer,India,Hyderabad,Telangana,South,Technology,Printers,Wireless Headset,3,0,730.37,102.7,0.140613662,2023-12,2023
ORD-11269,02-02-2025,03-02-2025,Standard,CUST-1434,Corporate,India,Pune,Maharashtra,West,Office Supplies,Stationery,Ball Pen Set,2,0,120.07,9.74,0.081119347,2025-02,2025
ORD-11485,28-04-2024,01-05-2024,Standard,CUST-1559,Corporate,India,Kolkata,West Bengal,East,Technology,Computers,Laser Printer,1,0.05,155.97,19.13,0.122651792,2024-04,2024
ORD-12444,09-07-2024,11-07-2024,Standard,CUST-1579,Consumer,India,Jaipur,Rajasthan,North,Furniture,Chairs,Standing Desk,3,0.15,1317.25,-10.38,-0.007880053,2024-07,2024
ORD-10396,03-12-2023,07-12-2023,First Class,CUST-1381,Consumer,India,Ahmedabad,Gujarat,West,Office Supplies,Stationery,Printer Paper,2,0,155.82,35.83,0.229944808,2023-12,2023
ORD-11907,17-12-2023,21-12-2023,Standard,CUST-1327,Consumer,India,Jaipur,Rajasthan,North,Technology,Accessories,Wireless Headset,4,0.2,671.66,84.64,0.126016139,2023-12,2023
ORD-10697,11-01-2023,14-01-2023,Standard,CUST-1346,Corporate,India,Hyderabad,Telangana,South,Office Supplies,Writing,Desk Organizer,3,0.15,296.78,11.95,0.040265517,2023-01,2023
ORD-11729,02-07-2023,03-07-2023,Same Day,CUST-1448,Consumer,India,Lucknow,Uttar Pradesh,North,Furniture,Office Furniture,Office Chair,3,0.15,661.67,64.03,0.096770293,2023-07,2023
ORD-10036,10-05-2025,13-05-2025,Same Day,CUST-1412,Consumer,India,Bhopal,Madhya Pradesh,Central,Office Supplies,Stationery,Printer Paper,1,0,66.91,6.46,0.096547601,2025-05,2025
ORD-10333,06-07-2023,08-07-2023,First Class,CUST-1513,Corporate,India,Lucknow,Uttar Pradesh,North,Office Supplies,Binders,Envelope Pack,4,0,284.11,48.87,0.172010841,2023-07,2023
ORD-11590,30-12-2025,02-01-2026,Standard,CUST-1539,Consumer,India,Pune,Maharashtra,West,Technology,Printers,USB-C Hub,2,0.15,742.39,47.05,0.063376392,2025-12,2025
ORD-11225,14-10-2025,15-10-2025,Standard,CUST-1319,Consumer,India,Delhi,Delhi,North,Technology,Printers,Monitor,3,0,942.15,227.12,0.241065648,2025-10,2025
ORD-11415,01-05-2023,04-05-2023,First Class,CUST-1474,Home Office,India,Pune,Maharashtra,West,Technology,Accessories,Laser Printer,2,0,339.69,93.21,0.274397245,2023-05,2023
ORD-12445,09-01-2023,11-01-2023,Standard,CUST-1593,Home Office,India,Kolkata,West Bengal,East,Technology,Computers,USB-C Hub,5,0.3,1481.86,15.9,0.010729759,2023-01,2023
ORD-10844,09-07-2025,11-07-2025,Standard,CUST-1094,Consumer,India,Chennai,Tamil Nadu,South,Furniture,Tables,Conference Table,4,0,1753.87,246.35,0.14046081,2025-07,2025
ORD-11610,20-03-2023,21-03-2023,Standard,CUST-1005,Corporate,India,Chennai,Tamil Nadu,South,Technology,Phones,USB-C Hub,2,0,687.92,128.96,0.187463659,2023-03,2023
ORD-11879,31-10-2023,01-11-2023,Standard,CUST-1012,Corporate,India,Jaipur,Rajasthan,North,Technology,Printers,Wireless Headset,3,0.1,449.55,65.55,0.145812479,2023-10,2023
ORD-10418,31-01-2025,02-02-2025,Standard,CUST-1212,Corporate,India,Chennai,Tamil Nadu,South,Office Supplies,Paper,Envelope Pack,5,0.15,184.98,17.13,0.092604606,2025-01,2025
ORD-10886,07-07-2025,09-07-2025,Same Day,CUST-1084,Consumer,India,Delhi,Delhi,North,Office Supplies,Paper,Ball Pen Set,2,0.1,73.56,9.62,0.130777597,2025-07,2025
ORD-10007,22-04-2023,25-04-2023,Standard,CUST-1372,Corporate,India,Bengaluru,Karnataka,South,Furniture,Office Furniture,Bookshelf,3,0.2,376.95,-0.07,-0.000185701,2023-04,2023
ORD-11838,04-05-2023,06-05-2023,Standard,CUST-1068,Consumer,India,Lucknow,Uttar Pradesh,North,Office Supplies,Writing,Sticky Notes,4,0.05,356.38,49.41,0.138644144,2023-05,2023
ORD-10438,23-01-2023,25-01-2023,Standard,CUST-1554,Corporate,India,Jaipur,Rajasthan,North,Technology,Accessories,Wireless Headset,4,0,2630.41,386.88,0.147079733,2023-01,2023
ORD-10120,28-01-2023,30-01-2023,Standard,CUST-1422,Consumer,India,Kolkata,West Bengal,East,Office Supplies,Paper,Notebook,1,0.15,112.52,12.22,0.108602915,2023-01,2023
ORD-10442,22-06-2023,23-06-2023,Standard,CUST-1323,Consumer,India,Jaipur,Rajasthan,North,Office Supplies,Writing,Sticky Notes,5,0.15,938.35,25.94,0.027644269,2023-06,2023
ORD-12010,08-09-2023,09-09-2023,Second Class,CUST-1040,Corporate,India,Mumbai,Maharashtra,West,Office Supplies,Stationery,Desk Organizer,3,0.05,443.44,57.08,0.128720909,2023-09,2023
ORD-11521,14-12-2024,17-12-2024,First Class,CUST-1371,Corporate,India,Mumbai,Maharashtra,West,Furniture,Office Furniture,Conference Table,1,0.2,95.89,0.47,0.00490145,2024-12,2024
ORD-12105,16-11-2025,19-11-2025,Standard,CUST-1319,Consumer,India,Mumbai,Maharashtra,West,Furniture,Storage,Executive Chair,5,0.2,1550.56,-4.73,-0.003050511,2025-11,2025
ORD-11943,30-09-2023,02-10-2023,Standard,CUST-1113,Consumer,India,Delhi,Delhi,North,Office Supplies,Writing,Sticky Notes,3,0.3,123.66,1.25,0.010108362,2023-09,2023
ORD-11717,16-04-2025,17-04-2025,First Class,CUST-1512,Consumer,India,Nagpur,Maharashtra,Central,Technology,Accessories,Tablet,3,0,1020.86,157.64,0.154418823,2025-04,2025
ORD-10963,20-05-2024,23-05-2024,Standard,CUST-1246,Consumer,India,Chennai,Tamil Nadu,South,Office Supplies,Writing,Envelope Pack,1,0.15,162.98,13.99,0.085838753,2024-05,2024
ORD-11531,10-10-2025,11-10-2025,Standard,CUST-1121,Home Office,India,Ahmedabad,Gujarat,West,Furniture,Chairs,Standing Desk,1,0,425.45,64.3,0.151134093,2025-10,2025
ORD-11497,01-09-2024,02-09-2024,First Class,CUST-1141,Corporate,India,Jaipur,Rajasthan,North,Technology,Printers,Business Laptop,2,0.15,1008.63,27.65,0.027413422,2024-09,2024
ORD-10620,08-05-2025,10-05-2025,Standard,CUST-1030,Consumer,India,Ahmedabad,Gujarat,West,Office Supplies,Stationery,Printer Paper,4,0,149.4,23.56,0.157697456,2025-05,2025
ORD-10961,29-09-2023,02-10-2023,Standard,CUST-1268,Corporate,India,Delhi,Delhi,North,Furniture,Tables,Reception Desk,1,0.2,93.66,-0.31,-0.003309844,2023-09,2023
ORD-11156,10-12-2025,12-12-2025,Standard,CUST-1489,Corporate,India,Lucknow,Uttar Pradesh,North,Technology,Printers,Smartphone,3,0,581.46,94.63,0.162745503,2025-12,2025
ORD-10854,01-03-2024,05-03-2024,Standard,CUST-1078,Corporate,India,Jaipur,Rajasthan,North,Technology,Printers,Monitor,3,0.05,309.37,46.47,0.150208488,2024-03,2024
ORD-10028,30-09-2025,03-10-2025,First Class,CUST-1102,Corporate,India,Delhi,Delhi,North,Technology,Printers,USB-C Hub,4,0.15,970.83,96.11,0.098997765,2025-09,2025
ORD-10361,16-12-2025,18-12-2025,Standard,CUST-1268,Consumer,India,Chennai,Tamil Nadu,South,Office Supplies,Writing,Ball Pen Set,4,0,109.32,14.28,0.130625686,2025-12,2025
ORD-10875,02-01-2024,03-01-2024,Standard,CUST-1098,Consumer,India,Lucknow,Uttar Pradesh,North,Office Supplies,Paper,File Binder,4,0.2,216.04,-8.65,-0.040038882,2024-01,2024
ORD-11195,27-12-2023,29-12-2023,Second Class,CUST-1321,Corporate,India,Chennai,Tamil Nadu,South,Office Supplies,Binders,Envelope Pack,1,0,63.74,8.36,0.131157829,2023-12,2023
ORD-10984,11-10-2023,14-10-2023,Standard,CUST-1339,Home Office,India,Delhi,Delhi,North,Technology,Computers,Mechanical Keyboard,2,0.2,460.31,48.41,0.105168256,2023-10,2023
ORD-11947,22-04-2025,24-04-2025,Same Day,CUST-1238,Consumer,India,Kolkata,West Bengal,East,Furniture,Tables,Reception Desk,3,0,1109.9,165.51,0.149121542,2025-04,2025
ORD-11172,16-07-2025,17-07-2025,First Class,CUST-1465,Corporate,India,Lucknow,Uttar Pradesh,North,Furniture,Office Furniture,Executive Chair,2,0.2,380.43,-11.62,-0.030544384,2025-07,2025
ORD-10577,07-11-2023,10-11-2023,Second Class,CUST-1167,Home Office,India,Nagpur,Maharashtra,Central,Technology,Accessories,Laser Printer,1,0.2,279.67,2.71,0.009689992,2023-11,2023
ORD-10613,01-07-2023,04-07-2023,Second Class,CUST-1160,Consumer,India,Hyderabad,Telangana,South,Office Supplies,Paper,File Binder,4,0,434.77,83.28,0.191549555,2023-07,2023
ORD-11031,16-05-2024,18-05-2024,First Class,CUST-1320,Corporate,India,Lucknow,Uttar Pradesh,North,Technology,Printers,Tablet,2,0,274.95,61.85,0.224949991,2024-05,2024
ORD-10545,11-12-2025,13-12-2025,Standard,CUST-1189,Home Office,India,Chennai,Tamil Nadu,South,Technology,Accessories,USB-C Hub,1,0.2,259.5,23.72,0.091406551,2025-12,2025
ORD-12030,21-10-2023,23-10-2023,Standard,CUST-1428,Corporate,India,Jaipur,Rajasthan,North,Office Supplies,Writing,Ball Pen Set,3,0,179.4,35.87,0.199944259,2023-10,2023
ORD-11960,04-10-2025,05-10-2025,Standard,CUST-1081,Corporate,India,Jaipur,Rajasthan,North,Technology,Computers,Business Laptop,4,0.2,384.35,26.8,0.069728112,2025-10,2025
ORD-10514,30-11-2024,02-12-2024,Standard,CUST-1462,Consumer,India,Jaipur,Rajasthan,North,Furniture,Storage,Executive Chair,2,0,78.81,8.82,0.111914732,2024-11,2024
ORD-11779,28-09-2024,01-10-2024,Standard,CUST-1404,Home Office,India,Ahmedabad,Gujarat,West,Furniture,Storage,Standing Desk,4,0,1261.34,201.54,0.159782454,2024-09,2024
ORD-10734,27-11-2025,29-11-2025,Standard,CUST-1577,Corporate,India,Nagpur,Maharashtra,Central,Office Supplies,Stationery,File Binder,2,0,118.85,14.6,0.122843921,2025-11,2025
ORD-11237,06-01-2024,08-01-2024,Second Class,CUST-1596,Consumer,India,Lucknow,Uttar Pradesh,North,Furniture,Tables,Filing Cabinet,3,0.3,459.03,-37.56,-0.081824717,2024-01,2024
ORD-12139,23-04-2023,24-04-2023,Standard,CUST-1216,Consumer,India,Hyderabad,Telangana,South,Office Supplies,Paper,Notebook,2,0.05,72.57,6.19,0.085296955,2023-04,2023
ORD-11432,15-10-2024,19-10-2024,Standard,CUST-1179,Home Office,India,Ahmedabad,Gujarat,West,Furniture,Chairs,Filing Cabinet,2,0.3,636.35,-25.22,-0.039632278,2024-10,2024
ORD-12388,21-12-2025,23-12-2025,Second Class,CUST-1255,Consumer,India,Mumbai,Maharashtra,West,Office Supplies,Writing,Ball Pen Set,3,0.1,437.28,40.4,0.092389316,2025-12,2025
ORD-11608,07-02-2024,09-02-2024,Second Class,CUST-1085,Consumer,India,Chennai,Tamil Nadu,South,Furniture,Tables,Standing Desk,1,0.2,372.24,6.34,0.017032022,2024-02,2024
ORD-11771,05-05-2024,07-05-2024,Same Day,CUST-1496,Consumer,India,Chennai,Tamil Nadu,South,Technology,Computers,Laser Printer,4,0.2,1084.28,57.55,0.053076696,2024-05,2024
ORD-11615,20-03-2023,21-03-2023,Standard,CUST-1038,Home Office,India,Bhopal,Madhya Pradesh,Central,Technology,Phones,Wireless Headset,1,0.3,46.6,-3.44,-0.073819742,2023-03,2023
ORD-10491,20-01-2023,21-01-2023,Second Class,CUST-1202,Consumer,India,Pune,Maharashtra,West,Furniture,Tables,Reception Desk,1,0.05,151.84,5.1,0.033587987,2023-01,2023
ORD-12477,22-10-2023,24-10-2023,Standard,CUST-1128,Corporate,India,Kolkata,West Bengal,East,Technology,Accessories,USB-C Hub,3,0,697.14,132.88,0.190607339,2023-10,2023
ORD-10406,05-04-2023,07-04-2023,Second Class,CUST-1525,Corporate,India,Lucknow,Uttar Pradesh,North,Furniture,Chairs,Reception Desk,2,0.2,385.56,-1.68,-0.004357298,2023-04,2023
ORD-10581,04-06-2025,08-06-2025,First Class,CUST-1463,Home Office,India,Hyderabad,Telangana,South,Office Supplies,Writing,Printer Paper,4,0.1,270.57,26.03,0.096204309,2025-06,2025
ORD-10036,16-02-2025,20-02-2025,Standard,CUST-1518,Home Office,India,Nagpur,Maharashtra,Central,Furniture,Tables,Conference Table,3,0.1,383.55,23.85,0.062182245,2025-02,2025
ORD-10227,02-04-2025,05-04-2025,Standard,CUST-1441,Corporate,India,Nagpur,Maharashtra,Central,Technology,Phones,Mechanical Keyboard,2,0.1,184.26,31.92,0.173233474,2025-04,2025
ORD-12090,23-05-2025,24-05-2025,Same Day,CUST-1303,Home Office,India,Bhopal,Madhya Pradesh,Central,Office Supplies,Stationery,Envelope Pack,5,0.15,297.9,24.79,0.083215844,2025-05,2025
ORD-10921,19-05-2025,23-05-2025,Standard,CUST-1335,Consumer,India,Mumbai,Maharashtra,West,Technology,Printers,Business Laptop,1,0.1,383.81,40.65,0.105911779,2025-05,2025
ORD-10003,24-03-2023,27-03-2023,Standard,CUST-1394,Consumer,India,Lucknow,Uttar Pradesh,North,Furniture,Storage,Filing Cabinet,1,0.1,112.38,6,0.053390283,2023-03,2023
ORD-10261,19-04-2023,21-04-2023,Standard,CUST-1195,Consumer,India,Ahmedabad,Gujarat,West,Office Supplies,Stationery,Sticky Notes,1,0.1,54.52,3.46,0.063462949,2023-04,2023
ORD-11412,18-11-2023,20-11-2023,Standard,CUST-1072,Corporate,India,Hyderabad,Telangana,South,Office Supplies,Stationery,File Binder,2,0,103.89,22.34,0.215035133,2023-11,2023
ORD-10661,14-09-2025,16-09-2025,Standard,CUST-1454,Home Office,India,Bhopal,Madhya Pradesh,Central,Office Supplies,Stationery,Notebook,3,0.1,365.44,63.06,0.172559107,2025-09,2025
ORD-11937,10-11-2025,12-11-2025,Standard,CUST-1552,Consumer,India,Lucknow,Uttar Pradesh,North,Technology,Phones,USB-C Hub,5,0.05,1263.94,188.78,0.149358356,2025-11,2025
ORD-10603,06-06-2025,09-06-2025,Second Class,CUST-1442,Home Office,India,Lucknow,Uttar Pradesh,North,Office Supplies,Paper,Printer Paper,3,0.2,415.57,33.44,0.080467791,2025-06,2025
ORD-12462,28-02-2023,04-03-2023,First Class,CUST-1436,Consumer,India,Bengaluru,Karnataka,South,Technology,Computers,Tablet,2,0.1,617.16,56.09,0.09088405,2023-02,2023
ORD-11314,04-12-2024,09-12-2024,Standard,CUST-1029,Corporate,India,Nagpur,Maharashtra,Central,Technology,Computers,Tablet,5,0,2134.31,491.69,0.230374219,2024-12,2024
ORD-11347,01-05-2024,03-05-2024,First Class,CUST-1246,Consumer,India,Mumbai,Maharashtra,West,Furniture,Office Furniture,Filing Cabinet,2,0.1,832.6,58.73,0.070538074,2024-05,2024
ORD-12398,07-11-2025,11-11-2025,Standard,CUST-1245,Corporate,India,Lucknow,Uttar Pradesh,North,Technology,Printers,Business Laptop,3,0,1352.55,302.87,0.223925178,2025-11,2025
ORD-12205,22-08-2023,24-08-2023,Same Day,CUST-1214,Home Office,India,Ahmedabad,Gujarat,West,Furniture,Office Furniture,Office Chair,5,0,1147.94,181.95,0.158501315,2023-08,2023
ORD-11220,11-07-2025,16-07-2025,Standard,CUST-1132,Home Office,India,Delhi,Delhi,North,Furniture,Storage,Conference Table,3,0,171.36,24.03,0.140231092,2025-07,2025
ORD-12348,14-11-2025,18-11-2025,Standard,CUST-1461,Home Office,India,Jaipur,Rajasthan,North,Furniture,Tables,Executive Chair,2,0.1,122.44,2.83,0.023113362,2025-11,2025
ORD-12183,22-10-2025,24-10-2025,First Class,CUST-1435,Consumer,India,Bhopal,Madhya Pradesh,Central,Office Supplies,Writing,Ball Pen Set,1,0.1,92.13,9.95,0.107999566,2025-10,2025
ORD-10620,17-09-2024,19-09-2024,First Class,CUST-1448,Consumer,India,Nagpur,Maharashtra,Central,Office Supplies,Paper,Notebook,2,0,541.4,95.28,0.175988179,2024-09,2024
ORD-11384,20-04-2024,23-04-2024,Standard,CUST-1328,Corporate,India,Lucknow,Uttar Pradesh,North,Furniture,Chairs,Bookshelf,2,0,607.73,85.54,0.140753295,2024-04,2024
ORD-11257,04-01-2024,06-01-2024,Standard,CUST-1069,Consumer,India,Kolkata,West Bengal,East,Technology,Phones,Mechanical Keyboard,4,0.05,1243.29,200.69,0.161418494,2024-01,2024
ORD-10619,07-03-2024,09-03-2024,Standard,CUST-1192,Corporate,India,Delhi,Delhi,North,Furniture,Storage,Office Chair,2,0,434.69,30.66,0.070533024,2024-03,2024
ORD-10804,23-12-2023,25-12-2023,First Class,CUST-1378,Consumer,India,Bhopal,Madhya Pradesh,Central,Technology,Computers,Wireless Headset,1,0.3,50.87,-0.8,-0.015726361,2023-12,2023
ORD-10253,22-06-2024,25-06-2024,Standard,CUST-1046,Consumer,India,Bengaluru,Karnataka,South,Furniture,Office Furniture,Bookshelf,2,0,210.03,21.88,0.104175594,2024-06,2024
ORD-12462,28-02-2023,04-03-2023,Standard,CUST-1546,Consumer,India,Mumbai,Maharashtra,West,Furniture,Storage,Reception Desk,5,0.1,519.64,44.6,0.085828651,2023-02,2023
ORD-12145,02-02-2024,04-02-2024,First Class,CUST-1067,Home Office,India,Lucknow,Uttar Pradesh,North,Furniture,Office Furniture,Executive Chair,2,0,366.94,41.62,0.113424538,2024-02,2024
ORD-10989,07-01-2023,08-01-2023,Standard,CUST-1487,Consumer,India,Nagpur,Maharashtra,Central,Office Supplies,Stationery,Printer Paper,3,0.15,238.53,10.54,0.044187314,2023-01,2023
ORD-10120,03-12-2024,06-12-2024,First Class,CUST-1054,Consumer,India,Pune,Maharashtra,West,Technology,Printers,Business Laptop,2,0.3,659.09,6.12,0.00928553,2024-12,2024
ORD-12262,23-10-2025,24-10-2025,First Class,CUST-1371,Corporate,India,Bengaluru,Karnataka,South,Technology,Accessories,USB-C Hub,3,0.1,586.02,88.1,0.150336166,2025-10,2025
ORD-11630,19-09-2023,21-09-2023,Second Class,CUST-1059,Consumer,India,Mumbai,Maharashtra,West,Technology,Accessories,Laser Printer,1,0.05,163.21,31.55,0.193309234,2023-09,2023
ORD-10059,26-06-2024,30-06-2024,Standard,CUST-1273,Consumer,India,Ahmedabad,Gujarat,West,Furniture,Chairs,Conference Table,3,0.1,304.32,24.28,0.079784437,2024-06,2024
ORD-10424,08-12-2023,12-12-2023,Standard,CUST-1287,Consumer,India,Chennai,Tamil Nadu,South,Furniture,Office Furniture,Conference Table,3,0.2,863.23,38.3,0.044368245,2023-12,2023
ORD-11869,07-07-2024,10-07-2024,Standard,CUST-1164,Consumer,India,Kolkata,West Bengal,East,Furniture,Office Furniture,Standing Desk,3,0,778,117.96,0.151619537,2024-07,2024
ORD-12396,22-09-2024,24-09-2024,Standard,CUST-1283,Corporate,India,Delhi,Delhi,North,Technology,Printers,Laser Printer,5,0,2592.8,611.87,0.235988121,2024-09,2024
ORD-10265,20-08-2025,23-08-2025,Second Class,CUST-1571,Corporate,India,Kolkata,West Bengal,East,Technology,Accessories,Wireless Headset,4,0.2,902.11,89.08,0.098746273,2025-08,2025
ORD-12398,12-04-2023,13-04-2023,Same Day,CUST-1300,Consumer,India,Nagpur,Maharashtra,Central,Technology,Accessories,USB-C Hub,1,0.1,130.46,11.35,0.086999847,2023-04,2023
ORD-10815,23-07-2024,26-07-2024,Second Class,CUST-1232,Consumer,India,Bengaluru,Karnataka,South,Furniture,Chairs,Reception Desk,4,0.15,607.33,42.57,0.070093689,2024-07,2024
ORD-10346,07-03-2023,10-03-2023,Standard,CUST-1042,Consumer,India,Kolkata,West Bengal,East,Technology,Accessories,Mechanical Keyboard,2,0.2,552.51,29.26,0.052958317,2023-03,2023
ORD-12191,17-12-2025,19-12-2025,Standard,CUST-1514,Consumer,India,Jaipur,Rajasthan,North,Furniture,Tables,Office Chair,4,0.15,715.05,16,0.022376058,2025-12,2025
ORD-10525,18-09-2025,19-09-2025,First Class,CUST-1157,Corporate,India,Lucknow,Uttar Pradesh,North,Furniture,Chairs,Office Chair,2,0.15,295.93,-4.95,-0.016726929,2025-09,2025
ORD-10756,07-07-2025,09-07-2025,Second Class,CUST-1443,Corporate,India,Ahmedabad,Gujarat,West,Office Supplies,Binders,Printer Paper,3,0.15,427.12,39.59,0.092690579,2025-07,2025
ORD-11527,13-12-2024,16-12-2024,Standard,CUST-1218,Consumer,India,Nagpur,Maharashtra,Central,Technology,Printers,Wireless Headset,2,0.1,851.79,65.88,0.077343007,2024-12,2024
ORD-11518,23-09-2024,25-09-2024,Standard,CUST-1121,Consumer,India,Nagpur,Maharashtra,Central,Furniture,Office Furniture,Bookshelf,2,0,201.41,26.11,0.129636066,2024-09,2024
ORD-10513,08-09-2024,10-09-2024,Second Class,CUST-1578,Consumer,India,Mumbai,Maharashtra,West,Technology,Printers,Laser Printer,4,0.15,1844.07,225.98,0.122544155,2024-09,2024
ORD-11982,15-10-2024,17-10-2024,Same Day,CUST-1384,Home Office,India,Nagpur,Maharashtra,Central,Technology,Computers,Monitor,1,0.15,103.67,19.62,0.189254365,2024-10,2024
ORD-12326,16-10-2023,20-10-2023,Standard,CUST-1264,Corporate,India,Delhi,Delhi,North,Technology,Accessories,Business Laptop,5,0.15,858.67,105.57,0.122945951,2023-10,2023
ORD-10859,18-01-2025,23-01-2025,Second Class,CUST-1261,Consumer,India,Jaipur,Rajasthan,North,Technology,Phones,Wireless Headset,2,0.1,147.6,27.94,0.189295393,2025-01,2025
ORD-10150,30-12-2023,31-12-2023,Second Class,CUST-1439,Consumer,India,Bengaluru,Karnataka,South,Furniture,Tables,Bookshelf,2,0.15,3439.54,126.72,0.036842136,2023-12,2023
ORD-11492,17-05-2025,20-05-2025,Standard,CUST-1063,Corporate,India,Jaipur,Rajasthan,North,Furniture,Tables,Executive Chair,3,0.3,343.04,-49.9,-0.145464086,2025-05,2025
ORD-10441,27-12-2024,28-12-2024,Standard,CUST-1112,Consumer,India,Chennai,Tamil Nadu,South,Furniture,Storage,Filing Cabinet,4,0.3,921.81,-82.76,-0.08977989,2024-12,2024
ORD-11143,28-10-2025,01-11-2025,Standard,CUST-1371,Consumer,India,Bhopal,Madhya Pradesh,Central,Technology,Phones,Business Laptop,4,0.1,146,23.18,0.158767123,2025-10,2025
ORD-11222,25-06-2024,26-06-2024,First Class,CUST-1138,Home Office,India,Ahmedabad,Gujarat,West,Office Supplies,Stationery,Envelope Pack,4,0.05,303.99,35.74,0.117569657,2024-06,2024
ORD-11566,21-12-2024,24-12-2024,Standard,CUST-1458,Consumer,India,Jaipur,Rajasthan,North,Technology,Computers,Monitor,3,0.05,997.37,170.42,0.170869386,2024-12,2024
ORD-12036,10-07-2024,11-07-2024,Standard,CUST-1175,Corporate,India,Kolkata,West Bengal,East,Technology,Phones,Laser Printer,2,0.2,1028.43,38.85,0.037776028,2024-07,2024
ORD-11752,18-01-2024,22-01-2024,Second Class,CUST-1220,Consumer,India,Chennai,Tamil Nadu,South,Office Supplies,Paper,File Binder,2,0,106.22,19.67,0.185181698,2024-01,2024
ORD-12250,02-03-2023,05-03-2023,Same Day,CUST-1114,Corporate,India,Delhi,Delhi,North,Furniture,Storage,Office Chair,2,0,569.52,114.06,0.200273915,2023-03,2023
ORD-10819,16-04-2024,21-04-2024,Standard,CUST-1349,Consumer,India,Ahmedabad,Gujarat,West,Furniture,Tables,Standing Desk,3,0.15,649.49,20.83,0.032071317,2024-04,2024
ORD-11872,15-10-2024,18-10-2024,Standard,CUST-1442,Corporate,India,Jaipur,Rajasthan,North,Technology,Printers,Business Laptop,1,0,161.46,27.06,0.167595689,2024-10,2024
ORD-11631,10-12-2023,13-12-2023,Standard,CUST-1591,Home Office,India,Chennai,Tamil Nadu,South,Furniture,Office Furniture,Filing Cabinet,3,0.2,1069.89,-14.38,-0.013440634,2023-12,2023
ORD-11861,30-05-2023,31-05-2023,Standard,CUST-1115,Consumer,India,Jaipur,Rajasthan,North,Technology,Computers,Monitor,2,0,665.52,138.56,0.208198101,2023-05,2023
ORD-11228,12-05-2024,15-05-2024,Same Day,CUST-1300,Consumer,India,Chennai,Tamil Nadu,South,Office Supplies,Paper,Sticky Notes,4,0,276.46,59.75,0.216125298,2024-05,2024
ORD-11811,14-07-2023,16-07-2023,Standard,CUST-1019,Consumer,India,Bhopal,Madhya Pradesh,Central,Technology,Computers,Tablet,5,0.3,1690.21,-64.19,-0.037977529,2023-07,2023
ORD-11737,23-03-2024,26-03-2024,Standard,CUST-1367,Corporate,India,Nagpur,Maharashtra,Central,Technology,Computers,Monitor,4,0.15,864.08,119.16,0.137903898,2024-03,2024
ORD-10539,19-11-2024,24-11-2024,Standard,CUST-1570,Consumer,India,Bhopal,Madhya Pradesh,Central,Technology,Printers,Tablet,2,0.05,1336.05,294.61,0.220508215,2024-11,2024
ORD-10857,06-12-2025,07-12-2025,Standard,CUST-1134,Corporate,India,Bhopal,Madhya Pradesh,Central,Furniture,Chairs,Office Chair,5,0.1,1072.07,53.16,0.049586314,2025-12,2025
ORD-11104,24-02-2025,27-02-2025,Second Class,CUST-1039,Corporate,India,Nagpur,Maharashtra,Central,Furniture,Office Furniture,Standing Desk,2,0.2,529.31,19.92,0.037633901,2025-02,2025
ORD-10827,03-11-2023,06-11-2023,Same Day,CUST-1076,Corporate,India,Hyderabad,Telangana,South,Furniture,Chairs,Executive Chair,3,0.3,1142.8,-84.17,-0.073652433,2023-11,2023
ORD-10785,30-08-2024,02-09-2024,Standard,CUST-1358,Corporate,India,Lucknow,Uttar Pradesh,North,Furniture,Office Furniture,Reception Desk,2,0.15,442.14,18.74,0.042384765,2024-08,2024
ORD-12104,27-01-2023,31-01-2023,Standard,CUST-1569,Corporate,India,Ahmedabad,Gujarat,West,Technology,Computers,Monitor,5,0.15,742.3,46.49,0.062629665,2023-01,2023
ORD-12271,01-03-2024,03-03-2024,Same Day,CUST-1586,Corporate,India,Bengaluru,Karnataka,South,Technology,Phones,Tablet,2,0.05,296.97,42.23,0.142202916,2024-03,2024
ORD-11331,01-06-2025,05-06-2025,First Class,CUST-1081,Consumer,India,Bengaluru,Karnataka,South,Technology,Phones,USB-C Hub,2,0.05,545.66,82.91,0.151944434,2025-06,2025
ORD-11735,09-01-2024,12-01-2024,Standard,CUST-1001,Corporate,India,Hyderabad,Telangana,South,Technology,Printers,Laser Printer,1,0,212.92,48.3,0.226845764,2024-01,2024
ORD-10670,01-07-2023,02-07-2023,Standard,CUST-1144,Home Office,India,Jaipur,Rajasthan,North,Office Supplies,Paper,Sticky Notes,4,0,423.66,119.7,0.282537884,2023-07,2023
ORD-11155,22-11-2024,24-11-2024,First Class,CUST-1284,Consumer,India,Hyderabad,Telangana,South,Technology,Computers,Wireless Headset,2,0,372.39,84,0.225569967,2024-11,2024
ORD-12083,24-07-2025,27-07-2025,Standard,CUST-1186,Consumer,India,Bengaluru,Karnataka,South,Technology,Computers,Smartphone,5,0,3603.39,690.49,0.191622333,2025-07,2025
ORD-12296,21-09-2024,24-09-2024,Second Class,CUST-1169,Corporate,India,Hyderabad,Telangana,South,Furniture,Storage,Reception Desk,2,0.15,207.93,4.8,0.023084692,2024-09,2024
ORD-10829,23-10-2024,27-10-2024,Standard,CUST-1045,Home Office,India,Hyderabad,Telangana,South,Furniture,Chairs,Filing Cabinet,5,0,1366.78,164.98,0.120707063,2024-10,2024
ORD-11572,08-06-2024,09-06-2024,Standard,CUST-1149,Consumer,India,Nagpur,Maharashtra,Central,Technology,Printers,Monitor,3,0.15,619.73,64.24,0.103658045,2024-06,2024
ORD-10139,07-09-2025,10-09-2025,Same Day,CUST-1207,Home Office,India,Bengaluru,Karnataka,South,Office Supplies,Writing,File Binder,5,0.15,86.5,4.08,0.04716763,2025-09,2025
ORD-10338,10-08-2024,14-08-2024,Second Class,CUST-1567,Consumer,India,Nagpur,Maharashtra,Central,Furniture,Storage,Executive Chair,4,0.15,463.7,12.29,0.026504205,2024-08,2024
ORD-11913,18-04-2025,21-04-2025,Same Day,CUST-1393,Consumer,India,Nagpur,Maharashtra,Central,Furniture,Office Furniture,Executive Chair,4,0.2,554.43,3.21,0.00578973,2025-04,2025
ORD-12177,22-02-2024,25-02-2024,Standard,CUST-1442,Consumer,India,Ahmedabad,Gujarat,West,Office Supplies,Stationery,Sticky Notes,1,0.3,84.92,-2.56,-0.03014602,2024-02,2024
ORD-10231,03-01-2023,05-01-2023,Standard,CUST-1502,Consumer,India,Chennai,Tamil Nadu,South,Office Supplies,Writing,Desk Organizer,5,0,465.91,67.04,0.143890451,2023-01,2023
ORD-11988,22-05-2025,24-05-2025,Second Class,CUST-1539,Corporate,India,Ahmedabad,Gujarat,West,Technology,Computers,Wireless Headset,1,0.05,312.57,50.4,0.161243881,2025-05,2025
ORD-12452,12-07-2025,16-07-2025,Second Class,CUST-1491,Consumer,India,Chennai,Tamil Nadu,South,Office Supplies,Writing,Sticky Notes,3,0.1,179.38,21.69,0.12091649,2025-07,2025
ORD-12488,21-12-2024,25-12-2024,First Class,CUST-1334,Consumer,India,Jaipur,Rajasthan,North,Technology,Accessories,USB-C Hub,3,0.05,304.95,55.83,0.183079193,2024-12,2024
ORD-10203,28-02-2025,02-03-2025,Same Day,CUST-1451,Consumer,India,Nagpur,Maharashtra,Central,Furniture,Office Furniture,Filing Cabinet,3,0,243.3,28.93,0.1189067,2025-02,2025
ORD-10197,28-02-2024,01-03-2024,First Class,CUST-1216,Consumer,India,Hyderabad,Telangana,South,Furniture,Chairs,Reception Desk,2,0.2,139.56,-5.48,-0.039266265,2024-02,2024
ORD-12365,09-09-2025,14-09-2025,Second Class,CUST-1418,Consumer,India,Hyderabad,Telangana,South,Office Supplies,Binders,Printer Paper,3,0,204.26,37.05,0.181386468,2025-09,2025
ORD-10328,12-03-2024,15-03-2024,Second Class,CUST-1412,Home Office,India,Pune,Maharashtra,West,Technology,Printers,Smartphone,1,0,97.92,18.51,0.189031863,2024-03,2024
ORD-10828,02-04-2023,04-04-2023,Standard,CUST-1102,Consumer,India,Lucknow,Uttar Pradesh,North,Office Supplies,Binders,Notebook,5,0.05,257.55,40.75,0.158221705,2023-04,2023
ORD-10897,27-05-2024,29-05-2024,Standard,CUST-1192,Home Office,India,Bhopal,Madhya Pradesh,Central,Office Supplies,Paper,Sticky Notes,2,0.2,125.31,9.32,0.074375549,2024-05,2024
ORD-12328,20-03-2025,22-03-2025,Standard,CUST-1153,Corporate,India,Jaipur,Rajasthan,North,Technology,Printers,Laser Printer,1,0.1,424.23,40.71,0.095962096,2025-03,2025
ORD-10838,09-03-2024,13-03-2024,Standard,CUST-1130,Corporate,India,Kolkata,West Bengal,East,Technology,Accessories,Tablet,2,0.15,215.86,18.85,0.087325118,2024-03,2024
ORD-12262,16-08-2025,21-08-2025,Standard,CUST-1463,Consumer,India,Kolkata,West Bengal,East,Furniture,Storage,Filing Cabinet,2,0.05,381.37,28.51,0.074756798,2025-08,2025
ORD-10577,02-08-2024,04-08-2024,Second Class,CUST-1597,Consumer,India,Chennai,Tamil Nadu,South,Furniture,Chairs,Filing Cabinet,2,0.15,587.25,39.79,0.067756492,2024-08,2024
ORD-12169,24-04-2023,28-04-2023,Standard,CUST-1116,Corporate,India,Delhi,Delhi,North,Office Supplies,Writing,File Binder,5,0.05,1518.86,179.81,0.118384841,2023-04,2023
ORD-10138,26-04-2024,29-04-2024,Same Day,CUST-1052,Corporate,India,Hyderabad,Telangana,South,Furniture,Storage,Filing Cabinet,1,0.3,219.85,-9.8,-0.044575847,2024-04,2024
ORD-11489,06-12-2025,08-12-2025,Second Class,CUST-1388,Consumer,India,Mumbai,Maharashtra,West,Furniture,Office Furniture,Bookshelf,2,0.1,494.71,60.9,0.123102424,2025-12,2025
ORD-11437,18-05-2025,21-05-2025,Standard,CUST-1165,Corporate,India,Hyderabad,Telangana,South,Furniture,Tables,Filing Cabinet,1,0,158.66,21.21,0.133682087,2025-05,2025
ORD-10540,07-02-2025,11-02-2025,Standard,CUST-1455,Consumer,India,Nagpur,Maharashtra,Central,Furniture,Chairs,Executive Chair,3,0.1,329.07,37.76,0.114747622,2025-02,2025
ORD-10820,07-10-2024,10-10-2024,Second Class,CUST-1383,Consumer,India,Pune,Maharashtra,West,Technology,Accessories,Tablet,1,0.15,283.26,26.5,0.093553626,2024-10,2024
ORD-11032,05-06-2025,08-06-2025,Same Day,CUST-1570,Home Office,India,Chennai,Tamil Nadu,South,Technology,Printers,Laser Printer,1,0.1,103.15,11.24,0.108967523,2025-06,2025
ORD-10483,07-10-2025,12-10-2025,First Class,CUST-1586,Corporate,India,Ahmedabad,Gujarat,West,Furniture,Storage,Filing Cabinet,2,0.1,183.62,12.04,0.065570199,2025-10,2025
ORD-12172,24-12-2023,27-12-2023,Standard,CUST-1051,Consumer,India,Bhopal,Madhya Pradesh,Central,Furniture,Storage,Office Chair,3,0.05,679.41,70.03,0.103074727,2023-12,2023
ORD-12369,19-09-2023,20-09-2023,Second Class,CUST-1463,Consumer,India,Hyderabad,Telangana,South,Technology,Printers,Business Laptop,2,0.15,912.11,106.23,0.116466216,2023-09,2023
ORD-12416,24-12-2023,27-12-2023,First Class,CUST-1418,Consumer,India,Nagpur,Maharashtra,Central,Office Supplies,Paper,Printer Paper,2,0,508.95,73.38,0.144179192,2023-12,2023
ORD-12038,09-07-2024,11-07-2024,Second Class,CUST-1485,Corporate,India,Ahmedabad,Gujarat,West,Furniture,Tables,Reception Desk,3,0,453.91,88.2,0.194311648,2024-07,2024
ORD-10521,27-11-2023,28-11-2023,Standard,CUST-1257,Consumer,India,Bengaluru,Karnataka,South,Furniture,Storage,Reception Desk,4,0,323.86,55.24,0.170567529,2023-11,2023
ORD-10709,13-09-2024,14-09-2024,First Class,CUST-1119,Corporate,India,Bengaluru,Karnataka,South,Furniture,Tables,Executive Chair,2,0.1,516.03,40.6,0.078677596,2024-09,2024
ORD-12243,16-05-2023,20-05-2023,Standard,CUST-1420,Home Office,India,Jaipur,Rajasthan,North,Office Supplies,Writing,Printer Paper,2,0.15,228.38,19.08,0.083544969,2023-05,2023
ORD-12139,03-02-2023,06-02-2023,Standard,CUST-1037,Corporate,India,Hyderabad,Telangana,South,Office Supplies,Stationery,Printer Paper,3,0.15,365.66,38.23,0.104550675,2023-02,2023
ORD-10354,22-09-2024,24-09-2024,Second Class,CUST-1592,Corporate,India,Jaipur,Rajasthan,North,Furniture,Storage,Conference Table,4,0.2,388.88,-9.34,-0.024017692,2024-09,2024
ORD-11920,14-07-2023,15-07-2023,Second Class,CUST-1211,Corporate,India,Nagpur,Maharashtra,Central,Office Supplies,Binders,Envelope Pack,2,0.1,243.66,21.99,0.090248707,2023-07,2023
ORD-10583,03-04-2025,05-04-2025,Standard,CUST-1204,Home Office,India,Hyderabad,Telangana,South,Technology,Printers,Tablet,1,0.1,347.2,50.47,0.145362903,2025-04,2025
ORD-11675,22-06-2023,24-06-2023,Standard,CUST-1518,Home Office,India,Delhi,Delhi,North,Furniture,Office Furniture,Conference Table,2,0.15,360.53,14.31,0.039691565,2023-06,2023
ORD-12095,09-06-2024,11-06-2024,Second Class,CUST-1079,Corporate,India,Pune,Maharashtra,West,Office Supplies,Paper,Printer Paper,2,0.05,59.18,9.55,0.161372085,2024-06,2024
ORD-10184,25-03-2023,27-03-2023,Standard,CUST-1046,Corporate,India,Lucknow,Uttar Pradesh,North,Technology,Phones,Laser Printer,2,0.15,970.16,137.25,0.14147151,2023-03,2023
ORD-10175,13-03-2023,16-03-2023,Standard,CUST-1591,Consumer,India,Nagpur,Maharashtra,Central,Technology,Phones,Laser Printer,2,0,265.14,56.02,0.211284604,2023-03,2023
ORD-11297,04-07-2024,07-07-2024,Standard,CUST-1353,Consumer,India,Lucknow,Uttar Pradesh,North,Technology,Accessories,Business Laptop,2,0,835.83,190.85,0.228335906,2024-07,2024
ORD-12344,31-07-2025,03-08-2025,Same Day,CUST-1034,Consumer,India,Bengaluru,Karnataka,South,Technology,Computers,Tablet,5,0.15,2376.43,277.19,0.116641349,2025-07,2025
ORD-10173,13-09-2024,15-09-2024,Standard,CUST-1112,Consumer,India,Bengaluru,Karnataka,South,Technology,Phones,Smartphone,1,0.15,327.76,23.38,0.071332682,2024-09,2024
ORD-10081,07-10-2025,09-10-2025,Second Class,CUST-1580,Corporate,India,Mumbai,Maharashtra,West,Office Supplies,Stationery,Desk Organizer,5,0.1,332.05,39.66,0.119439843,2025-10,2025
ORD-10153,19-02-2023,24-02-2023,Standard,CUST-1184,Corporate,India,Bhopal,Madhya Pradesh,Central,Furniture,Tables,Filing Cabinet,1,0.2,176.65,-8.14,-0.046079819,2023-02,2023
ORD-10145,03-05-2025,05-05-2025,Standard,CUST-1587,Consumer,India,Jaipur,Rajasthan,North,Office Supplies,Binders,Printer Paper,3,0.3,249.54,-8.39,-0.033621864,2025-05,2025
ORD-10214,27-11-2025,29-11-2025,Second Class,CUST-1089,Consumer,India,Bengaluru,Karnataka,South,Technology,Printers,Business Laptop,2,0.2,198.58,14.03,0.070651627,2025-11,2025
ORD-10267,26-08-2024,30-08-2024,First Class,CUST-1574,Corporate,India,Bhopal,Madhya Pradesh,Central,Technology,Phones,Tablet,3,0.1,1498,142.58,0.09518024,2024-08,2024
ORD-11137,23-02-2025,24-02-2025,Standard,CUST-1537,Corporate,India,Bengaluru,Karnataka,South,Furniture,Tables,Standing Desk,4,0.1,1409.66,105.58,0.074897493,2025-02,2025
ORD-11033,14-05-2023,16-05-2023,First Class,CUST-1263,Corporate,India,Mumbai,Maharashtra,West,Office Supplies,Stationery,Desk Organizer,3,0.1,405.75,21.66,0.053382625,2023-05,2023
ORD-10196,28-09-2023,29-09-2023,Standard,CUST-1443,Corporate,India,Pune,Maharashtra,West,Furniture,Storage,Office Chair,3,0.05,479.56,30.09,0.062745016,2023-09,2023
ORD-10719,17-05-2025,19-05-2025,Standard,CUST-1528,Corporate,India,Kolkata,West Bengal,East,Technology,Computers,Business Laptop,4,0.15,1481.65,157.78,0.106489387,2025-05,2025
ORD-12211,22-02-2024,25-02-2024,First Class,CUST-1540,Home Office,India,Chennai,Tamil Nadu,South,Office Supplies,Paper,Envelope Pack,2,0.05,195.02,26.01,0.133370936,2024-02,2024
ORD-11083,10-10-2024,11-10-2024,First Class,CUST-1379,Consumer,India,Nagpur,Maharashtra,Central,Technology,Printers,USB-C Hub,2,0.15,521.59,48.27,0.092543952,2024-10,2024
ORD-10011,15-07-2025,17-07-2025,Same Day,CUST-1247,Consumer,India,Ahmedabad,Gujarat,West,Technology,Phones,Smartphone,3,0,334.94,51.69,0.154326148,2025-07,2025
ORD-11938,06-01-2025,09-01-2025,Standard,CUST-1484,Consumer,India,Pune,Maharashtra,West,Technology,Printers,Smartphone,2,0,274.43,51.6,0.18802609,2025-01,2025
ORD-11490,06-09-2023,08-09-2023,Standard,CUST-1493,Consumer,India,Bhopal,Madhya Pradesh,Central,Office Supplies,Writing,File Binder,4,0,505.51,83.09,0.164368657,2023-09,2023
ORD-12145,19-03-2025,22-03-2025,Standard,CUST-1092,Corporate,India,Delhi,Delhi,North,Technology,Computers,Mechanical Keyboard,1,0,1035.12,240.07,0.231924801,2025-03,2025
ORD-11314,09-10-2023,13-10-2023,Standard,CUST-1017,Corporate,India,Mumbai,Maharashtra,West,Technology,Printers,Business Laptop,1,0.15,326.2,31.13,0.09543225,2023-10,2023
ORD-11661,24-02-2025,27-02-2025,Standard,CUST-1123,Home Office,India,Jaipur,Rajasthan,North,Furniture,Office Furniture,Executive Chair,1,0.15,200.99,13.5,0.067167521,2025-02,2025
ORD-10117,09-06-2024,11-06-2024,Standard,CUST-1203,Consumer,India,Delhi,Delhi,North,Office Supplies,Stationery,Printer Paper,2,0.2,100.51,2.97,0.029549299,2024-06,2024
ORD-11727,10-08-2023,13-08-2023,Standard,CUST-1068,Consumer,India,Kolkata,West Bengal,East,Office Supplies,Writing,File Binder,3,0.2,471.44,37.39,0.079310199,2023-08,2023
ORD-10632,21-08-2025,22-08-2025,Standard,CUST-1197,Consumer,India,Bhopal,Madhya Pradesh,Central,Furniture,Tables,Reception Desk,2,0.1,222.61,15.69,0.070482009,2025-08,2025
ORD-10808,25-04-2025,28-04-2025,Standard,CUST-1241,Home Office,India,Ahmedabad,Gujarat,West,Furniture,Office Furniture,Conference Table,2,0.3,182.93,-6.29,-0.034384737,2025-04,2025
ORD-12478,19-12-2025,20-12-2025,Same Day,CUST-1554,Corporate,India,Ahmedabad,Gujarat,West,Technology,Accessories,Mechanical Keyboard,3,0,1026.04,266.88,0.260106818,2025-12,2025
ORD-10598,04-10-2023,06-10-2023,Standard,CUST-1076,Home Office,India,Bhopal,Madhya Pradesh,Central,Technology,Phones,Smartphone,4,0,794.85,146.13,0.183846009,2023-10,2023
ORD-11829,07-06-2024,09-06-2024,First Class,CUST-1246,Home Office,India,Bengaluru,Karnataka,South,Technology,Printers,Monitor,2,0,1826.48,254.87,0.139541632,2024-06,2024
ORD-12297,08-11-2023,12-11-2023,Standard,CUST-1432,Corporate,India,Hyderabad,Telangana,South,Furniture,Office Furniture,Standing Desk,5,0,1187.36,188.09,0.158410255,2023-11,2023
ORD-10721,22-06-2025,24-06-2025,Same Day,CUST-1283,Consumer,India,Chennai,Tamil Nadu,South,Furniture,Chairs,Standing Desk,3,0.15,675.84,18.78,0.027787642,2025-06,2025
ORD-11417,12-10-2025,15-10-2025,Standard,CUST-1123,Consumer,India,Hyderabad,Telangana,South,Office Supplies,Paper,Notebook,5,0.2,238.07,-2.15,-0.009030957,2025-10,2025
ORD-11136,11-10-2024,14-10-2024,Second Class,CUST-1578,Consumer,India,Bhopal,Madhya Pradesh,Central,Technology,Printers,Mechanical Keyboard,3,0.15,532.83,53.13,0.099712854,2024-10,2024
ORD-10031,21-12-2025,24-12-2025,Standard,CUST-1241,Corporate,India,Mumbai,Maharashtra,West,Technology,Phones,Wireless Headset,4,0.15,810.08,84.39,0.104174896,2025-12,2025
ORD-10510,29-01-2025,31-01-2025,Second Class,CUST-1586,Consumer,India,Pune,Maharashtra,West,Technology,Printers,Smartphone,2,0.05,353.63,66.11,0.186946809,2025-01,2025
ORD-12435,08-07-2024,11-07-2024,Standard,CUST-1098,Consumer,India,Bhopal,Madhya Pradesh,Central,Office Supplies,Binders,Sticky Notes,2,0.05,340.47,39.17,0.115046847,2024-07,2024
ORD-11609,06-03-2023,07-03-2023,First Class,CUST-1118,Home Office,India,Lucknow,Uttar Pradesh,North,Furniture,Storage,Conference Table,1,0.15,200.77,0.58,0.002888878,2023-03,2023
ORD-10680,20-02-2025,22-02-2025,Standard,CUST-1561,Corporate,India,Bengaluru,Karnataka,South,Technology,Printers,Laser Printer,3,0,638.62,144.37,0.226065579,2025-02,2025
ORD-12020,10-04-2023,13-04-2023,Standard,CUST-1221,Corporate,India,Jaipur,Rajasthan,North,Office Supplies,Paper,Ball Pen Set,3,0.15,153.93,9.08,0.058987852,2023-04,2023
ORD-11321,16-05-2023,18-05-2023,Standard,CUST-1568,Consumer,India,Nagpur,Maharashtra,Central,Technology,Accessories,Smartphone,2,0,1559.28,241.79,0.155065158,2023-05,2023
ORD-11371,14-07-2024,17-07-2024,Standard,CUST-1215,Consumer,India,Nagpur,Maharashtra,Central,Technology,Accessories,Business Laptop,2,0,521.89,92.09,0.176454808,2024-07,2024
ORD-12259,29-04-2025,04-05-2025,Second Class,CUST-1240,Home Office,India,Mumbai,Maharashtra,West,Technology,Phones,Tablet,3,0.2,710.52,119.56,0.168271125,2025-04,2025
ORD-10919,29-12-2023,30-12-2023,Standard,CUST-1329,Home Office,India,Delhi,Delhi,North,Office Supplies,Paper,Printer Paper,1,0.05,66.52,10.35,0.155592303,2023-12,2023
ORD-10840,23-11-2025,26-11-2025,Second Class,CUST-1188,Consumer,India,Kolkata,West Bengal,East,Office Supplies,Writing,Ball Pen Set,2,0,152.75,29.31,0.19188216,2025-11,2025
ORD-10705,04-12-2025,09-12-2025,Same Day,CUST-1378,Corporate,India,Delhi,Delhi,North,Technology,Phones,Tablet,4,0.05,838.79,134.76,0.160659998,2025-12,2025
ORD-10581,02-01-2024,04-01-2024,Standard,CUST-1068,Consumer,India,Mumbai,Maharashtra,West,Furniture,Office Furniture,Office Chair,3,0,177.04,9.78,0.055241753,2024-01,2024
ORD-12131,01-06-2025,03-06-2025,Standard,CUST-1265,Consumer,India,Kolkata,West Bengal,East,Furniture,Tables,Conference Table,1,0.2,53.31,2.27,0.042581129,2025-06,2025
ORD-11223,02-05-2025,05-05-2025,Standard,CUST-1061,Consumer,India,Ahmedabad,Gujarat,West,Technology,Accessories,Mechanical Keyboard,2,0,782.27,158.72,0.202896698,2025-05,2025
ORD-10258,04-05-2024,08-05-2024,Second Class,CUST-1003,Consumer,India,Delhi,Delhi,North,Technology,Printers,Wireless Headset,3,0.15,2581.56,304.82,0.118075892,2024-05,2024
ORD-11947,21-12-2024,23-12-2024,Second Class,CUST-1541,Corporate,India,Nagpur,Maharashtra,Central,Technology,Accessories,USB-C Hub,3,0.05,1568.5,193.17,0.123155881,2024-12,2024
ORD-11014,18-03-2023,21-03-2023,Standard,CUST-1063,Consumer,India,Hyderabad,Telangana,South,Office Supplies,Writing,Sticky Notes,2,0,214.35,37.91,0.176860275,2023-03,2023
ORD-10286,03-09-2025,07-09-2025,Standard,CUST-1319,Consumer,India,Mumbai,Maharashtra,West,Office Supplies,Binders,File Binder,3,0.2,364.84,24.9,0.068249095,2025-09,2025
ORD-10021,25-08-2025,29-08-2025,First Class,CUST-1032,Home Office,India,Mumbai,Maharashtra,West,Office Supplies,Paper,File Binder,3,0.15,345.21,3.42,0.009907013,2025-08,2025
ORD-10851,03-11-2023,06-11-2023,Standard,CUST-1163,Consumer,India,Hyderabad,Telangana,South,Technology,Computers,Business Laptop,5,0.2,1790.09,84.16,0.047014396,2023-11,2023
ORD-10676,12-11-2025,16-11-2025,Standard,CUST-1047,Consumer,India,Lucknow,Uttar Pradesh,North,Office Supplies,Writing,Notebook,3,0,144.27,28.09,0.194704374,2025-11,2025
ORD-10099,14-01-2024,15-01-2024,Second Class,CUST-1459,Consumer,India,Lucknow,Uttar Pradesh,North,Office Supplies,Binders,File Binder,1,0.1,134.91,15.04,0.111481729,2024-01,2024
ORD-12330,08-01-2025,09-01-2025,Same Day,CUST-1056,Consumer,India,Pune,Maharashtra,West,Technology,Printers,Smartphone,1,0.05,328.48,56.63,0.172400146,2025-01,2025
ORD-12164,05-04-2024,07-04-2024,Standard,CUST-1193,Consumer,India,Chennai,Tamil Nadu,South,Technology,Computers,Smartphone,5,0.3,770.4,-44.68,-0.057995846,2024-04,2024
ORD-12290,17-02-2025,19-02-2025,Standard,CUST-1575,Corporate,India,Hyderabad,Telangana,South,Technology,Accessories,Tablet,2,0.15,233.36,17.85,0.076491258,2025-02,2025
ORD-12009,30-09-2024,02-10-2024,Second Class,CUST-1074,Consumer,India,Ahmedabad,Gujarat,West,Technology,Computers,Mechanical Keyboard,3,0.3,1006.31,12.3,0.012222874,2024-09,2024
ORD-10024,16-06-2025,17-06-2025,Standard,CUST-1569,Home Office,India,Bhopal,Madhya Pradesh,Central,Furniture,Office Furniture,Executive Chair,4,0,461.21,73.69,0.159775373,2025-06,2025
ORD-10556,17-09-2023,18-09-2023,Standard,CUST-1218,Corporate,India,Jaipur,Rajasthan,North,Technology,Accessories,Laser Printer,5,0.1,1293.29,160.41,0.124032506,2023-09,2023
ORD-10890,22-12-2025,25-12-2025,Same Day,CUST-1107,Corporate,India,Jaipur,Rajasthan,North,Furniture,Storage,Executive Chair,1,0,242.07,9.07,0.037468501,2025-12,2025
ORD-11722,14-03-2024,18-03-2024,Standard,CUST-1092,Consumer,India,Ahmedabad,Gujarat,West,Furniture,Chairs,Standing Desk,2,0.15,420.03,29,0.069042687,2024-03,2024
ORD-12465,28-04-2025,01-05-2025,Standard,CUST-1586,Consumer,India,Delhi,Delhi,North,Furniture,Office Furniture,Standing Desk,1,0.2,211.32,-6.38,-0.030191179,2025-04,2025
ORD-11706,23-01-2025,26-01-2025,Standard,CUST-1558,Consumer,India,Jaipur,Rajasthan,North,Office Supplies,Stationery,Envelope Pack,3,0.1,632.3,103.67,0.163956982,2025-01,2025
ORD-11888,18-04-2023,19-04-2023,Second Class,CUST-1070,Consumer,India,Ahmedabad,Gujarat,West,Furniture,Office Furniture,Standing Desk,2,0.2,122.95,2.7,0.021960146,2023-04,2023
ORD-11699,18-04-2023,21-04-2023,Second Class,CUST-1144,Consumer,India,Hyderabad,Telangana,South,Technology,Computers,Laser Printer,3,0.2,1434.19,45.58,0.031781005,2023-04,2023
ORD-10200,15-07-2024,18-07-2024,Same Day,CUST-1443,Home Office,India,Bengaluru,Karnataka,South,Furniture,Tables,Filing Cabinet,2,0.2,151.02,-2.97,-0.019666269,2024-07,2024
ORD-12109,12-01-2025,13-01-2025,Second Class,CUST-1257,Consumer,India,Pune,Maharashtra,West,Furniture,Tables,Reception Desk,2,0.1,436.01,27.01,0.06194812,2025-01,2025
ORD-10492,26-04-2024,29-04-2024,Standard,CUST-1587,Corporate,India,Chennai,Tamil Nadu,South,Office Supplies,Paper,Sticky Notes,2,0.15,322.81,34.57,0.107090858,2024-04,2024
ORD-10329,05-05-2024,06-05-2024,First Class,CUST-1512,Corporate,India,Delhi,Delhi,North,Office Supplies,Binders,Ball Pen Set,2,0.2,108.67,8.06,0.074169504,2024-05,2024
ORD-10252,29-08-2025,01-09-2025,Standard,CUST-1325,Corporate,India,Nagpur,Maharashtra,Central,Technology,Accessories,Business Laptop,5,0.15,4028.8,431.98,0.107222994,2025-08,2025
ORD-11813,14-12-2025,17-12-2025,Standard,CUST-1116,Consumer,India,Ahmedabad,Gujarat,West,Technology,Phones,Tablet,5,0.2,973.56,53.75,0.055209746,2025-12,2025
ORD-12176,29-08-2024,02-09-2024,Standard,CUST-1260,Consumer,India,Bhopal,Madhya Pradesh,Central,Technology,Accessories,Monitor,1,0,263.61,57.09,0.216569933,2024-08,2024
ORD-12325,17-09-2024,20-09-2024,First Class,CUST-1015,Consumer,India,Hyderabad,Telangana,South,Technology,Accessories,Tablet,3,0.1,1105.73,54.32,0.049125917,2024-09,2024
ORD-10851,04-10-2023,06-10-2023,Standard,CUST-1031,Corporate,India,Nagpur,Maharashtra,Central,Technology,Printers,Mechanical Keyboard,2,0,692.88,144.45,0.208477658,2023-10,2023
ORD-10408,27-08-2024,30-08-2024,Standard,CUST-1126,Corporate,India,Delhi,Delhi,North,Office Supplies,Paper,Printer Paper,2,0.15,192.81,15.25,0.079093408,2024-08,2024
ORD-11420,10-12-2023,15-12-2023,Standard,CUST-1112,Corporate,India,Mumbai,Maharashtra,West,Technology,Printers,Monitor,1,0.3,329.87,-6.62,-0.020068512,2023-12,2023
ORD-10726,20-08-2023,22-08-2023,Standard,CUST-1098,Home Office,India,Nagpur,Maharashtra,Central,Technology,Computers,Tablet,4,0.2,2184.08,154.45,0.070716274,2023-08,2023
ORD-12132,19-07-2023,22-07-2023,Standard,CUST-1436,Home Office,India,Chennai,Tamil Nadu,South,Technology,Printers,Wireless Headset,2,0,717.63,128.41,0.178936221,2023-07,2023
ORD-10898,22-10-2025,23-10-2025,Second Class,CUST-1456,Consumer,India,Hyderabad,Telangana,South,Technology,Phones,Business Laptop,2,0.15,540.82,52.89,0.097795939,2025-10,2025
ORD-11184,02-02-2024,06-02-2024,Second Class,CUST-1128,Corporate,India,Lucknow,Uttar Pradesh,North,Furniture,Storage,Filing Cabinet,5,0.2,532.23,-8.16,-0.015331717,2024-02,2024
ORD-11690,25-06-2023,26-06-2023,First Class,CUST-1083,Consumer,India,Bhopal,Madhya Pradesh,Central,Furniture,Office Furniture,Office Chair,1,0.15,47.85,1.54,0.032183908,2023-06,2023
ORD-10274,06-12-2025,08-12-2025,Same Day,CUST-1207,Consumer,India,Bengaluru,Karnataka,South,Technology,Printers,Wireless Headset,2,0.05,981.26,170.19,0.173440271,2025-12,2025
ORD-10569,03-10-2025,04-10-2025,Second Class,CUST-1329,Consumer,India,Delhi,Delhi,North,Furniture,Storage,Reception Desk,1,0,97.38,15.95,0.163791333,2025-10,2025
ORD-11443,27-05-2023,30-05-2023,Second Class,CUST-1226,Consumer,India,Lucknow,Uttar Pradesh,North,Office Supplies,Writing,Printer Paper,4,0.2,133.06,7.05,0.052983616,2023-05,2023
ORD-10120,08-01-2024,10-01-2024,Standard,CUST-1317,Home Office,India,Bhopal,Madhya Pradesh,Central,Furniture,Chairs,Bookshelf,3,0.15,353.55,2.8,0.007919672,2024-01,2024
ORD-11265,13-11-2023,16-11-2023,Standard,CUST-1361,Corporate,India,Kolkata,West Bengal,East,Technology,Printers,Monitor,2,0.15,907.44,91.16,0.100458433,2023-11,2023
ORD-12135,07-07-2023,08-07-2023,First Class,CUST-1247,Consumer,India,Kolkata,West Bengal,East,Technology,Computers,Smartphone,4,0.1,1730.49,186.88,0.107992534,2023-07,2023
ORD-11728,09-03-2024,12-03-2024,Standard,CUST-1551,Consumer,India,Jaipur,Rajasthan,North,Technology,Accessories,Smartphone,2,0,264.37,56,0.211824337,2024-03,2024
ORD-12385,22-12-2024,24-12-2024,Second Class,CUST-1195,Corporate,India,Chennai,Tamil Nadu,South,Office Supplies,Paper,Desk Organizer,1,0.1,49.51,3.86,0.077964048,2024-12,2024
ORD-12035,28-02-2025,01-03-2025,First Class,CUST-1360,Consumer,India,Pune,Maharashtra,West,Office Supplies,Writing,Printer Paper,2,0.2,69.35,5.41,0.078010094,2025-02,2025
ORD-10373,29-05-2025,31-05-2025,Same Day,CUST-1402,Consumer,India,Kolkata,West Bengal,East,Furniture,Tables,Conference Table,1,0.2,354.04,16.24,0.045870523,2025-05,2025
ORD-11089,15-09-2024,17-09-2024,Standard,CUST-1520,Home Office,India,Bhopal,Madhya Pradesh,Central,Office Supplies,Writing,Notebook,1,0,54.17,9.75,0.179988924,2024-09,2024
ORD-11093,27-04-2024,29-04-2024,Standard,CUST-1250,Corporate,India,Pune,Maharashtra,West,Technology,Accessories,Monitor,2,0.1,362.33,32.36,0.089310849,2024-04,2024
ORD-11533,06-12-2023,10-12-2023,First Class,CUST-1030,Consumer,India,Delhi,Delhi,North,Office Supplies,Stationery,Ball Pen Set,2,0,148.01,19.18,0.129585839,2023-12,2023
ORD-10614,10-05-2023,13-05-2023,Standard,CUST-1227,Consumer,India,Delhi,Delhi,North,Technology,Phones,USB-C Hub,2,0.1,304.92,24.86,0.081529582,2023-05,2023
ORD-11510,28-08-2023,30-08-2023,Second Class,CUST-1523,Consumer,India,Ahmedabad,Gujarat,West,Technology,Computers,Smartphone,1,0,565.9,105.96,0.187241562,2023-08,2023
ORD-10034,29-11-2024,01-12-2024,Second Class,CUST-1143,Consumer,India,Chennai,Tamil Nadu,South,Technology,Printers,Wireless Headset,2,0.1,517.2,62.8,0.121423047,2024-11,2024
ORD-12034,22-02-2023,23-02-2023,Standard,CUST-1550,Consumer,India,Bengaluru,Karnataka,South,Office Supplies,Writing,Sticky Notes,2,0.15,117.3,10.09,0.086018755,2023-02,2023
ORD-10585,27-05-2025,29-05-2025,Second Class,CUST-1181,Consumer,India,Mumbai,Maharashtra,West,Technology,Accessories,Smartphone,4,0.05,562.42,122.11,0.217115323,2025-05,2025
ORD-11493,31-08-2023,03-09-2023,Standard,CUST-1449,Corporate,India,Hyderabad,Telangana,South,Furniture,Chairs,Reception Desk,1,0.05,192.55,18.94,0.098364061,2023-08,2023
ORD-12292,22-09-2023,25-09-2023,Standard,CUST-1457,Consumer,India,Kolkata,West Bengal,East,Furniture,Tables,Reception Desk,3,0,303.03,41.9,0.138270138,2023-09,2023
ORD-12142,06-09-2023,09-09-2023,Standard,CUST-1150,Corporate,India,Bengaluru,Karnataka,South,Technology,Computers,USB-C Hub,2,0.3,690.29,16.12,0.023352504,2023-09,2023
ORD-11647,17-01-2024,19-01-2024,Standard,CUST-1593,Corporate,India,Ahmedabad,Gujarat,West,Furniture,Tables,Standing Desk,4,0,1361.71,182.5,0.134022663,2024-01,2024
ORD-11513,20-05-2025,23-05-2025,Second Class,CUST-1149,Consumer,India,Hyderabad,Telangana,South,Office Supplies,Paper,Ball Pen Set,3,0.1,211.54,10.5,0.049636003,2025-05,2025
ORD-11138,29-10-2024,01-11-2024,Standard,CUST-1184,Home Office,India,Chennai,Tamil Nadu,South,Furniture,Storage,Filing Cabinet,2,0,313.66,32.88,0.104826883,2024-10,2024
ORD-10082,20-04-2023,22-04-2023,First Class,CUST-1008,Home Office,India,Hyderabad,Telangana,South,Technology,Computers,Smartphone,2,0,209.27,47.03,0.224733598,2023-04,2023
ORD-10741,16-02-2023,19-02-2023,Standard,CUST-1553,Consumer,India,Lucknow,Uttar Pradesh,North,Technology,Accessories,Smartphone,1,0.3,344.09,11.16,0.032433375,2023-02,2023
ORD-10771,25-04-2025,27-04-2025,Standard,CUST-1518,Home Office,India,Nagpur,Maharashtra,Central,Office Supplies,Binders,Desk Organizer,2,0.3,245.33,-14.09,-0.057432846,2025-04,2025
ORD-10090,19-01-2024,21-01-2024,Standard,CUST-1207,Consumer,India,Lucknow,Uttar Pradesh,North,Technology,Accessories,Laser Printer,2,0.15,187.56,8.44,0.044998934,2024-01,2024
ORD-10103,30-04-2023,01-05-2023,Standard,CUST-1131,Corporate,India,Mumbai,Maharashtra,West,Office Supplies,Stationery,Ball Pen Set,5,0.3,604.04,0.84,0.001390636,2023-04,2023
ORD-10884,06-07-2024,10-07-2024,Standard,CUST-1106,Consumer,India,Hyderabad,Telangana,South,Technology,Accessories,Tablet,2,0,891.97,205.96,0.230904627,2024-07,2024
ORD-10788,19-10-2024,23-10-2024,Standard,CUST-1142,Corporate,India,Bhopal,Madhya Pradesh,Central,Furniture,Tables,Executive Chair,3,0,1702.46,211.42,0.124185003,2024-10,2024
ORD-11107,22-12-2023,26-12-2023,Standard,CUST-1413,Home Office,India,Chennai,Tamil Nadu,South,Furniture,Storage,Bookshelf,1,0,343.93,48.54,0.14113337,2023-12,2023
ORD-11862,02-07-2024,05-07-2024,Standard,CUST-1250,Home Office,India,Nagpur,Maharashtra,Central,Technology,Printers,USB-C Hub,2,0.1,614.07,100.25,0.163255004,2024-07,2024
ORD-11601,16-02-2023,20-02-2023,Second Class,CUST-1196,Home Office,India,Bengaluru,Karnataka,South,Office Supplies,Binders,Sticky Notes,3,0.3,201.16,-6.32,-0.031417777,2023-02,2023
ORD-12214,01-09-2024,03-09-2024,Standard,CUST-1012,Consumer,India,Mumbai,Maharashtra,West,Office Supplies,Writing,Ball Pen Set,2,0.1,70.78,8.05,0.113732693,2024-09,2024
ORD-10583,22-02-2023,23-02-2023,First Class,CUST-1111,Consumer,India,Bhopal,Madhya Pradesh,Central,Office Supplies,Writing,Notebook,3,0.05,178.79,20.41,0.114156273,2023-02,2023
ORD-11423,17-10-2024,20-10-2024,Second Class,CUST-1342,Corporate,India,Pune,Maharashtra,West,Furniture,Storage,Filing Cabinet,2,0,425.06,99.77,0.234719804,2024-10,2024
ORD-10790,21-07-2023,23-07-2023,First Class,CUST-1497,Consumer,India,Ahmedabad,Gujarat,West,Furniture,Tables,Bookshelf,2,0.1,531.26,15.11,0.028441818,2023-07,2023
ORD-11513,15-04-2023,19-04-2023,Same Day,CUST-1188,Corporate,India,Hyderabad,Telangana,South,Technology,Accessories,Business Laptop,5,0.05,584.71,88.17,0.150792701,2023-04,2023
ORD-12292,21-07-2025,23-07-2025,Same Day,CUST-1028,Consumer,India,Delhi,Delhi,North,Office Supplies,Paper,Notebook,1,0.15,84.49,6.21,0.073499822,2025-07,2025
ORD-12160,26-07-2025,27-07-2025,Standard,CUST-1512,Consumer,India,Kolkata,West Bengal,East,Office Supplies,Writing,File Binder,1,0.15,36.38,0.77,0.021165476,2025-07,2025
ORD-12364,10-10-2023,13-10-2023,Standard,CUST-1555,Consumer,India,Bhopal,Madhya Pradesh,Central,Office Supplies,Stationery,Envelope Pack,2,0.1,173.05,18.69,0.108003467,2023-10,2023
ORD-11848,27-03-2023,31-03-2023,Standard,CUST-1561,Corporate,India,Jaipur,Rajasthan,North,Furniture,Chairs,Office Chair,2,0,673.74,90.44,0.134235759,2023-03,2023
ORD-12474,03-10-2025,04-10-2025,Standard,CUST-1239,Consumer,India,Nagpur,Maharashtra,Central,Technology,Phones,Smartphone,1,0.15,314.56,21.49,0.06831765,2025-10,2025
ORD-12397,08-09-2024,13-09-2024,First Class,CUST-1525,Consumer,India,Hyderabad,Telangana,South,Office Supplies,Stationery,Notebook,4,0.15,184.44,11.41,0.061862936,2024-09,2024
ORD-10775,17-12-2025,19-12-2025,Same Day,CUST-1302,Corporate,India,Nagpur,Maharashtra,Central,Furniture,Tables,Reception Desk,4,0.05,408.2,70.35,0.172341989,2025-12,2025
ORD-11067,23-09-2025,25-09-2025,Standard,CUST-1499,Home Office,India,Pune,Maharashtra,West,Furniture,Office Furniture,Bookshelf,2,0.1,561.58,42.65,0.075946437,2025-09,2025
ORD-11613,29-05-2023,01-06-2023,First Class,CUST-1425,Corporate,India,Bhopal,Madhya Pradesh,Central,Office Supplies,Binders,File Binder,2,0.15,102.63,8.02,0.078144792,2023-05,2023
ORD-12038,27-09-2024,30-09-2024,First Class,CUST-1292,Consumer,India,Hyderabad,Telangana,South,Office Supplies,Paper,Sticky Notes,2,0,216.32,30.55,0.141225962,2024-09,2024
ORD-11311,07-02-2023,11-02-2023,Standard,CUST-1082,Corporate,India,Chennai,Tamil Nadu,South,Office Supplies,Binders,Printer Paper,2,0.05,96.4,11.7,0.121369295,2023-02,2023
ORD-10164,20-03-2023,21-03-2023,Standard,CUST-1524,Corporate,India,Lucknow,Uttar Pradesh,North,Furniture,Storage,Bookshelf,2,0.1,159.2,2.15,0.013505025,2023-03,2023
ORD-11638,03-03-2024,06-03-2024,Standard,CUST-1505,Consumer,India,Bengaluru,Karnataka,South,Office Supplies,Writing,Sticky Notes,2,0,121.81,20.29,0.166570889,2024-03,2024
ORD-10138,23-01-2024,25-01-2024,Same Day,CUST-1192,Corporate,India,Bengaluru,Karnataka,South,Technology,Printers,Laser Printer,1,0.2,719,35.8,0.049791377,2024-01,2024
ORD-12222,09-08-2023,11-08-2023,Standard,CUST-1499,Consumer,India,Delhi,Delhi,North,Technology,Computers,Tablet,3,0,315.52,69.51,0.220302992,2023-08,2023
ORD-11689,03-05-2024,05-05-2024,Second Class,CUST-1270,Corporate,India,Ahmedabad,Gujarat,West,Technology,Computers,Business Laptop,1,0.3,81.59,1.47,0.018016914,2024-05,2024
ORD-10070,14-03-2024,17-03-2024,Standard,CUST-1115,Home Office,India,Delhi,Delhi,North,Technology,Printers,Tablet,3,0.3,1083.76,-1.98,-0.001826973,2024-03,2024
ORD-11346,29-04-2025,02-05-2025,Standard,CUST-1019,Home Office,India,Ahmedabad,Gujarat,West,Technology,Printers,Wireless Headset,4,0.05,1164.56,155.14,0.133217696,2025-04,2025
ORD-10030,13-10-2024,16-10-2024,Standard,CUST-1081,Corporate,India,Nagpur,Maharashtra,Central,Office Supplies,Writing,Notebook,3,0,187.01,27.62,0.147692637,2024-10,2024
ORD-10050,15-01-2025,18-01-2025,Standard,CUST-1239,Consumer,India,Lucknow,Uttar Pradesh,North,Technology,Accessories,Monitor,1,0.2,143.7,13.68,0.09519833,2025-01,2025
ORD-12155,17-08-2025,19-08-2025,Standard,CUST-1366,Corporate,India,Chennai,Tamil Nadu,South,Technology,Computers,Monitor,4,0,1889.27,302.11,0.159908324,2025-08,2025
ORD-12358,19-11-2024,24-11-2024,Standard,CUST-1206,Consumer,India,Kolkata,West Bengal,East,Furniture,Office Furniture,Filing Cabinet,1,0,185.07,24.33,0.13146377,2024-11,2024
ORD-12088,13-04-2023,16-04-2023,Standard,CUST-1102,Consumer,India,Nagpur,Maharashtra,Central,Office Supplies,Stationery,Notebook,2,0.1,315.45,28.85,0.091456649,2023-04,2023
ORD-10683,10-03-2024,12-03-2024,Standard,CUST-1112,Consumer,India,Jaipur,Rajasthan,North,Technology,Accessories,Laser Printer,5,0.2,1541.44,149.84,0.097207806,2024-03,2024
ORD-10015,25-01-2024,29-01-2024,Standard,CUST-1020,Consumer,India,Ahmedabad,Gujarat,West,Furniture,Office Furniture,Filing Cabinet,5,0.15,1631.56,73.18,0.044852779,2024-01,2024
ORD-11488,24-04-2024,28-04-2024,Standard,CUST-1522,Corporate,India,Jaipur,Rajasthan,North,Furniture,Office Furniture,Filing Cabinet,1,0.05,162.16,13.26,0.08177109,2024-04,2024
ORD-10783,09-12-2025,12-12-2025,Same Day,CUST-1192,Home Office,India,Bhopal,Madhya Pradesh,Central,Furniture,Tables,Reception Desk,2,0,617.2,36.75,0.059543098,2025-12,2025
ORD-11119,27-06-2023,30-06-2023,Standard,CUST-1547,Consumer,India,Bengaluru,Karnataka,South,Technology,Accessories,Tablet,4,0.1,909.44,100.32,0.110309641,2023-06,2023
ORD-12116,27-09-2025,01-10-2025,Second Class,CUST-1363,Corporate,India,Bengaluru,Karnataka,South,Office Supplies,Writing,Printer Paper,4,0,326.53,62.08,0.190120356,2025-09,2025
ORD-12397,04-11-2023,06-11-2023,Standard,CUST-1578,Corporate,India,Bhopal,Madhya Pradesh,Central,Office Supplies,Stationery,Printer Paper,2,0.05,462.58,54.23,0.117233776,2023-11,2023
ORD-11156,25-04-2023,27-04-2023,Same Day,CUST-1527,Consumer,India,Lucknow,Uttar Pradesh,North,Furniture,Tables,Office Chair,4,0.1,597.97,57.5,0.09615867,2023-04,2023
ORD-11117,25-01-2024,28-01-2024,Standard,CUST-1213,Corporate,India,Pune,Maharashtra,West,Technology,Printers,Mechanical Keyboard,5,0.15,1513.35,59.48,0.039303532,2024-01,2024
ORD-10663,23-07-2024,27-07-2024,Second Class,CUST-1046,Corporate,India,Jaipur,Rajasthan,North,Technology,Accessories,Tablet,3,0.15,644.96,88.66,0.137465889,2024-07,2024
ORD-10163,20-10-2025,23-10-2025,Standard,CUST-1340,Home Office,India,Ahmedabad,Gujarat,West,Furniture,Chairs,Reception Desk,2,0.15,213.72,-6.18,-0.028916339,2025-10,2025
ORD-12267,17-01-2024,20-01-2024,Second Class,CUST-1281,Consumer,India,Jaipur,Rajasthan,North,Technology,Printers,Monitor,3,0.05,398.98,66.47,0.16659983,2024-01,2024
ORD-11605,25-06-2025,27-06-2025,Same Day,CUST-1073,Home Office,India,Nagpur,Maharashtra,Central,Furniture,Storage,Executive Chair,5,0.15,1782.33,111.4,0.062502455,2025-06,2025
ORD-10913,05-02-2024,07-02-2024,First Class,CUST-1178,Corporate,India,Chennai,Tamil Nadu,South,Technology,Computers,Mechanical Keyboard,4,0.3,260.8,-4.92,-0.018865031,2024-02,2024
ORD-12194,09-05-2023,12-05-2023,Standard,CUST-1161,Consumer,India,Pune,Maharashtra,West,Technology,Computers,USB-C Hub,3,0,507.8,62.25,0.122587633,2023-05,2023
ORD-11416,13-09-2023,15-09-2023,Standard,CUST-1346,Corporate,India,Lucknow,Uttar Pradesh,North,Office Supplies,Paper,Ball Pen Set,2,0,146.22,23.96,0.163862673,2023-09,2023
ORD-12137,01-07-2023,03-07-2023,Standard,CUST-1489,Consumer,India,Pune,Maharashtra,West,Office Supplies,Binders,Sticky Notes,3,0.15,101.92,6.52,0.063971743,2023-07,2023
ORD-10366,07-09-2024,08-09-2024,Standard,CUST-1116,Corporate,India,Mumbai,Maharashtra,West,Furniture,Storage,Bookshelf,3,0.15,347.11,4.46,0.012848953,2024-09,2024
ORD-11180,03-04-2024,07-04-2024,First Class,CUST-1224,Consumer,India,Jaipur,Rajasthan,North,Technology,Computers,Wireless Headset,1,0,251.61,37.87,0.150510711,2024-04,2024
ORD-11365,22-09-2024,24-09-2024,Standard,CUST-1180,Corporate,India,Jaipur,Rajasthan,North,Office Supplies,Writing,Envelope Pack,2,0.05,66.96,8.03,0.119922342,2024-09,2024
ORD-12290,15-07-2023,18-07-2023,Standard,CUST-1525,Corporate,India,Bengaluru,Karnataka,South,Office Supplies,Stationery,Envelope Pack,4,0.05,409.83,60.85,0.148476197,2023-07,2023
ORD-11883,08-01-2023,10-01-2023,Second Class,CUST-1384,Consumer,India,Lucknow,Uttar Pradesh,North,Furniture,Office Furniture,Conference Table,3,0.05,377.86,13.46,0.035621659,2023-01,2023
ORD-10652,28-04-2023,29-04-2023,Same Day,CUST-1096,Consumer,India,Jaipur,Rajasthan,North,Furniture,Office Furniture,Executive Chair,3,0.15,389.39,14.28,0.036672745,2023-04,2023
ORD-10257,28-01-2025,31-01-2025,First Class,CUST-1200,Consumer,India,Delhi,Delhi,North,Technology,Phones,Business Laptop,1,0.2,94.11,3,0.03187759,2025-01,2025
ORD-11060,04-06-2023,09-06-2023,First Class,CUST-1043,Corporate,India,Delhi,Delhi,North,Technology,Printers,Mechanical Keyboard,3,0,840.73,199.92,0.237793346,2023-06,2023
ORD-12373,05-04-2024,08-04-2024,Standard,CUST-1097,Consumer,India,Chennai,Tamil Nadu,South,Furniture,Tables,Reception Desk,2,0,677.01,67.33,0.099452002,2024-04,2024
ORD-11997,25-08-2023,27-08-2023,First Class,CUST-1365,Consumer,India,Jaipur,Rajasthan,North,Technology,Printers,Monitor,1,0,118.21,29.88,0.252770493,2023-08,2023
ORD-11522,13-03-2024,15-03-2024,Second Class,CUST-1276,Corporate,India,Ahmedabad,Gujarat,West,Technology,Accessories,Wireless Headset,3,0.15,1106.46,97.35,0.087983298,2024-03,2024
ORD-11658,18-12-2024,21-12-2024,Standard,CUST-1036,Corporate,India,Pune,Maharashtra,West,Office Supplies,Binders,Envelope Pack,2,0.2,326.26,-2.46,-0.007539999,2024-12,2024
ORD-11056,23-12-2025,25-12-2025,Same Day,CUST-1174,Home Office,India,Bhopal,Madhya Pradesh,Central,Technology,Phones,Tablet,1,0.3,407.33,22.49,0.055213218,2025-12,2025
ORD-11474,15-12-2024,17-12-2024,Standard,CUST-1510,Corporate,India,Bengaluru,Karnataka,South,Office Supplies,Paper,Notebook,4,0.15,590.13,27.55,0.046684629,2024-12,2024
ORD-11964,07-01-2023,09-01-2023,First Class,CUST-1101,Consumer,India,Nagpur,Maharashtra,Central,Technology,Computers,Tablet,1,0.15,109.58,7.75,0.070724585,2023-01,2023
ORD-11778,03-04-2023,05-04-2023,First Class,CUST-1113,Consumer,India,Lucknow,Uttar Pradesh,North,Office Supplies,Writing,Printer Paper,1,0.3,50.7,-2.76,-0.05443787,2023-04,2023
ORD-10068,16-06-2023,18-06-2023,Standard,CUST-1075,Corporate,India,Ahmedabad,Gujarat,West,Office Supplies,Binders,Printer Paper,4,0.3,699.95,-15.81,-0.022587328,2023-06,2023
ORD-11852,19-02-2024,21-02-2024,First Class,CUST-1064,Consumer,India,Pune,Maharashtra,West,Furniture,Tables,Reception Desk,1,0.2,89.99,1.31,0.014557173,2024-02,2024
ORD-10445,21-11-2023,23-11-2023,First Class,CUST-1262,Corporate,India,Jaipur,Rajasthan,North,Office Supplies,Binders,File Binder,1,0.15,77.89,5.18,0.066504044,2023-11,2023
ORD-12240,23-02-2023,26-02-2023,Standard,CUST-1476,Consumer,India,Ahmedabad,Gujarat,West,Furniture,Chairs,Executive Chair,2,0.15,284.95,3.2,0.01123004,2023-02,2023
ORD-11211,03-11-2023,06-11-2023,First Class,CUST-1331,Corporate,India,Mumbai,Maharashtra,West,Technology,Phones,Laser Printer,4,0.05,3542,476.93,0.134649915,2023-11,2023
ORD-10022,14-11-2025,15-11-2025,First Class,CUST-1111,Home Office,India,Ahmedabad,Gujarat,West,Furniture,Office Furniture,Executive Chair,3,0,619.17,69.35,0.112004781,2025-11,2025
ORD-11849,26-04-2023,28-04-2023,Standard,CUST-1245,Consumer,India,Delhi,Delhi,North,Furniture,Office Furniture,Office Chair,3,0.1,899.22,78.92,0.087764952,2023-04,2023
ORD-11258,06-07-2025,09-07-2025,Standard,CUST-1049,Consumer,India,Jaipur,Rajasthan,North,Technology,Printers,Business Laptop,2,0.05,901.57,129.37,0.143494127,2025-07,2025
ORD-10463,06-08-2024,10-08-2024,Second Class,CUST-1193,Corporate,India,Kolkata,West Bengal,East,Furniture,Tables,Filing Cabinet,4,0.3,648.55,-34.66,-0.053442294,2024-08,2024
ORD-10797,18-02-2025,19-02-2025,Standard,CUST-1088,Corporate,India,Ahmedabad,Gujarat,West,Office Supplies,Binders,Envelope Pack,3,0,314.87,40.7,0.129259694,2025-02,2025
ORD-11114,10-08-2025,12-08-2025,Standard,CUST-1593,Corporate,India,Lucknow,Uttar Pradesh,North,Furniture,Tables,Standing Desk,1,0,155.9,17.06,0.109429121,2025-08,2025
ORD-10791,30-11-2024,01-12-2024,First Class,CUST-1158,Consumer,India,Mumbai,Maharashtra,West,Furniture,Office Furniture,Standing Desk,2,0.15,460.34,27.42,0.05956467,2024-11,2024
ORD-10883,30-03-2023,03-04-2023,Standard,CUST-1352,Home Office,India,Jaipur,Rajasthan,North,Furniture,Tables,Reception Desk,4,0,592.03,87.76,0.148235731,2023-03,2023
ORD-10744,08-08-2025,10-08-2025,Same Day,CUST-1382,Corporate,India,Ahmedabad,Gujarat,West,Furniture,Tables,Executive Chair,5,0,509.4,79.43,0.155928543,2025-08,2025
ORD-11832,28-12-2025,01-01-2026,Standard,CUST-1042,Consumer,India,Bhopal,Madhya Pradesh,Central,Technology,Printers,Business Laptop,2,0.3,420.24,-34.29,-0.081596231,2025-12,2025
ORD-10766,12-05-2023,14-05-2023,Standard,CUST-1524,Corporate,India,Hyderabad,Telangana,South,Furniture,Chairs,Executive Chair,4,0.15,830.15,0.77,0.000927543,2023-05,2023
ORD-12009,28-03-2025,30-03-2025,Standard,CUST-1024,Consumer,India,Nagpur,Maharashtra,Central,Office Supplies,Paper,Notebook,1,0,132.07,21.51,0.162868176,2025-03,2025
ORD-11062,09-01-2024,12-01-2024,Standard,CUST-1533,Corporate,India,Mumbai,Maharashtra,West,Technology,Computers,Laser Printer,4,0,2251.8,394.97,0.175401901,2024-01,2024
ORD-10866,10-09-2024,13-09-2024,Second Class,CUST-1381,Corporate,India,Kolkata,West Bengal,East,Furniture,Storage,Standing Desk,3,0.15,329.41,5.23,0.015876871,2024-09,2024
ORD-10785,28-09-2023,30-09-2023,First Class,CUST-1438,Home Office,India,Hyderabad,Telangana,South,Technology,Accessories,Smartphone,4,0,9150.23,2061.75,0.225322205,2023-09,2023
ORD-11561,13-09-2024,17-09-2024,Second Class,CUST-1502,Home Office,India,Mumbai,Maharashtra,West,Technology,Accessories,Wireless Headset,5,0,593.59,119.86,0.201923887,2024-09,2024
ORD-11984,19-04-2024,20-04-2024,First Class,CUST-1431,Consumer,India,Nagpur,Maharashtra,Central,Technology,Printers,Smartphone,3,0.1,764.81,82.03,0.107255397,2024-04,2024
ORD-10357,05-02-2023,07-02-2023,Standard,CUST-1572,Consumer,India,Bengaluru,Karnataka,South,Office Supplies,Paper,File Binder,2,0.15,48.57,4.09,0.084208359,2023-02,2023
ORD-10824,21-06-2024,24-06-2024,Same Day,CUST-1074,Consumer,India,Lucknow,Uttar Pradesh,North,Furniture,Storage,Standing Desk,2,0.1,287.92,32.21,0.111871353,2024-06,2024
ORD-10572,26-07-2023,27-07-2023,Standard,CUST-1511,Consumer,India,Pune,Maharashtra,West,Technology,Accessories,Monitor,1,0.1,353.49,62.06,0.175563665,2023-07,2023
ORD-10193,03-01-2024,05-01-2024,Second Class,CUST-1045,Corporate,India,Mumbai,Maharashtra,West,Office Supplies,Binders,Desk Organizer,3,0.05,838.68,135.08,0.161062622,2024-01,2024
ORD-12328,16-12-2025,18-12-2025,Second Class,CUST-1390,Consumer,India,Kolkata,West Bengal,East,Technology,Computers,USB-C Hub,2,0,514.2,129.1,0.251069623,2025-12,2025
ORD-11823,22-06-2024,26-06-2024,Standard,CUST-1044,Consumer,India,Chennai,Tamil Nadu,South,Technology,Accessories,Wireless Headset,2,0.3,777,-3.84,-0.004942085,2024-06,2024
ORD-11752,24-12-2024,26-12-2024,Standard,CUST-1434,Corporate,India,Nagpur,Maharashtra,Central,Technology,Phones,Tablet,3,0,333.05,67.07,0.201381174,2024-12,2024
ORD-11585,10-03-2025,13-03-2025,Standard,CUST-1441,Consumer,India,Pune,Maharashtra,West,Technology,Computers,Monitor,5,0.05,1399.28,217.95,0.155758676,2025-03,2025
ORD-10465,11-06-2025,15-06-2025,Standard,CUST-1583,Corporate,India,Jaipur,Rajasthan,North,Furniture,Chairs,Filing Cabinet,2,0.1,112.66,4.05,0.035948873,2025-06,2025
ORD-12286,22-01-2023,24-01-2023,First Class,CUST-1335,Home Office,India,Mumbai,Maharashtra,West,Technology,Printers,Mechanical Keyboard,2,0,657.51,126.32,0.192118751,2023-01,2023
ORD-11850,24-12-2024,27-12-2024,Standard,CUST-1279,Home Office,India,Pune,Maharashtra,West,Furniture,Chairs,Filing Cabinet,2,0.15,538.97,19.57,0.036309999,2024-12,2024
ORD-11457,01-06-2023,02-06-2023,First Class,CUST-1073,Corporate,India,Ahmedabad,Gujarat,West,Technology,Computers,Tablet,3,0.05,2050.27,424.85,0.20721661,2023-06,2023
ORD-10801,23-10-2023,26-10-2023,Standard,CUST-1310,Consumer,India,Mumbai,Maharashtra,West,Technology,Accessories,Smartphone,3,0.15,1267.2,101.86,0.080381944,2023-10,2023
ORD-10326,24-03-2024,26-03-2024,Standard,CUST-1553,Home Office,India,Hyderabad,Telangana,South,Technology,Phones,Business Laptop,2,0.05,594.1,117.28,0.197407844,2024-03,2024
ORD-11905,28-12-2024,30-12-2024,Second Class,CUST-1520,Corporate,India,Kolkata,West Bengal,East,Furniture,Storage,Conference Table,2,0.05,213.35,23.61,0.110663229,2024-12,2024
ORD-11256,17-08-2023,20-08-2023,Second Class,CUST-1342,Consumer,India,Delhi,Delhi,North,Technology,Printers,USB-C Hub,3,0.15,645.74,65.13,0.100861028,2023-08,2023
ORD-11542,09-05-2023,14-05-2023,Standard,CUST-1567,Consumer,India,Delhi,Delhi,North,Technology,Computers,Monitor,1,0.05,92.84,13.18,0.14196467,2023-05,2023
ORD-10189,10-12-2025,13-12-2025,Standard,CUST-1372,Consumer,India,Bhopal,Madhya Pradesh,Central,Furniture,Office Furniture,Filing Cabinet,5,0.3,2004.23,-232.92,-0.116214207,2025-12,2025
ORD-11136,20-03-2023,22-03-2023,Standard,CUST-1287,Corporate,India,Nagpur,Maharashtra,Central,Technology,Printers,Wireless Headset,2,0.1,235.89,25.49,0.108058841,2023-03,2023
ORD-10418,20-08-2025,22-08-2025,First Class,CUST-1029,Consumer,India,Bhopal,Madhya Pradesh,Central,Office Supplies,Writing,Sticky Notes,3,0.1,340.3,37.51,0.110226271,2025-08,2025
ORD-10013,17-11-2025,19-11-2025,Standard,CUST-1499,Corporate,India,Kolkata,West Bengal,East,Furniture,Chairs,Filing Cabinet,1,0.1,101.79,5.67,0.055702918,2025-11,2025
ORD-11642,01-04-2023,03-04-2023,Standard,CUST-1494,Consumer,India,Chennai,Tamil Nadu,South,Furniture,Office Furniture,Conference Table,2,0,154.23,17.81,0.115476885,2023-04,2023
ORD-11641,19-03-2024,22-03-2024,Standard,CUST-1237,Consumer,India,Kolkata,West Bengal,East,Office Supplies,Writing,Sticky Notes,5,0,664.16,90.64,0.136473139,2024-03,2024
ORD-11996,21-09-2024,23-09-2024,Standard,CUST-1485,Consumer,India,Ahmedabad,Gujarat,West,Technology,Computers,Mechanical Keyboard,5,0.3,1301.41,-27.45,-0.021092507,2024-09,2024
ORD-11779,18-11-2023,21-11-2023,Standard,CUST-1248,Corporate,India,Kolkata,West Bengal,East,Technology,Computers,Mechanical Keyboard,4,0.1,1230.54,130.91,0.106384189,2023-11,2023
ORD-10491,06-07-2023,10-07-2023,Standard,CUST-1536,Corporate,India,Kolkata,West Bengal,East,Technology,Printers,Smartphone,3,0.1,625.5,78.91,0.126155076,2023-07,2023
ORD-11197,19-10-2023,23-10-2023,First Class,CUST-1069,Consumer,India,Pune,Maharashtra,West,Technology,Accessories,Mechanical Keyboard,2,0.1,287.14,29.87,0.104025911,2023-10,2023
ORD-10443,19-03-2024,21-03-2024,Second Class,CUST-1128,Consumer,India,Bhopal,Madhya Pradesh,Central,Furniture,Chairs,Conference Table,2,0.2,940.83,37.36,0.039709618,2024-03,2024
ORD-12440,21-08-2024,23-08-2024,Standard,CUST-1374,Consumer,India,Bhopal,Madhya Pradesh,Central,Technology,Computers,Business Laptop,3,0.1,596.38,78.48,0.13159395,2024-08,2024
ORD-10903,19-04-2023,21-04-2023,Standard,CUST-1364,Consumer,India,Jaipur,Rajasthan,North,Technology,Computers,Monitor,1,0.15,149.96,21.82,0.145505468,2023-04,2023
ORD-11302,05-07-2023,06-07-2023,Standard,CUST-1296,Corporate,India,Delhi,Delhi,North,Technology,Printers,Monitor,3,0.2,921.49,55.29,0.060000651,2023-07,2023
ORD-10391,08-07-2023,11-07-2023,Standard,CUST-1020,Corporate,India,Bhopal,Madhya Pradesh,Central,Technology,Phones,Laser Printer,3,0.3,244.18,-15.27,-0.062535834,2023-07,2023
ORD-10098,21-06-2025,23-06-2025,First Class,CUST-1210,Consumer,India,Chennai,Tamil Nadu,South,Office Supplies,Writing,Sticky Notes,2,0.15,153.09,9.22,0.060226011,2025-06,2025
ORD-12350,11-12-2023,12-12-2023,Second Class,CUST-1004,Consumer,India,Pune,Maharashtra,West,Furniture,Office Furniture,Office Chair,3,0,557.78,42.96,0.077019613,2023-12,2023
ORD-10010,06-09-2025,11-09-2025,Standard,CUST-1128,Home Office,India,Delhi,Delhi,North,Office Supplies,Stationery,Envelope Pack,1,0.05,156.18,23.89,0.152964528,2025-09,2025
ORD-11009,04-05-2024,05-05-2024,Same Day,CUST-1378,Corporate,India,Jaipur,Rajasthan,North,Office Supplies,Paper,Envelope Pack,2,0.2,104.02,0.22,0.002114978,2024-05,2024
ORD-10474,23-01-2023,25-01-2023,Second Class,CUST-1554,Corporate,India,Kolkata,West Bengal,East,Technology,Accessories,Smartphone,2,0.05,732.04,141.6,0.193432053,2023-01,2023
ORD-10994,14-07-2023,17-07-2023,Second Class,CUST-1361,Consumer,India,Jaipur,Rajasthan,North,Furniture,Chairs,Standing Desk,1,0,167.07,22.31,0.133536841,2023-07,2023
ORD-11248,07-02-2025,12-02-2025,Standard,CUST-1200,Consumer,India,Delhi,Delhi,North,Office Supplies,Binders,Sticky Notes,3,0,116.85,18.4,0.157466838,2025-02,2025
ORD-11222,09-09-2025,13-09-2025,Same Day,CUST-1131,Consumer,India,Nagpur,Maharashtra,Central,Office Supplies,Paper,Desk Organizer,2,0.1,119.9,11.62,0.096914095,2025-09,2025
ORD-11549,20-12-2024,23-12-2024,First Class,CUST-1519,Consumer,India,Bengaluru,Karnataka,South,Office Supplies,Writing,Desk Organizer,5,0.1,591.08,43.41,0.073441835,2024-12,2024
ORD-10790,24-01-2023,27-01-2023,Standard,CUST-1487,Consumer,India,Mumbai,Maharashtra,West,Technology,Phones,Monitor,2,0,653.23,124.35,0.190361741,2023-01,2023
ORD-10953,21-06-2023,23-06-2023,Standard,CUST-1277,Consumer,India,Mumbai,Maharashtra,West,Furniture,Storage,Bookshelf,2,0.1,1172.15,117.36,0.100123704,2023-06,2023
ORD-11135,25-12-2025,27-12-2025,Standard,CUST-1057,Consumer,India,Hyderabad,Telangana,South,Furniture,Chairs,Filing Cabinet,4,0.2,897.61,-33.97,-0.037844944,2025-12,2025
ORD-11027,19-08-2024,21-08-2024,First Class,CUST-1296,Consumer,India,Ahmedabad,Gujarat,West,Technology,Computers,Monitor,2,0,550.38,119.41,0.216959192,2024-08,2024
ORD-10634,14-02-2024,16-02-2024,Standard,CUST-1433,Corporate,India,Bhopal,Madhya Pradesh,Central,Office Supplies,Writing,Ball Pen Set,1,0.15,68.98,2.33,0.033777907,2024-02,2024
ORD-10861,06-09-2024,08-09-2024,Standard,CUST-1252,Consumer,India,Nagpur,Maharashtra,Central,Furniture,Chairs,Standing Desk,3,0.15,649.14,41.97,0.064654774,2024-09,2024
ORD-11894,29-03-2025,01-04-2025,Same Day,CUST-1361,Consumer,India,Jaipur,Rajasthan,North,Office Supplies,Writing,Ball Pen Set,3,0,491.33,93.88,0.191073209,2025-03,2025
ORD-10786,26-12-2023,28-12-2023,Standard,CUST-1424,Corporate,India,Kolkata,West Bengal,East,Furniture,Storage,Filing Cabinet,3,0.05,223.11,35.89,0.160862355,2023-12,2023
ORD-11025,27-10-2025,29-10-2025,Standard,CUST-1335,Corporate,India,Jaipur,Rajasthan,North,Technology,Printers,Tablet,1,0.15,327.63,32.34,0.098708909,2025-10,2025
ORD-10340,04-07-2023,06-07-2023,Standard,CUST-1378,Consumer,India,Kolkata,West Bengal,East,Technology,Accessories,Monitor,2,0.3,1231.56,-53.1,-0.043116048,2023-07,2023
ORD-11908,11-08-2025,13-08-2025,Second Class,CUST-1145,Consumer,India,Bengaluru,Karnataka,South,Technology,Computers,USB-C Hub,5,0.2,875.46,85.96,0.098188381,2025-08,2025
ORD-11903,15-08-2023,17-08-2023,Standard,CUST-1016,Consumer,India,Bengaluru,Karnataka,South,Furniture,Storage,Reception Desk,1,0.3,103.15,-8.88,-0.086088221,2023-08,2023
ORD-10375,11-03-2024,12-03-2024,Standard,CUST-1250,Home Office,India,Ahmedabad,Gujarat,West,Furniture,Tables,Bookshelf,1,0.1,199.35,2.67,0.013393529,2024-03,2024
ORD-10435,15-09-2025,18-09-2025,Standard,CUST-1038,Corporate,India,Chennai,Tamil Nadu,South,Technology,Phones,Smartphone,5,0.05,2045.39,411.62,0.201242795,2025-09,2025
ORD-10762,09-10-2024,11-10-2024,Same Day,CUST-1563,Consumer,India,Delhi,Delhi,North,Furniture,Tables,Bookshelf,4,0,945.61,146.17,0.154577469,2024-10,2024
ORD-11077,09-09-2024,12-09-2024,Standard,CUST-1421,Consumer,India,Hyderabad,Telangana,South,Office Supplies,Stationery,Envelope Pack,2,0.15,135.26,7.82,0.057814579,2024-09,2024
ORD-10151,14-08-2024,18-08-2024,First Class,CUST-1563,Consumer,India,Bengaluru,Karnataka,South,Technology,Accessories,Smartphone,5,0,1505.2,367.65,0.244253255,2024-08,2024
ORD-11486,10-07-2025,12-07-2025,Standard,CUST-1153,Corporate,India,Nagpur,Maharashtra,Central,Furniture,Chairs,Filing Cabinet,2,0.15,247.51,-2.44,-0.009858188,2025-07,2025
ORD-11939,22-11-2023,24-11-2023,Second Class,CUST-1046,Corporate,India,Pune,Maharashtra,West,Office Supplies,Writing,Notebook,4,0.1,222.36,22.09,0.099343407,2023-11,2023
ORD-10315,17-10-2024,20-10-2024,First Class,CUST-1324,Corporate,India,Mumbai,Maharashtra,West,Furniture,Office Furniture,Standing Desk,3,0.2,562.05,-10.55,-0.018770572,2024-10,2024
ORD-11456,09-08-2023,14-08-2023,Standard,CUST-1126,Consumer,India,Bhopal,Madhya Pradesh,Central,Technology,Accessories,Mechanical Keyboard,3,0.2,922.98,32.07,0.034746148,2023-08,2023
ORD-11913,04-12-2025,07-12-2025,Standard,CUST-1344,Consumer,India,Kolkata,West Bengal,East,Furniture,Chairs,Conference Table,2,0.2,648.01,3.58,0.005524606,2025-12,2025
ORD-11523,02-02-2024,05-02-2024,Standard,CUST-1002,Corporate,India,Lucknow,Uttar Pradesh,North,Office Supplies,Binders,File Binder,4,0,201.64,38.69,0.191876612,2024-02,2024
ORD-10389,26-11-2025,29-11-2025,First Class,CUST-1534,Consumer,India,Mumbai,Maharashtra,West,Technology,Accessories,Business Laptop,4,0,1893.07,458.95,0.242436888,2025-11,2025
ORD-10558,04-06-2024,06-06-2024,Standard,CUST-1042,Corporate,India,Bengaluru,Karnataka,South,Technology,Phones,Tablet,1,0.05,614.3,116.11,0.189011883,2024-06,2024
ORD-10215,19-07-2025,21-07-2025,Second Class,CUST-1032,Consumer,India,Bengaluru,Karnataka,South,Office Supplies,Paper,Ball Pen Set,3,0.15,59.26,4.74,0.0799865,2025-07,2025
ORD-10848,11-04-2023,12-04-2023,Standard,CUST-1198,Consumer,India,Pune,Maharashtra,West,Technology,Printers,Laser Printer,3,0.3,1333.21,60.29,0.045221683,2023-04,2023
ORD-11756,22-01-2025,24-01-2025,Second Class,CUST-1480,Consumer,India,Pune,Maharashtra,West,Furniture,Chairs,Filing Cabinet,1,0.3,319.22,-28.13,-0.088121045,2025-01,2025
ORD-10413,28-07-2024,30-07-2024,Second Class,CUST-1285,Consumer,India,Lucknow,Uttar Pradesh,North,Technology,Printers,Business Laptop,5,0,449.91,76.98,0.171100887,2024-07,2024
ORD-10422,10-02-2024,13-02-2024,Second Class,CUST-1182,Consumer,India,Mumbai,Maharashtra,West,Technology,Printers,Smartphone,1,0.05,408.49,55.32,0.135425592,2024-02,2024
ORD-11205,01-02-2024,03-02-2024,Second Class,CUST-1351,Corporate,India,Ahmedabad,Gujarat,West,Technology,Accessories,Smartphone,2,0,1336.3,256.47,0.191925466,2024-02,2024
ORD-10313,19-05-2024,21-05-2024,First Class,CUST-1036,Consumer,India,Lucknow,Uttar Pradesh,North,Furniture,Storage,Bookshelf,2,0,211.52,29.04,0.137291982,2024-05,2024
ORD-11759,08-08-2023,10-08-2023,Second Class,CUST-1031,Corporate,India,Bhopal,Madhya Pradesh,Central,Technology,Phones,Laser Printer,1,0.05,464.39,57.23,0.123236934,2023-08,2023
ORD-12305,13-12-2025,16-12-2025,First Class,CUST-1393,Consumer,India,Nagpur,Maharashtra,Central,Technology,Computers,Mechanical Keyboard,5,0.1,400.08,61.94,0.154819036,2025-12,2025
ORD-12255,28-09-2025,30-09-2025,Standard,CUST-1324,Corporate,India,Mumbai,Maharashtra,West,Technology,Accessories,Tablet,1,0.15,202.61,12.42,0.061300035,2025-09,2025
ORD-10856,24-07-2025,26-07-2025,Standard,CUST-1372,Consumer,India,Bengaluru,Karnataka,South,Technology,Computers,Wireless Headset,1,0.15,327.97,33.1,0.100923865,2025-07,2025
ORD-11107,01-09-2023,06-09-2023,Standard,CUST-1385,Home Office,India,Nagpur,Maharashtra,Central,Technology,Phones,Monitor,3,0.1,1495.94,190,0.127010442,2023-09,2023
ORD-10269,04-05-2024,06-05-2024,Standard,CUST-1423,Consumer,India,Mumbai,Maharashtra,West,Technology,Accessories,Tablet,3,0.15,882.58,113.85,0.128996805,2024-05,2024
ORD-11765,16-06-2025,19-06-2025,Standard,CUST-1238,Consumer,India,Kolkata,West Bengal,East,Office Supplies,Binders,Envelope Pack,2,0.2,189.9,11.92,0.062769879,2025-06,2025
ORD-10186,15-03-2025,17-03-2025,First Class,CUST-1554,Corporate,India,Ahmedabad,Gujarat,West,Technology,Phones,Laser Printer,2,0.15,899.52,77.17,0.085790199,2025-03,2025
ORD-10222,28-10-2025,29-10-2025,Standard,CUST-1588,Home Office,India,Bengaluru,Karnataka,South,Office Supplies,Writing,Sticky Notes,3,0,588.9,95.8,0.162676176,2025-10,2025
ORD-11464,11-03-2024,12-03-2024,Standard,CUST-1463,Corporate,India,Jaipur,Rajasthan,North,Technology,Computers,Laser Printer,2,0.15,336.9,31.38,0.093143366,2024-03,2024
ORD-11078,23-02-2025,24-02-2025,Standard,CUST-1174,Consumer,India,Bengaluru,Karnataka,South,Furniture,Storage,Conference Table,3,0.15,866.57,-0.58,-0.000669305,2025-02,2025
ORD-10852,17-02-2025,19-02-2025,Same Day,CUST-1127,Consumer,India,Mumbai,Maharashtra,West,Technology,Printers,Mechanical Keyboard,2,0,471.68,104.3,0.221124491,2025-02,2025
ORD-11498,28-03-2023,31-03-2023,First Class,CUST-1526,Consumer,India,Delhi,Delhi,North,Technology,Computers,USB-C Hub,5,0.2,1392.54,173.79,0.124800724,2023-03,2023
ORD-11172,12-07-2025,16-07-2025,Standard,CUST-1085,Consumer,India,Jaipur,Rajasthan,North,Technology,Accessories,Monitor,2,0.15,581.21,68.33,0.11756508,2025-07,2025
ORD-10413,10-02-2025,13-02-2025,First Class,CUST-1576,Consumer,India,Hyderabad,Telangana,South,Office Supplies,Binders,Desk Organizer,2,0.3,196.95,-5.04,-0.025590251,2025-02,2025
ORD-11995,15-12-2024,19-12-2024,Standard,CUST-1538,Corporate,India,Bengaluru,Karnataka,South,Furniture,Storage,Filing Cabinet,1,0,277.01,13.69,0.049420599,2024-12,2024
ORD-10007,25-07-2024,28-07-2024,Standard,CUST-1568,Consumer,India,Nagpur,Maharashtra,Central,Furniture,Tables,Standing Desk,2,0.1,298.36,20.99,0.070351254,2024-07,2024
ORD-10943,03-08-2025,04-08-2025,Second Class,CUST-1309,Consumer,India,Lucknow,Uttar Pradesh,North,Office Supplies,Writing,Ball Pen Set,2,0.3,33.68,-3.88,-0.1152019,2025-08,2025
ORD-11675,26-06-2025,01-07-2025,First Class,CUST-1118,Consumer,India,Chennai,Tamil Nadu,South,Technology,Phones,Laser Printer,3,0,753.06,159.53,0.21184235,2025-06,2025
ORD-11093,06-01-2025,09-01-2025,Standard,CUST-1387,Consumer,India,Lucknow,Uttar Pradesh,North,Furniture,Tables,Reception Desk,3,0,444.96,45.43,0.102099065,2025-01,2025
ORD-11599,04-08-2025,07-08-2025,Standard,CUST-1250,Home Office,India,Lucknow,Uttar Pradesh,North,Furniture,Tables,Standing Desk,3,0.15,883.43,-29.76,-0.03368688,2025-08,2025
ORD-10900,22-11-2024,25-11-2024,Second Class,CUST-1027,Consumer,India,Bhopal,Madhya Pradesh,Central,Furniture,Chairs,Office Chair,3,0.2,943.74,-38.74,-0.041049442,2024-11,2024
ORD-10463,28-04-2025,02-05-2025,First Class,CUST-1368,Consumer,India,Chennai,Tamil Nadu,South,Technology,Accessories,Business Laptop,3,0,1624.79,342.61,0.210864173,2025-04,2025
ORD-10130,07-04-2023,09-04-2023,Standard,CUST-1421,Consumer,India,Bengaluru,Karnataka,South,Technology,Phones,Tablet,1,0,269.77,39.7,0.147162398,2023-04,2023
ORD-12000,24-02-2024,26-02-2024,First Class,CUST-1552,Home Office,India,Hyderabad,Telangana,South,Technology,Computers,Tablet,1,0,313.9,49.68,0.158266964,2024-02,2024
ORD-11735,27-05-2025,30-05-2025,Standard,CUST-1024,Consumer,India,Delhi,Delhi,North,Furniture,Office Furniture,Executive Chair,3,0,208.72,25.02,0.119873515,2025-05,2025
ORD-10186,21-08-2023,22-08-2023,Standard,CUST-1129,Consumer,India,Bhopal,Madhya Pradesh,Central,Office Supplies,Binders,Ball Pen Set,2,0.1,45.35,7.34,0.16185226,2023-08,2023
ORD-11351,31-10-2024,03-11-2024,Standard,CUST-1273,Consumer,India,Jaipur,Rajasthan,North,Technology,Accessories,Business Laptop,3,0,592.73,123.75,0.208779714,2024-10,2024
ORD-11827,10-05-2025,11-05-2025,Second Class,CUST-1396,Consumer,India,Bengaluru,Karnataka,South,Furniture,Tables,Reception Desk,3,0,602.08,78.5,0.130381345,2025-05,2025
ORD-10614,22-03-2023,24-03-2023,First Class,CUST-1597,Corporate,India,Kolkata,West Bengal,East,Technology,Phones,Laser Printer,4,0.2,9204.51,297.31,0.03230047,2023-03,2023
ORD-11899,27-02-2024,01-03-2024,Standard,CUST-1558,Corporate,India,Hyderabad,Telangana,South,Technology,Printers,Mechanical Keyboard,2,0,831.95,185.41,0.222861951,2024-02,2024
ORD-10400,13-03-2025,16-03-2025,Standard,CUST-1535,Consumer,India,Hyderabad,Telangana,South,Furniture,Tables,Standing Desk,4,0,205.42,18.05,0.087868757,2025-03,2025
ORD-11365,25-04-2023,26-04-2023,First Class,CUST-1103,Consumer,India,Mumbai,Maharashtra,West,Technology,Computers,Monitor,4,0.15,398.49,28.65,0.071896409,2023-04,2023
ORD-11916,23-05-2023,25-05-2023,Standard,CUST-1034,Home Office,India,Jaipur,Rajasthan,North,Furniture,Chairs,Conference Table,1,0.3,50.54,-2.03,-0.040166205,2023-05,2023
ORD-12259,19-05-2025,22-05-2025,Standard,CUST-1124,Consumer,India,Lucknow,Uttar Pradesh,North,Office Supplies,Paper,Ball Pen Set,1,0.1,87.93,7.66,0.08711475,2025-05,2025
ORD-10989,02-08-2025,05-08-2025,Second Class,CUST-1111,Consumer,India,Nagpur,Maharashtra,Central,Furniture,Chairs,Standing Desk,1,0.1,61.56,-0.07,-0.001137102,2025-08,2025
ORD-11286,20-11-2023,22-11-2023,Standard,CUST-1337,Consumer,India,Delhi,Delhi,North,Furniture,Tables,Bookshelf,4,0.1,401.51,22.91,0.0570596,2023-11,2023
ORD-11309,14-07-2025,16-07-2025,First Class,CUST-1548,Home Office,India,Bhopal,Madhya Pradesh,Central,Technology,Computers,Wireless Headset,5,0.15,2027.39,219.68,0.108356064,2025-07,2025
ORD-10777,13-12-2025,17-12-2025,Standard,CUST-1357,Consumer,India,Bhopal,Madhya Pradesh,Central,Technology,Printers,Laser Printer,1,0,101.61,18.06,0.177738412,2025-12,2025
ORD-10726,29-10-2025,02-11-2025,First Class,CUST-1283,Consumer,India,Kolkata,West Bengal,East,Technology,Accessories,Smartphone,1,0.1,200.76,35.91,0.178870293,2025-10,2025
ORD-12139,16-03-2023,19-03-2023,Second Class,CUST-1506,Consumer,India,Jaipur,Rajasthan,North,Technology,Computers,Wireless Headset,3,0.3,2235.22,42.25,0.018901943,2023-03,2023
ORD-11601,29-12-2023,31-12-2023,Standard,CUST-1340,Corporate,India,Ahmedabad,Gujarat,West,Office Supplies,Paper,Ball Pen Set,2,0.1,97.52,6.67,0.068396226,2023-12,2023
ORD-10768,29-10-2023,31-10-2023,Standard,CUST-1304,Consumer,India,Mumbai,Maharashtra,West,Technology,Accessories,Laser Printer,4,0.05,929.95,119.79,0.128813377,2023-10,2023
ORD-10194,12-09-2025,15-09-2025,Same Day,CUST-1464,Consumer,India,Chennai,Tamil Nadu,South,Technology,Accessories,Smartphone,3,0.05,1227.01,167.49,0.136502555,2025-09,2025
ORD-11193,27-09-2023,30-09-2023,Standard,CUST-1257,Consumer,India,Bhopal,Madhya Pradesh,Central,Technology,Printers,Laser Printer,2,0.05,270.65,39.26,0.145058193,2023-09,2023
ORD-11198,12-10-2024,14-10-2024,Same Day,CUST-1398,Consumer,India,Bhopal,Madhya Pradesh,Central,Office Supplies,Paper,File Binder,2,0.15,41.11,4.6,0.111894916,2024-10,2024
ORD-11035,14-05-2023,19-05-2023,Standard,CUST-1287,Consumer,India,Kolkata,West Bengal,East,Technology,Printers,Mechanical Keyboard,2,0.1,557.88,57.88,0.10374991,2023-05,2023
ORD-10417,23-09-2025,25-09-2025,Standard,CUST-1333,Corporate,India,Jaipur,Rajasthan,North,Furniture,Chairs,Reception Desk,1,0.05,316.56,20.8,0.065706343,2025-09,2025
ORD-11032,26-09-2024,28-09-2024,Second Class,CUST-1015,Consumer,India,Chennai,Tamil Nadu,South,Technology,Computers,Monitor,2,0.15,564.8,97.91,0.173353399,2024-09,2024
ORD-10289,28-05-2024,30-05-2024,First Class,CUST-1124,Consumer,India,Nagpur,Maharashtra,Central,Furniture,Tables,Office Chair,3,0,681.08,109.66,0.161008986,2024-05,2024
ORD-12296,08-07-2025,11-07-2025,Standard,CUST-1185,Home Office,India,Kolkata,West Bengal,East,Technology,Phones,Smartphone,2,0.2,433.73,32,0.073778618,2025-07,2025
ORD-10631,06-12-2023,08-12-2023,Standard,CUST-1414,Corporate,India,Kolkata,West Bengal,East,Furniture,Chairs,Reception Desk,3,0.05,696.77,123.73,0.177576532,2023-12,2023
ORD-12361,17-11-2025,20-11-2025,Same Day,CUST-1480,Consumer,India,Delhi,Delhi,North,Technology,Computers,Wireless Headset,2,0,313.67,43.56,0.138872063,2025-11,2025
ORD-11393,27-09-2025,01-10-2025,Standard,CUST-1482,Consumer,India,Hyderabad,Telangana,South,Office Supplies,Paper,Notebook,3,0.05,783.79,125.04,0.159532528,2025-09,2025
ORD-12196,13-11-2023,16-11-2023,Standard,CUST-1099,Home Office,India,Kolkata,West Bengal,East,Office Supplies,Writing,Envelope Pack,2,0.15,95.81,5.85,0.061058345,2023-11,2023
ORD-12059,30-01-2024,03-02-2024,First Class,CUST-1023,Corporate,India,Delhi,Delhi,North,Office Supplies,Stationery,Envelope Pack,2,0.1,209.85,30.33,0.144531808,2024-01,2024
ORD-12096,15-05-2023,16-05-2023,Standard,CUST-1276,Corporate,India,Jaipur,Rajasthan,North,Office Supplies,Stationery,Envelope Pack,1,0,118,21.11,0.178898305,2023-05,2023
ORD-11128,01-09-2024,05-09-2024,Standard,CUST-1526,Corporate,India,Ahmedabad,Gujarat,West,Office Supplies,Stationery,Notebook,1,0.15,51.82,2.3,0.044384408,2024-09,2024
ORD-12115,14-09-2024,15-09-2024,Second Class,CUST-1077,Consumer,India,Bengaluru,Karnataka,South,Technology,Accessories,Tablet,2,0.15,2076.82,122.24,0.058859217,2024-09,2024
ORD-12107,25-11-2024,29-11-2024,Same Day,CUST-1260,Home Office,India,Bengaluru,Karnataka,South,Technology,Accessories,Smartphone,1,0,365.3,69.86,0.191240077,2024-11,2024
ORD-12404,25-07-2025,29-07-2025,Standard,CUST-1114,Corporate,India,Hyderabad,Telangana,South,Furniture,Office Furniture,Filing Cabinet,2,0.15,278.27,31.19,0.112085385,2025-07,2025
ORD-11691,25-04-2023,28-04-2023,Second Class,CUST-1383,Corporate,India,Nagpur,Maharashtra,Central,Technology,Printers,Wireless Headset,5,0,5546.12,1206.75,0.217584546,2023-04,2023
ORD-11521,11-02-2024,15-02-2024,Standard,CUST-1598,Consumer,India,Delhi,Delhi,North,Furniture,Tables,Reception Desk,3,0.15,216.3,1.2,0.00554785,2024-02,2024
ORD-10927,26-11-2023,29-11-2023,Same Day,CUST-1422,Corporate,India,Ahmedabad,Gujarat,West,Furniture,Tables,Filing Cabinet,2,0.2,228.93,8.75,0.03822129,2023-11,2023
ORD-12295,19-03-2023,22-03-2023,Standard,CUST-1458,Corporate,India,Mumbai,Maharashtra,West,Technology,Accessories,Smartphone,3,0,1263.13,224.91,0.178057682,2023-03,2023
ORD-10414,15-07-2025,17-07-2025,Standard,CUST-1063,Home Office,India,Jaipur,Rajasthan,North,Furniture,Storage,Office Chair,1,0,268.7,35.74,0.133010793,2025-07,2025
ORD-10748,07-02-2024,10-02-2024,Standard,CUST-1517,Corporate,India,Kolkata,West Bengal,East,Technology,Phones,Smartphone,1,0.05,83.56,10.74,0.128530397,2024-02,2024
ORD-10617,31-12-2023,03-01-2024,Standard,CUST-1200,Consumer,India,Kolkata,West Bengal,East,Technology,Accessories,Mechanical Keyboard,4,0.2,481.48,11.21,0.023282379,2023-12,2023
ORD-10038,08-08-2023,09-08-2023,First Class,CUST-1278,Consumer,India,Jaipur,Rajasthan,North,Office Supplies,Writing,Notebook,2,0.1,82.95,10.16,0.122483424,2023-08,2023
ORD-12087,10-03-2023,13-03-2023,Second Class,CUST-1135,Corporate,India,Jaipur,Rajasthan,North,Technology,Accessories,Monitor,2,0.1,329.55,41.09,0.124685177,2023-03,2023
ORD-12327,13-09-2023,18-09-2023,Standard,CUST-1281,Corporate,India,Delhi,Delhi,North,Office Supplies,Paper,Ball Pen Set,2,0,81.81,16.46,0.201197898,2023-09,2023
ORD-10390,27-06-2025,30-06-2025,First Class,CUST-1226,Corporate,India,Kolkata,West Bengal,East,Furniture,Tables,Reception Desk,4,0.1,416.48,62.84,0.150883596,2025-06,2025
ORD-10777,05-01-2025,09-01-2025,Same Day,CUST-1118,Consumer,India,Bengaluru,Karnataka,South,Office Supplies,Stationery,Envelope Pack,3,0.1,186.46,24.88,0.133433444,2025-01,2025
ORD-11973,20-11-2024,22-11-2024,Second Class,CUST-1246,Consumer,India,Hyderabad,Telangana,South,Technology,Computers,Monitor,3,0.15,448.23,14.93,0.033308792,2024-11,2024
ORD-10758,22-03-2024,25-03-2024,Standard,CUST-1099,Consumer,India,Bengaluru,Karnataka,South,Office Supplies,Binders,Notebook,1,0.15,131.1,10.84,0.082684973,2024-03,2024
ORD-10275,12-11-2025,15-11-2025,Same Day,CUST-1242,Corporate,India,Chennai,Tamil Nadu,South,Technology,Phones,Laser Printer,3,0.1,973.08,127.79,0.131325276,2025-11,2025
ORD-11007,09-07-2023,13-07-2023,Standard,CUST-1013,Corporate,India,Bhopal,Madhya Pradesh,Central,Furniture,Office Furniture,Executive Chair,1,0,130.56,18.75,0.143612132,2023-07,2023
ORD-12223,29-07-2023,01-08-2023,First Class,CUST-1407,Corporate,India,Pune,Maharashtra,West,Technology,Computers,Smartphone,3,0.15,425.37,46.43,0.109152032,2023-07,2023
ORD-11333,11-10-2025,14-10-2025,First Class,CUST-1526,Consumer,India,Ahmedabad,Gujarat,West,Technology,Printers,Laser Printer,2,0.3,774.82,-27.11,-0.034988772,2025-10,2025
ORD-10479,28-01-2023,01-02-2023,First Class,CUST-1464,Consumer,India,Chennai,Tamil Nadu,South,Furniture,Office Furniture,Reception Desk,4,0.1,930.38,96.52,0.103742557,2023-01,2023
ORD-10940,28-06-2025,01-07-2025,Standard,CUST-1215,Corporate,India,Pune,Maharashtra,West,Technology,Accessories,Mechanical Keyboard,5,0.15,707.31,69.86,0.098768574,2025-06,2025
ORD-10554,08-08-2024,10-08-2024,Standard,CUST-1571,Corporate,India,Jaipur,Rajasthan,North,Technology,Phones,Monitor,1,0.15,61.96,7.68,0.123950936,2024-08,2024
ORD-11353,03-07-2024,06-07-2024,Standard,CUST-1157,Consumer,India,Nagpur,Maharashtra,Central,Technology,Phones,Tablet,3,0.1,1313.71,151.97,0.115680021,2024-07,2024
ORD-11937,31-08-2025,03-09-2025,Second Class,CUST-1301,Consumer,India,Bengaluru,Karnataka,South,Technology,Accessories,Tablet,2,0.1,712.17,84.22,0.118258281,2025-08,2025
ORD-10470,16-06-2025,18-06-2025,Standard,CUST-1203,Consumer,India,Mumbai,Maharashtra,West,Furniture,Storage,Bookshelf,3,0.05,825.88,67.84,0.082142684,2025-06,2025
ORD-11844,15-12-2023,19-12-2023,Same Day,CUST-1454,Consumer,India,Hyderabad,Telangana,South,Technology,Phones,Monitor,3,0.15,282.19,32.52,0.115241504,2023-12,2023
ORD-12494,06-05-2024,09-05-2024,Second Class,CUST-1435,Consumer,India,Kolkata,West Bengal,East,Furniture,Storage,Reception Desk,3,0,474.85,56.07,0.118079393,2024-05,2024
ORD-10989,27-10-2025,29-10-2025,Standard,CUST-1324,Corporate,India,Bhopal,Madhya Pradesh,Central,Office Supplies,Paper,Desk Organizer,3,0.2,420.88,26,0.061775328,2025-10,2025
ORD-10835,04-04-2024,08-04-2024,Same Day,CUST-1199,Consumer,India,Lucknow,Uttar Pradesh,North,Furniture,Storage,Executive Chair,2,0.15,306.98,22.36,0.072838621,2024-04,2024
ORD-10209,30-10-2024,02-11-2024,Standard,CUST-1041,Corporate,India,Lucknow,Uttar Pradesh,North,Technology,Accessories,Mechanical Keyboard,2,0.15,278.29,24.48,0.087965791,2024-10,2024
ORD-12053,01-12-2025,04-12-2025,Second Class,CUST-1098,Corporate,India,Mumbai,Maharashtra,West,Office Supplies,Writing,Ball Pen Set,2,0,187.05,28.96,0.154824913,2025-12,2025
ORD-10313,10-03-2025,12-03-2025,Standard,CUST-1304,Corporate,India,Pune,Maharashtra,West,Furniture,Chairs,Reception Desk,2,0.1,122.46,5.88,0.048015679,2025-03,2025
ORD-11572,22-04-2024,24-04-2024,Standard,CUST-1294,Consumer,India,Bengaluru,Karnataka,South,Technology,Computers,Monitor,2,0.3,1078.56,24.09,0.022335336,2024-04,2024
ORD-11925,31-01-2023,03-02-2023,Same Day,CUST-1147,Consumer,India,Lucknow,Uttar Pradesh,North,Technology,Accessories,Business Laptop,4,0,1761.47,351.45,0.199520855,2023-01,2023
ORD-10263,17-10-2025,20-10-2025,Standard,CUST-1291,Consumer,India,Nagpur,Maharashtra,Central,Technology,Computers,Smartphone,1,0.2,111.85,2.85,0.025480554,2025-10,2025
ORD-11788,04-10-2025,07-10-2025,Standard,CUST-1062,Corporate,India,Bhopal,Madhya Pradesh,Central,Technology,Computers,Monitor,3,0.15,1147.29,181.38,0.158094292,2025-10,2025
ORD-12339,19-05-2024,21-05-2024,Standard,CUST-1439,Home Office,India,Jaipur,Rajasthan,North,Office Supplies,Binders,Desk Organizer,1,0.05,180.11,42.01,0.233246349,2024-05,2024
ORD-11226,01-03-2024,04-03-2024,First Class,CUST-1402,Consumer,India,Bengaluru,Karnataka,South,Furniture,Chairs,Standing Desk,4,0.2,677.44,31.96,0.04717761,2024-03,2024
ORD-10466,14-07-2025,16-07-2025,Standard,CUST-1317,Home Office,India,Ahmedabad,Gujarat,West,Furniture,Chairs,Bookshelf,3,0.1,513.55,19.92,0.038788823,2025-07,2025
ORD-11498,15-03-2024,18-03-2024,First Class,CUST-1187,Consumer,India,Bengaluru,Karnataka,South,Office Supplies,Paper,Sticky Notes,2,0.15,127.72,8.65,0.067726276,2024-03,2024
ORD-11056,27-07-2023,31-07-2023,First Class,CUST-1555,Consumer,India,Chennai,Tamil Nadu,South,Furniture,Tables,Executive Chair,4,0.2,593.1,-17.65,-0.029758894,2023-07,2023
ORD-10943,18-10-2023,20-10-2023,Second Class,CUST-1150,Consumer,India,Hyderabad,Telangana,South,Furniture,Office Furniture,Bookshelf,3,0.05,1748.81,219.09,0.125279476,2023-10,2023
ORD-12495,09-05-2025,11-05-2025,Second Class,CUST-1252,Consumer,India,Mumbai,Maharashtra,West,Technology,Printers,Smartphone,4,0.2,743.79,40.63,0.054625634,2025-05,2025
ORD-12152,18-07-2025,20-07-2025,First Class,CUST-1461,Consumer,India,Bengaluru,Karnataka,South,Technology,Printers,Tablet,2,0.3,171.08,1.09,0.006371288,2025-07,2025
ORD-12301,04-03-2023,06-03-2023,Standard,CUST-1166,Corporate,India,Bengaluru,Karnataka,South,Office Supplies,Stationery,Printer Paper,4,0,172.16,29.03,0.168622212,2023-03,2023
ORD-11517,28-07-2023,31-07-2023,Standard,CUST-1293,Consumer,India,Nagpur,Maharashtra,Central,Office Supplies,Binders,Desk Organizer,3,0,224.95,34.56,0.153634141,2023-07,2023
ORD-10404,03-07-2023,08-07-2023,Same Day,CUST-1086,Home Office,India,Pune,Maharashtra,West,Furniture,Storage,Reception Desk,2,0,411.89,56.8,0.137900896,2023-07,2023
ORD-10164,02-10-2023,06-10-2023,Standard,CUST-1409,Consumer,India,Nagpur,Maharashtra,Central,Office Supplies,Stationery,Desk Organizer,2,0.15,50.16,1.88,0.037480064,2023-10,2023
ORD-12092,19-10-2024,22-10-2024,Second Class,CUST-1134,Consumer,India,Ahmedabad,Gujarat,West,Office Supplies,Stationery,Ball Pen Set,1,0.2,61.93,-2.31,-0.037300178,2024-10,2024
ORD-10508,15-09-2024,17-09-2024,Standard,CUST-1067,Consumer,India,Bengaluru,Karnataka,South,Technology,Accessories,Monitor,2,0.1,320.16,49.26,0.15386057,2024-09,2024
ORD-10769,05-01-2025,07-01-2025,Standard,CUST-1071,Corporate,India,Nagpur,Maharashtra,Central,Furniture,Office Furniture,Bookshelf,1,0.05,140.64,8.93,0.063495449,2025-01,2025
ORD-12286,09-07-2024,11-07-2024,Standard,CUST-1489,Home Office,India,Lucknow,Uttar Pradesh,North,Office Supplies,Paper,Ball Pen Set,4,0.1,522.77,35.17,0.06727624,2024-07,2024
ORD-12158,25-06-2023,27-06-2023,Second Class,CUST-1574,Consumer,India,Nagpur,Maharashtra,Central,Technology,Phones,Mechanical Keyboard,2,0.05,561.58,137.31,0.244506571,2023-06,2023
ORD-10666,03-06-2024,05-06-2024,Standard,CUST-1240,Corporate,India,Bengaluru,Karnataka,South,Office Supplies,Binders,Sticky Notes,1,0.05,50.8,4.26,0.083858268,2024-06,2024
ORD-12411,19-09-2024,21-09-2024,Standard,CUST-1592,Corporate,India,Kolkata,West Bengal,East,Technology,Computers,Monitor,3,0.05,378.34,62.67,0.165644658,2024-09,2024
ORD-11690,05-11-2023,06-11-2023,First Class,CUST-1057,Corporate,India,Bengaluru,Karnataka,South,Technology,Printers,Monitor,2,0.2,115.11,5.85,0.050820954,2023-11,2023
ORD-11012,04-03-2025,05-03-2025,Standard,CUST-1395,Consumer,India,Jaipur,Rajasthan,North,Technology,Accessories,Smartphone,1,0,172.01,44.11,0.256438579,2025-03,2025
ORD-11263,12-09-2023,14-09-2023,Standard,CUST-1508,Consumer,India,Chennai,Tamil Nadu,South,Furniture,Storage,Bookshelf,1,0.2,120.69,2.59,0.021459939,2023-09,2023
ORD-10616,06-04-2023,09-04-2023,Second Class,CUST-1071,Consumer,India,Hyderabad,Telangana,South,Furniture,Chairs,Conference Table,3,0.2,584.17,-9.07,-0.015526302,2023-04,2023
ORD-12495,26-11-2023,28-11-2023,First Class,CUST-1268,Consumer,India,Kolkata,West Bengal,East,Office Supplies,Stationery,Sticky Notes,2,0.3,107.46,-2.56,-0.023822818,2023-11,2023
ORD-10051,24-03-2023,27-03-2023,Second Class,CUST-1023,Home Office,India,Ahmedabad,Gujarat,West,Technology,Accessories,USB-C Hub,4,0.05,1755.39,254.64,0.145061781,2023-03,2023
ORD-12060,11-12-2024,12-12-2024,Standard,CUST-1284,Consumer,India,Jaipur,Rajasthan,North,Office Supplies,Stationery,Notebook,1,0,122.98,29.74,0.24182794,2024-12,2024
ORD-10172,24-06-2024,27-06-2024,Second Class,CUST-1258,Consumer,India,Bhopal,Madhya Pradesh,Central,Furniture,Chairs,Filing Cabinet,3,0,355.12,43.37,0.122127731,2024-06,2024
ORD-12039,29-01-2025,02-02-2025,Standard,CUST-1539,Consumer,India,Chennai,Tamil Nadu,South,Technology,Phones,Tablet,1,0,208.98,36.54,0.174849268,2025-01,2025
ORD-11941,29-05-2024,30-05-2024,Standard,CUST-1442,Consumer,India,Hyderabad,Telangana,South,Office Supplies,Stationery,File Binder,3,0,137.97,23.79,0.172428789,2024-05,2024
ORD-11830,07-08-2024,10-08-2024,Same Day,CUST-1341,Home Office,India,Hyderabad,Telangana,South,Technology,Printers,Smartphone,4,0.05,844.03,132.35,0.156807222,2024-08,2024
ORD-10339,01-02-2024,04-02-2024,Standard,CUST-1081,Corporate,India,Chennai,Tamil Nadu,South,Furniture,Storage,Standing Desk,3,0.2,513.09,-17.53,-0.034165546,2024-02,2024
ORD-11563,18-03-2025,19-03-2025,Standard,CUST-1077,Consumer,India,Jaipur,Rajasthan,North,Office Supplies,Writing,Envelope Pack,4,0.05,638.35,107.98,0.169154852,2025-03,2025
ORD-11555,17-08-2025,19-08-2025,Second Class,CUST-1168,Consumer,India,Ahmedabad,Gujarat,West,Technology,Printers,Monitor,4,0.1,670.62,64.11,0.095598103,2025-08,2025
ORD-10336,07-02-2024,09-02-2024,Standard,CUST-1171,Consumer,India,Ahmedabad,Gujarat,West,Furniture,Tables,Office Chair,1,0,931.19,92.17,0.098980874,2024-02,2024
ORD-11149,10-06-2025,13-06-2025,Standard,CUST-1474,Home Office,India,Pune,Maharashtra,West,Technology,Computers,Monitor,3,0.1,1230.69,165.62,0.134574913,2025-06,2025
ORD-10850,07-08-2023,10-08-2023,First Class,CUST-1402,Consumer,India,Nagpur,Maharashtra,Central,Office Supplies,Paper,Ball Pen Set,1,0.15,83.46,8.56,0.102564103,2023-08,2023
ORD-11992,09-05-2023,12-05-2023,Standard,CUST-1199,Home Office,India,Ahmedabad,Gujarat,West,Office Supplies,Paper,Sticky Notes,3,0.15,159.86,6.19,0.038721381,2023-05,2023
ORD-11915,26-01-2023,28-01-2023,Second Class,CUST-1040,Consumer,India,Chennai,Tamil Nadu,South,Furniture,Office Furniture,Conference Table,2,0.2,278.86,4.67,0.016746755,2023-01,2023
ORD-11755,21-08-2025,23-08-2025,First Class,CUST-1524,Corporate,India,Bengaluru,Karnataka,South,Furniture,Storage,Executive Chair,2,0.1,157.5,14.68,0.093206349,2025-08,2025
ORD-10176,26-01-2025,29-01-2025,First Class,CUST-1131,Consumer,India,Chennai,Tamil Nadu,South,Furniture,Storage,Filing Cabinet,3,0,428.72,60.48,0.141071095,2025-01,2025
ORD-10439,11-12-2025,13-12-2025,First Class,CUST-1501,Corporate,India,Chennai,Tamil Nadu,South,Furniture,Storage,Standing Desk,1,0,374.68,17.38,0.04638625,2025-12,2025
ORD-11854,31-08-2023,02-09-2023,Second Class,CUST-1328,Consumer,India,Kolkata,West Bengal,East,Furniture,Tables,Bookshelf,2,0.1,363.08,25.15,0.069268481,2023-08,2023
ORD-10427,20-04-2024,21-04-2024,Standard,CUST-1072,Corporate,India,Mumbai,Maharashtra,West,Office Supplies,Binders,Notebook,2,0.05,91.06,12.62,0.138589941,2024-04,2024
ORD-12030,09-09-2025,11-09-2025,Second Class,CUST-1360,Consumer,India,Lucknow,Uttar Pradesh,North,Technology,Computers,Wireless Headset,4,0,428.66,85.57,0.199622078,2025-09,2025
ORD-10678,16-08-2024,18-08-2024,Standard,CUST-1361,Corporate,India,Bengaluru,Karnataka,South,Technology,Accessories,USB-C Hub,3,0.2,2346.84,110.18,0.046948237,2024-08,2024
ORD-10319,09-09-2025,11-09-2025,Second Class,CUST-1540,Consumer,India,Nagpur,Maharashtra,Central,Technology,Accessories,USB-C Hub,4,0.05,781.26,124.05,0.158781968,2025-09,2025
ORD-11313,13-08-2023,17-08-2023,Standard,CUST-1056,Consumer,India,Delhi,Delhi,North,Furniture,Chairs,Bookshelf,1,0,127.8,16.95,0.132629108,2023-08,2023
ORD-11614,20-08-2024,22-08-2024,First Class,CUST-1245,Corporate,India,Mumbai,Maharashtra,West,Technology,Computers,Wireless Headset,3,0.15,996.4,95.91,0.096256523,2024-08,2024
ORD-12284,02-04-2025,04-04-2025,Second Class,CUST-1464,Corporate,India,Hyderabad,Telangana,South,Office Supplies,Writing,Sticky Notes,1,0.15,59.01,4.82,0.081681071,2025-04,2025
ORD-10832,09-01-2024,12-01-2024,Standard,CUST-1401,Consumer,India,Jaipur,Rajasthan,North,Furniture,Office Furniture,Office Chair,3,0.05,188.79,17.93,0.094973251,2024-01,2024
ORD-10920,18-05-2024,21-05-2024,Standard,CUST-1590,Corporate,India,Lucknow,Uttar Pradesh,North,Furniture,Chairs,Office Chair,3,0,378.42,45.48,0.120183923,2024-05,2024
ORD-11779,01-01-2024,02-01-2024,Second Class,CUST-1456,Home Office,India,Lucknow,Uttar Pradesh,North,Furniture,Chairs,Conference Table,5,0.05,2506.78,110.1,0.043920887,2024-01,2024
ORD-11041,15-06-2025,16-06-2025,Standard,CUST-1189,Consumer,India,Nagpur,Maharashtra,Central,Furniture,Office Furniture,Bookshelf,2,0.1,404.45,37.56,0.092866856,2025-06,2025
ORD-10288,13-01-2025,16-01-2025,Standard,CUST-1012,Consumer,India,Kolkata,West Bengal,East,Office Supplies,Writing,Sticky Notes,5,0.05,1683.47,209.5,0.124445342,2025-01,2025
ORD-10400,06-03-2024,09-03-2024,First Class,CUST-1220,Consumer,India,Hyderabad,Telangana,South,Furniture,Storage,Executive Chair,2,0.05,471.8,63.66,0.134930055,2024-03,2024
ORD-11096,28-08-2024,31-08-2024,Standard,CUST-1543,Consumer,India,Delhi,Delhi,North,Technology,Phones,Mechanical Keyboard,4,0.15,866.93,64.78,0.074723449,2024-08,2024
ORD-10781,13-07-2023,18-07-2023,Standard,CUST-1420,Consumer,India,Bengaluru,Karnataka,South,Technology,Phones,USB-C Hub,3,0,187.53,38.04,0.202847544,2023-07,2023
ORD-11981,31-05-2024,03-06-2024,Standard,CUST-1290,Home Office,India,Chennai,Tamil Nadu,South,Office Supplies,Binders,Ball Pen Set,2,0.05,170.84,27.96,0.163661906,2024-05,2024
ORD-12163,20-10-2024,22-10-2024,Standard,CUST-1013,Consumer,India,Bengaluru,Karnataka,South,Office Supplies,Writing,Printer Paper,1,0.15,48.26,0.3,0.006216328,2024-10,2024
ORD-12052,19-05-2023,20-05-2023,First Class,CUST-1168,Consumer,India,Kolkata,West Bengal,East,Office Supplies,Writing,Printer Paper,4,0.05,398.5,69.27,0.173826851,2023-05,2023
ORD-10830,10-09-2024,14-09-2024,Standard,CUST-1281,Corporate,India,Lucknow,Uttar Pradesh,North,Technology,Accessories,Monitor,3,0.05,416.25,54.95,0.132012012,2024-09,2024
ORD-11839,05-03-2024,07-03-2024,Second Class,CUST-1474,Corporate,India,Bengaluru,Karnataka,South,Furniture,Storage,Conference Table,4,0,279.07,37.05,0.132762389,2024-03,2024
ORD-10664,01-06-2025,02-06-2025,Standard,CUST-1223,Consumer,India,Ahmedabad,Gujarat,West,Technology,Phones,Tablet,3,0.2,1888.79,97.29,0.051509167,2025-06,2025
ORD-11261,23-07-2025,25-07-2025,Same Day,CUST-1422,Home Office,India,Jaipur,Rajasthan,North,Office Supplies,Stationery,Ball Pen Set,4,0.3,151.86,1.72,0.011326222,2025-07,2025
ORD-10278,13-11-2023,15-11-2023,Standard,CUST-1446,Corporate,India,Bhopal,Madhya Pradesh,Central,Technology,Computers,Monitor,2,0.1,537.11,76.4,0.142242744,2023-11,2023
ORD-11624,27-03-2024,30-03-2024,First Class,CUST-1205,Consumer,India,Bhopal,Madhya Pradesh,Central,Furniture,Tables,Filing Cabinet,2,0.05,158.25,13.46,0.085055292,2024-03,2024
ORD-10515,29-04-2023,02-05-2023,Standard,CUST-1015,Home Office,India,Chennai,Tamil Nadu,South,Technology,Printers,Business Laptop,4,0.1,832.25,101.73,0.122234905,2023-04,2023
ORD-10031,23-09-2023,25-09-2023,Same Day,CUST-1082,Corporate,India,Hyderabad,Telangana,South,Technology,Printers,USB-C Hub,3,0.2,669.45,29.75,0.044439465,2023-09,2023
ORD-10879,13-12-2025,15-12-2025,Standard,CUST-1057,Consumer,India,Ahmedabad,Gujarat,West,Technology,Phones,Monitor,1,0,176.92,34.33,0.194042505,2025-12,2025
ORD-10985,28-02-2023,03-03-2023,Standard,CUST-1454,Corporate,India,Nagpur,Maharashtra,Central,Technology,Computers,Laser Printer,2,0.05,316.11,51.9,0.164183354,2023-02,2023
ORD-11860,27-06-2024,29-06-2024,Standard,CUST-1069,Consumer,India,Bhopal,Madhya Pradesh,Central,Furniture,Tables,Standing Desk,3,0.1,300.97,24.18,0.080340233,2024-06,2024
ORD-10953,01-03-2024,03-03-2024,Same Day,CUST-1410,Consumer,India,Nagpur,Maharashtra,Central,Office Supplies,Stationery,Desk Organizer,1,0.2,13.41,1.38,0.102908277,2024-03,2024
ORD-10321,04-04-2024,05-04-2024,Standard,CUST-1471,Consumer,India,Ahmedabad,Gujarat,West,Technology,Printers,Wireless Headset,2,0,699.37,97.21,0.138996525,2024-04,2024
ORD-10532,21-05-2023,22-05-2023,Same Day,CUST-1153,Consumer,India,Ahmedabad,Gujarat,West,Technology,Accessories,Smartphone,1,0.05,310.42,36.83,0.118645706,2023-05,2023
ORD-11708,06-11-2023,09-11-2023,Standard,CUST-1010,Corporate,India,Delhi,Delhi,North,Technology,Computers,Laser Printer,2,0,756.39,155.21,0.205198376,2023-11,2023
ORD-11332,30-08-2024,31-08-2024,Same Day,CUST-1260,Corporate,India,Nagpur,Maharashtra,Central,Technology,Accessories,Monitor,2,0.15,286.55,15.97,0.055731984,2024-08,2024
ORD-11761,22-03-2023,25-03-2023,First Class,CUST-1336,Consumer,India,Chennai,Tamil Nadu,South,Furniture,Tables,Reception Desk,3,0.15,957.58,16.86,0.017606884,2023-03,2023
ORD-12025,19-02-2025,21-02-2025,Second Class,CUST-1235,Corporate,India,Delhi,Delhi,North,Furniture,Tables,Reception Desk,2,0.15,674.55,37,0.054851382,2025-02,2025
ORD-10728,05-04-2025,08-04-2025,Second Class,CUST-1570,Home Office,India,Delhi,Delhi,North,Furniture,Chairs,Office Chair,2,0.3,401.02,-3.11,-0.007755224,2025-04,2025
ORD-10726,31-01-2023,02-02-2023,Standard,CUST-1524,Consumer,India,Nagpur,Maharashtra,Central,Office Supplies,Paper,Sticky Notes,1,0.2,32.99,1.57,0.047590179,2023-01,2023
ORD-12207,07-11-2023,09-11-2023,Same Day,CUST-1448,Consumer,India,Jaipur,Rajasthan,North,Furniture,Office Furniture,Executive Chair,2,0.05,738.54,58.44,0.079129093,2023-11,2023
ORD-11499,18-11-2024,23-11-2024,Standard,CUST-1193,Home Office,India,Ahmedabad,Gujarat,West,Technology,Phones,Mechanical Keyboard,2,0.05,484.95,94.31,0.194473657,2024-11,2024
ORD-12487,15-11-2024,18-11-2024,First Class,CUST-1155,Consumer,India,Delhi,Delhi,North,Technology,Accessories,Mechanical Keyboard,1,0,177.32,44.84,0.252876156,2024-11,2024
ORD-11232,11-04-2023,15-04-2023,Same Day,CUST-1481,Consumer,India,Jaipur,Rajasthan,North,Office Supplies,Paper,Ball Pen Set,2,0,437.87,78.05,0.178249252,2023-04,2023
ORD-12154,03-10-2025,04-10-2025,Standard,CUST-1050,Home Office,India,Bhopal,Madhya Pradesh,Central,Technology,Phones,Tablet,1,0.1,337.07,72.64,0.215504198,2025-10,2025
ORD-12010,09-02-2025,12-02-2025,Standard,CUST-1179,Home Office,India,Mumbai,Maharashtra,West,Technology,Accessories,Mechanical Keyboard,2,0,400.27,65.87,0.164563919,2025-02,2025
ORD-10271,19-07-2024,23-07-2024,Same Day,CUST-1328,Consumer,India,Jaipur,Rajasthan,North,Furniture,Office Furniture,Reception Desk,1,0.3,556.2,-56.75,-0.102031643,2024-07,2024
ORD-12199,14-01-2023,16-01-2023,Second Class,CUST-1156,Consumer,India,Mumbai,Maharashtra,West,Technology,Computers,Mechanical Keyboard,3,0.05,824.43,162.35,0.196923935,2023-01,2023
ORD-10841,11-01-2024,13-01-2024,Standard,CUST-1261,Consumer,India,Pune,Maharashtra,West,Technology,Phones,USB-C Hub,2,0,570.62,138.87,0.243366864,2024-01,2024
ORD-10974,11-12-2025,15-12-2025,Standard,CUST-1440,Corporate,India,Bhopal,Madhya Pradesh,Central,Technology,Accessories,Mechanical Keyboard,2,0.15,482.66,43.35,0.089814776,2025-12,2025
ORD-12212,13-05-2023,16-05-2023,Second Class,CUST-1200,Corporate,India,Mumbai,Maharashtra,West,Office Supplies,Binders,Printer Paper,2,0,110.14,20.63,0.187307064,2023-05,2023
ORD-11911,14-07-2024,19-07-2024,Standard,CUST-1002,Consumer,India,Mumbai,Maharashtra,West,Office Supplies,Stationery,Envelope Pack,3,0.2,322.27,9.71,0.030130015,2024-07,2024
ORD-11042,15-11-2024,16-11-2024,Standard,CUST-1209,Home Office,India,Kolkata,West Bengal,East,Furniture,Storage,Office Chair,1,0,140.72,10.55,0.074971575,2024-11,2024
ORD-11603,23-05-2024,26-05-2024,Same Day,CUST-1579,Consumer,India,Delhi,Delhi,North,Technology,Printers,Mechanical Keyboard,5,0.1,704.88,138.45,0.196416411,2024-05,2024
ORD-11785,05-08-2025,08-08-2025,Second Class,CUST-1306,Consumer,India,Bhopal,Madhya Pradesh,Central,Furniture,Tables,Conference Table,5,0.3,735.35,-61.73,-0.08394642,2025-08,2025
ORD-11274,08-03-2024,11-03-2024,Standard,CUST-1482,Consumer,India,Bengaluru,Karnataka,South,Technology,Computers,Monitor,3,0.15,592.34,68.88,0.116284566,2024-03,2024
ORD-11456,07-11-2024,09-11-2024,Second Class,CUST-1184,Consumer,India,Pune,Maharashtra,West,Office Supplies,Stationery,Notebook,3,0.15,228.16,18.73,0.082091515,2024-11,2024
ORD-12484,22-08-2025,25-08-2025,Second Class,CUST-1322,Consumer,India,Nagpur,Maharashtra,Central,Office Supplies,Binders,Notebook,3,0.3,250.81,-16.74,-0.06674375,2025-08,2025
ORD-10883,18-07-2023,20-07-2023,Standard,CUST-1214,Home Office,India,Delhi,Delhi,North,Technology,Computers,Laser Printer,2,0.15,503.45,48.07,0.09548118,2023-07,2023
ORD-10189,24-08-2024,25-08-2024,Second Class,CUST-1239,Consumer,India,Mumbai,Maharashtra,West,Technology,Computers,USB-C Hub,2,0.05,708.14,107.68,0.152060327,2024-08,2024
ORD-10842,19-12-2025,20-12-2025,Second Class,CUST-1587,Corporate,India,Bengaluru,Karnataka,South,Technology,Printers,Mechanical Keyboard,2,0.3,742.29,25.11,0.033827749,2025-12,2025
ORD-10194,19-02-2025,21-02-2025,Standard,CUST-1516,Corporate,India,Jaipur,Rajasthan,North,Technology,Phones,Laser Printer,2,0.3,199.29,-1.62,-0.008128857,2025-02,2025
ORD-12181,28-03-2025,30-03-2025,Standard,CUST-1167,Consumer,India,Ahmedabad,Gujarat,West,Furniture,Chairs,Bookshelf,2,0.05,301.59,30.72,0.101860141,2025-03,2025
ORD-11228,22-02-2025,25-02-2025,First Class,CUST-1246,Home Office,India,Chennai,Tamil Nadu,South,Office Supplies,Paper,Notebook,3,0.1,256.66,34.31,0.133678797,2025-02,2025
ORD-12384,26-12-2025,27-12-2025,Same Day,CUST-1476,Corporate,India,Mumbai,Maharashtra,West,Furniture,Chairs,Conference Table,3,0.15,883.87,16.69,0.018882867,2025-12,2025
ORD-11989,09-11-2023,10-11-2023,Standard,CUST-1418,Consumer,India,Lucknow,Uttar Pradesh,North,Furniture,Chairs,Standing Desk,2,0.15,906.12,21.82,0.024080696,2023-11,2023
ORD-10253,11-12-2023,13-12-2023,Standard,CUST-1289,Consumer,India,Bhopal,Madhya Pradesh,Central,Furniture,Storage,Executive Chair,2,0.1,189.52,21.06,0.111122837,2023-12,2023
ORD-11147,28-08-2025,30-08-2025,Second Class,CUST-1198,Consumer,India,Bhopal,Madhya Pradesh,Central,Technology,Printers,Wireless Headset,1,0.15,103.12,7.84,0.076027929,2025-08,2025
ORD-10767,29-08-2024,03-09-2024,Same Day,CUST-1119,Consumer,India,Lucknow,Uttar Pradesh,North,Technology,Printers,Business Laptop,2,0.3,1723.42,-101.6,-0.058952548,2024-08,2024
ORD-11110,06-04-2023,11-04-2023,Same Day,CUST-1377,Corporate,India,Ahmedabad,Gujarat,West,Technology,Phones,Business Laptop,3,0.3,795.07,-7.41,-0.009319934,2023-04,2023
ORD-11980,10-11-2024,13-11-2024,Standard,CUST-1241,Corporate,India,Bhopal,Madhya Pradesh,Central,Technology,Phones,Tablet,1,0.1,337.26,61.59,0.182618751,2024-11,2024
ORD-12255,16-11-2024,19-11-2024,Same Day,CUST-1050,Home Office,India,Ahmedabad,Gujarat,West,Furniture,Chairs,Office Chair,2,0.05,688.38,76.97,0.111813243,2024-11,2024
ORD-10459,06-06-2024,07-06-2024,Standard,CUST-1283,Consumer,India,Mumbai,Maharashtra,West,Furniture,Chairs,Executive Chair,1,0.1,95.74,0.83,0.008669313,2024-06,2024
ORD-11224,09-01-2025,12-01-2025,Standard,CUST-1034,Consumer,India,Mumbai,Maharashtra,West,Technology,Printers,Business Laptop,4,0.15,605.49,34.93,0.057688814,2025-01,2025
ORD-12262,07-12-2023,09-12-2023,Same Day,CUST-1013,Consumer,India,Jaipur,Rajasthan,North,Furniture,Office Furniture,Standing Desk,4,0.05,236.88,25.57,0.107944951,2023-12,2023
ORD-10521,19-06-2024,20-06-2024,Standard,CUST-1218,Consumer,India,Jaipur,Rajasthan,North,Technology,Printers,Business Laptop,5,0.15,573.88,34.88,0.060779257,2024-06,2024
ORD-12194,09-02-2024,11-02-2024,Standard,CUST-1281,Corporate,India,Kolkata,West Bengal,East,Furniture,Tables,Reception Desk,1,0.05,147.99,19.58,0.132306237,2024-02,2024
ORD-10131,28-05-2024,30-05-2024,Standard,CUST-1422,Consumer,India,Mumbai,Maharashtra,West,Technology,Accessories,Mechanical Keyboard,4,0,516.66,126.62,0.24507413,2024-05,2024
ORD-12161,14-08-2023,19-08-2023,Standard,CUST-1103,Home Office,India,Mumbai,Maharashtra,West,Technology,Computers,Mechanical Keyboard,2,0.1,944.71,156.02,0.16515121,2023-08,2023
ORD-11453,16-07-2024,19-07-2024,Second Class,CUST-1238,Consumer,India,Jaipur,Rajasthan,North,Office Supplies,Stationery,Notebook,3,0.15,628.93,1.96,0.003116404,2024-07,2024
ORD-10138,15-04-2025,18-04-2025,Same Day,CUST-1276,Corporate,India,Nagpur,Maharashtra,Central,Furniture,Chairs,Conference Table,2,0.1,508.12,23.67,0.046583484,2025-04,2025
ORD-11945,10-03-2023,11-03-2023,Standard,CUST-1381,Consumer,India,Hyderabad,Telangana,South,Technology,Phones,Mechanical Keyboard,2,0.15,245.67,24.15,0.098302601,2023-03,2023
ORD-11062,15-04-2024,18-04-2024,First Class,CUST-1534,Consumer,India,Jaipur,Rajasthan,North,Technology,Accessories,Wireless Headset,4,0.05,1095.39,156.82,0.143163622,2024-04,2024
ORD-10231,10-09-2025,11-09-2025,Same Day,CUST-1274,Consumer,India,Hyderabad,Telangana,South,Furniture,Storage,Executive Chair,5,0.15,530.02,58.56,0.110486397,2025-09,2025
ORD-11531,27-03-2023,31-03-2023,Standard,CUST-1113,Corporate,India,Mumbai,Maharashtra,West,Office Supplies,Writing,Desk Organizer,1,0.15,38.89,2.21,0.056826948,2023-03,2023
ORD-10138,03-09-2024,04-09-2024,Standard,CUST-1143,Consumer,India,Jaipur,Rajasthan,North,Technology,Phones,Tablet,5,0.1,5336.38,875.33,0.164030672,2024-09,2024
ORD-11178,25-07-2023,28-07-2023,Standard,CUST-1017,Corporate,India,Nagpur,Maharashtra,Central,Furniture,Storage,Standing Desk,1,0.3,138.93,-4.65,-0.033470093,2023-07,2023
ORD-11181,09-05-2023,14-05-2023,Same Day,CUST-1461,Corporate,India,Bhopal,Madhya Pradesh,Central,Office Supplies,Writing,Printer Paper,3,0.3,277.59,3.16,0.011383695,2023-05,2023
ORD-10659,27-06-2025,30-06-2025,Standard,CUST-1531,Corporate,India,Kolkata,West Bengal,East,Technology,Phones,Wireless Headset,1,0.15,432.45,42.79,0.098947855,2025-06,2025
ORD-11082,13-12-2024,14-12-2024,Standard,CUST-1527,Consumer,India,Delhi,Delhi,North,Furniture,Chairs,Conference Table,4,0.05,552.48,36.75,0.066518245,2024-12,2024
ORD-12435,06-12-2024,09-12-2024,Second Class,CUST-1006,Corporate,India,Pune,Maharashtra,West,Technology,Printers,Smartphone,3,0.1,1214.24,138.21,0.113824285,2024-12,2024
ORD-10716,07-04-2025,09-04-2025,Second Class,CUST-1518,Consumer,India,Pune,Maharashtra,West,Office Supplies,Stationery,Desk Organizer,2,0.1,302.37,23.7,0.078380792,2025-04,2025
ORD-11277,21-09-2023,23-09-2023,Standard,CUST-1287,Consumer,India,Jaipur,Rajasthan,North,Office Supplies,Stationery,Sticky Notes,1,0.15,64.35,3.61,0.056099456,2023-09,2023
ORD-11663,04-08-2025,06-08-2025,Standard,CUST-1405,Consumer,India,Delhi,Delhi,North,Technology,Phones,USB-C Hub,2,0.15,489.99,48.52,0.099022429,2025-08,2025
ORD-10556,15-10-2023,20-10-2023,Standard,CUST-1212,Corporate,India,Bengaluru,Karnataka,South,Furniture,Office Furniture,Standing Desk,2,0,362.64,53.44,0.147363777,2023-10,2023
ORD-11228,01-06-2025,03-06-2025,Same Day,CUST-1295,Home Office,India,Bengaluru,Karnataka,South,Technology,Phones,Mechanical Keyboard,2,0.15,453.32,65.81,0.145173387,2025-06,2025
ORD-11673,05-05-2024,07-05-2024,Same Day,CUST-1413,Consumer,India,Lucknow,Uttar Pradesh,North,Technology,Phones,Business Laptop,5,0.1,928.79,145.98,0.157172235,2024-05,2024
ORD-10784,08-09-2024,11-09-2024,Standard,CUST-1281,Corporate,India,Jaipur,Rajasthan,North,Technology,Accessories,Wireless Headset,3,0.05,472.45,64.63,0.136797545,2024-09,2024
ORD-10538,25-07-2023,27-07-2023,Standard,CUST-1446,Corporate,India,Hyderabad,Telangana,South,Technology,Printers,Wireless Headset,3,0,485.87,102.98,0.211949698,2023-07,2023
ORD-11925,21-04-2024,23-04-2024,Standard,CUST-1138,Corporate,India,Chennai,Tamil Nadu,South,Technology,Computers,Laser Printer,3,0,2273.8,448.82,0.197387633,2024-04,2024
ORD-10874,25-03-2025,27-03-2025,First Class,CUST-1189,Consumer,India,Hyderabad,Telangana,South,Furniture,Chairs,Office Chair,2,0,516.96,81.17,0.157014082,2025-03,2025
ORD-10637,19-09-2023,20-09-2023,First Class,CUST-1315,Home Office,India,Kolkata,West Bengal,East,Furniture,Tables,Standing Desk,4,0.05,1883.64,183.99,0.0976779,2023-09,2023
ORD-12342,18-03-2023,20-03-2023,Second Class,CUST-1425,Consumer,India,Pune,Maharashtra,West,Technology,Accessories,Monitor,5,0.15,1212.83,71.61,0.059043724,2023-03,2023
ORD-11747,10-04-2025,14-04-2025,Same Day,CUST-1259,Home Office,India,Chennai,Tamil Nadu,South,Technology,Printers,Mechanical Keyboard,2,0.05,568.8,84.89,0.149244023,2025-04,2025
ORD-11517,18-09-2023,21-09-2023,Standard,CUST-1477,Consumer,India,Kolkata,West Bengal,East,Technology,Phones,Monitor,3,0.2,2207.37,149.2,0.067591749,2023-09,2023
ORD-10769,17-01-2024,20-01-2024,Standard,CUST-1022,Home Office,India,Ahmedabad,Gujarat,West,Office Supplies,Binders,Printer Paper,2,0.15,87.73,11.08,0.126296592,2024-01,2024
ORD-10869,02-06-2024,07-06-2024,Standard,CUST-1341,Consumer,India,Lucknow,Uttar Pradesh,North,Technology,Computers,Laser Printer,2,0.15,506.93,9.32,0.018385181,2024-06,2024
ORD-10888,13-11-2023,16-11-2023,Second Class,CUST-1006,Home Office,India,Bengaluru,Karnataka,South,Technology,Printers,USB-C Hub,3,0.2,1337.67,55.84,0.041744227,2023-11,2023
ORD-10557,28-01-2024,01-02-2024,Standard,CUST-1148,Consumer,India,Nagpur,Maharashtra,Central,Technology,Printers,Monitor,5,0.3,1718.95,20.57,0.011966608,2024-01,2024
ORD-11323,01-11-2025,04-11-2025,Standard,CUST-1156,Consumer,India,Bengaluru,Karnataka,South,Office Supplies,Binders,Ball Pen Set,4,0.1,1082.57,173.66,0.160414569,2025-11,2025
ORD-10192,06-09-2023,11-09-2023,Standard,CUST-1038,Consumer,India,Hyderabad,Telangana,South,Technology,Computers,Monitor,2,0,1156.31,173.39,0.149951138,2023-09,2023
ORD-11017,23-11-2023,25-11-2023,Standard,CUST-1447,Corporate,India,Bhopal,Madhya Pradesh,Central,Technology,Phones,Monitor,3,0.05,289.08,38.79,0.134184309,2023-11,2023
ORD-11086,26-02-2025,28-02-2025,Standard,CUST-1415,Corporate,India,Pune,Maharashtra,West,Office Supplies,Stationery,File Binder,4,0,243.92,50.86,0.208510987,2025-02,2025
ORD-11030,12-10-2025,16-10-2025,Second Class,CUST-1591,Corporate,India,Bhopal,Madhya Pradesh,Central,Furniture,Chairs,Filing Cabinet,5,0.1,1658.07,99.07,0.059750191,2025-10,2025
ORD-10467,19-07-2025,21-07-2025,Standard,CUST-1392,Corporate,India,Bhopal,Madhya Pradesh,Central,Technology,Accessories,Monitor,4,0.05,382.05,75.1,0.196571129,2025-07,2025
ORD-12040,19-05-2025,20-05-2025,Standard,CUST-1083,Consumer,India,Mumbai,Maharashtra,West,Technology,Accessories,Tablet,4,0,1056.79,145.42,0.13760539,2025-05,2025
ORD-10833,30-11-2025,01-12-2025,Standard,CUST-1206,Home Office,India,Pune,Maharashtra,West,Technology,Computers,Mechanical Keyboard,1,0.3,414.75,-11.92,-0.028740205,2025-11,2025
ORD-11998,10-08-2024,11-08-2024,Second Class,CUST-1538,Home Office,India,Kolkata,West Bengal,East,Furniture,Storage,Executive Chair,1,0.1,427.08,19.23,0.045026693,2024-08,2024
ORD-11297,09-10-2024,10-10-2024,Second Class,CUST-1255,Consumer,India,Kolkata,West Bengal,East,Furniture,Office Furniture,Conference Table,1,0.15,162.82,6.56,0.040289891,2024-10,2024
ORD-11795,30-11-2023,04-12-2023,Same Day,CUST-1558,Consumer,India,Kolkata,West Bengal,East,Furniture,Storage,Filing Cabinet,2,0.2,265.1,-1.17,-0.004413429,2023-11,2023
ORD-11823,28-11-2023,01-12-2023,First Class,CUST-1477,Home Office,India,Jaipur,Rajasthan,North,Office Supplies,Stationery,Ball Pen Set,1,0.1,186.15,21.23,0.114047811,2023-11,2023
ORD-11509,13-11-2025,16-11-2025,First Class,CUST-1522,Consumer,India,Ahmedabad,Gujarat,West,Office Supplies,Writing,Ball Pen Set,3,0.15,136.66,6.71,0.049099956,2025-11,2025
ORD-11902,20-10-2024,23-10-2024,Second Class,CUST-1410,Consumer,India,Mumbai,Maharashtra,West,Technology,Phones,Wireless Headset,3,0.15,1686.51,126.05,0.074740144,2024-10,2024
ORD-11025,02-09-2025,04-09-2025,First Class,CUST-1408,Consumer,India,Bhopal,Madhya Pradesh,Central,Office Supplies,Writing,Envelope Pack,5,0.15,540.48,44.03,0.081464624,2025-09,2025
ORD-11541,24-02-2025,25-02-2025,First Class,CUST-1260,Home Office,India,Mumbai,Maharashtra,West,Technology,Accessories,Mechanical Keyboard,4,0.15,3401.47,335.71,0.098695564,2025-02,2025
ORD-11479,27-12-2025,28-12-2025,Standard,CUST-1291,Consumer,India,Nagpur,Maharashtra,Central,Technology,Accessories,USB-C Hub,2,0.3,654.88,-13.48,-0.020583924,2025-12,2025
ORD-12290,17-06-2024,19-06-2024,Standard,CUST-1113,Corporate,India,Delhi,Delhi,North,Technology,Phones,Wireless Headset,4,0.3,2296.31,-10.82,-0.004711907,2024-06,2024
ORD-11198,06-07-2024,07-07-2024,Same Day,CUST-1260,Corporate,India,Pune,Maharashtra,West,Technology,Printers,Mechanical Keyboard,2,0.05,1010.85,219.64,0.217282485,2024-07,2024
ORD-11299,21-03-2025,23-03-2025,Standard,CUST-1021,Corporate,India,Ahmedabad,Gujarat,West,Office Supplies,Binders,Printer Paper,1,0.1,245.28,27.29,0.1112606,2025-03,2025
ORD-11272,12-02-2024,15-02-2024,Standard,CUST-1264,Corporate,India,Kolkata,West Bengal,East,Technology,Computers,Wireless Headset,5,0,699.54,163.97,0.234396889,2024-02,2024
ORD-10812,05-04-2023,10-04-2023,Standard,CUST-1093,Corporate,India,Bhopal,Madhya Pradesh,Central,Furniture,Chairs,Filing Cabinet,1,0,330.6,53.22,0.160980036,2023-04,2023
ORD-10783,07-02-2023,10-02-2023,Same Day,CUST-1272,Corporate,India,Chennai,Tamil Nadu,South,Technology,Printers,USB-C Hub,2,0.3,348.7,-15.12,-0.043361055,2023-02,2023
ORD-11901,28-07-2025,31-07-2025,Standard,CUST-1465,Consumer,India,Lucknow,Uttar Pradesh,North,Office Supplies,Binders,Notebook,5,0,582.96,140.23,0.240548237,2025-07,2025
ORD-11558,20-03-2023,23-03-2023,Standard,CUST-1366,Consumer,India,Pune,Maharashtra,West,Technology,Phones,USB-C Hub,1,0.3,191.07,2.5,0.01308421,2023-03,2023
ORD-10129,27-05-2025,29-05-2025,Same Day,CUST-1418,Corporate,India,Jaipur,Rajasthan,North,Office Supplies,Stationery,Printer Paper,1,0.2,36.89,1.63,0.044185416,2025-05,2025
ORD-11812,22-07-2024,25-07-2024,Second Class,CUST-1226,Consumer,India,Mumbai,Maharashtra,West,Office Supplies,Writing,Notebook,1,0.15,57.18,6.62,0.115774746,2024-07,2024
ORD-11966,16-08-2023,17-08-2023,Second Class,CUST-1384,Consumer,India,Bengaluru,Karnataka,South,Furniture,Tables,Bookshelf,3,0.1,287.56,27.68,0.096258172,2023-08,2023
ORD-10959,10-08-2025,13-08-2025,Same Day,CUST-1222,Consumer,India,Bengaluru,Karnataka,South,Furniture,Office Furniture,Executive Chair,1,0,151.02,24.31,0.160972057,2025-08,2025
ORD-11064,07-06-2023,09-06-2023,Standard,CUST-1595,Consumer,India,Nagpur,Maharashtra,Central,Office Supplies,Paper,Envelope Pack,5,0.1,754.37,59.92,0.079430518,2023-06,2023
ORD-10300,25-08-2025,28-08-2025,Same Day,CUST-1282,Consumer,India,Lucknow,Uttar Pradesh,North,Technology,Printers,Smartphone,4,0.05,834.43,132.37,0.158635236,2025-08,2025
ORD-11320,14-06-2023,18-06-2023,Standard,CUST-1462,Consumer,India,Ahmedabad,Gujarat,West,Furniture,Chairs,Office Chair,2,0.1,1092.42,-31.31,-0.028661138,2023-06,2023
ORD-10021,16-08-2023,19-08-2023,Standard,CUST-1482,Consumer,India,Hyderabad,Telangana,South,Technology,Accessories,Monitor,2,0.15,861.66,161.18,0.18705754,2023-08,2023
ORD-10743,14-01-2023,17-01-2023,Standard,CUST-1047,Consumer,India,Mumbai,Maharashtra,West,Technology,Printers,USB-C Hub,2,0.1,705.95,99.15,0.14044904,2023-01,2023
ORD-11844,16-11-2024,18-11-2024,Standard,CUST-1232,Corporate,India,Pune,Maharashtra,West,Furniture,Office Furniture,Standing Desk,3,0.15,678.3,31.62,0.046616541,2024-11,2024
ORD-11857,04-12-2024,06-12-2024,Standard,CUST-1473,Consumer,India,Bhopal,Madhya Pradesh,Central,Furniture,Storage,Filing Cabinet,2,0.05,681.57,31.63,0.046407559,2024-12,2024
ORD-12339,01-01-2025,02-01-2025,Standard,CUST-1158,Consumer,India,Hyderabad,Telangana,South,Furniture,Office Furniture,Executive Chair,2,0.1,163.34,8.28,0.050691808,2025-01,2025
ORD-10724,13-06-2025,16-06-2025,Standard,CUST-1554,Consumer,India,Jaipur,Rajasthan,North,Furniture,Office Furniture,Conference Table,1,0.05,104.32,10.05,0.09633819,2025-06,2025
ORD-10868,07-10-2024,09-10-2024,Standard,CUST-1576,Corporate,India,Lucknow,Uttar Pradesh,North,Technology,Accessories,Smartphone,4,0.2,260.83,27.31,0.104704213,2024-10,2024
ORD-11418,21-05-2024,23-05-2024,Standard,CUST-1318,Consumer,India,Bhopal,Madhya Pradesh,Central,Technology,Accessories,Monitor,5,0.1,2102.91,256.63,0.122035655,2024-05,2024
ORD-11138,07-12-2025,10-12-2025,Standard,CUST-1549,Consumer,India,Mumbai,Maharashtra,West,Technology,Computers,USB-C Hub,4,0.15,5187.89,442.21,0.085238893,2025-12,2025
ORD-12301,24-12-2024,28-12-2024,Standard,CUST-1466,Corporate,India,Delhi,Delhi,North,Technology,Printers,Monitor,3,0.05,1639.78,266.98,0.162814524,2024-12,2024
ORD-12070,17-07-2025,19-07-2025,Standard,CUST-1319,Corporate,India,Chennai,Tamil Nadu,South,Technology,Accessories,Tablet,2,0.3,337.08,8.19,0.024296903,2025-07,2025
ORD-11063,28-09-2024,30-09-2024,Standard,CUST-1118,Home Office,India,Mumbai,Maharashtra,West,Office Supplies,Paper,File Binder,4,0.1,159.06,11.9,0.074814535,2024-09,2024
ORD-10360,17-09-2023,20-09-2023,Second Class,CUST-1469,Consumer,India,Bengaluru,Karnataka,South,Office Supplies,Binders,Notebook,1,0.05,175.28,19.01,0.108455043,2023-09,2023
ORD-12325,19-08-2025,20-08-2025,First Class,CUST-1492,Corporate,India,Lucknow,Uttar Pradesh,North,Technology,Computers,Tablet,5,0.15,741.84,68.97,0.09297153,2025-08,2025
ORD-10776,25-09-2025,27-09-2025,Second Class,CUST-1459,Corporate,India,Delhi,Delhi,North,Furniture,Storage,Reception Desk,3,0.15,365.59,20.27,0.055444624,2025-09,2025
ORD-10861,17-10-2025,21-10-2025,Second Class,CUST-1455,Corporate,India,Nagpur,Maharashtra,Central,Office Supplies,Paper,Ball Pen Set,3,0,115.55,15.36,0.132929468,2025-10,2025
ORD-10272,28-10-2023,30-10-2023,Standard,CUST-1531,Corporate,India,Kolkata,West Bengal,East,Office Supplies,Paper,Desk Organizer,2,0.3,150.03,-13.21,-0.088049057,2023-10,2023
ORD-12258,16-05-2024,20-05-2024,Second Class,CUST-1032,Home Office,India,Pune,Maharashtra,West,Office Supplies,Binders,Notebook,1,0.15,43.31,2.54,0.058646964,2024-05,2024
ORD-11752,23-03-2025,26-03-2025,Standard,CUST-1314,Consumer,India,Hyderabad,Telangana,South,Furniture,Storage,Bookshelf,1,0,229.86,12.38,0.053858871,2025-03,2025
ORD-11420,04-07-2025,05-07-2025,First Class,CUST-1226,Consumer,India,Delhi,Delhi,North,Furniture,Tables,Office Chair,2,0,286.67,46.47,0.162102766,2025-07,2025
ORD-11928,05-08-2023,09-08-2023,Second Class,CUST-1425,Corporate,India,Lucknow,Uttar Pradesh,North,Office Supplies,Paper,Desk Organizer,2,0.1,273.92,30.76,0.112295561,2023-08,2023
ORD-12189,12-02-2024,15-02-2024,Same Day,CUST-1536,Home Office,India,Bengaluru,Karnataka,South,Furniture,Tables,Standing Desk,1,0.1,84.02,10.78,0.128302785,2024-02,2024
ORD-12277,19-08-2023,22-08-2023,Standard,CUST-1015,Consumer,India,Lucknow,Uttar Pradesh,North,Office Supplies,Writing,Desk Organizer,2,0,108.03,16.31,0.150976581,2023-08,2023
ORD-12385,22-06-2025,25-06-2025,Same Day,CUST-1302,Consumer,India,Kolkata,West Bengal,East,Office Supplies,Binders,Desk Organizer,1,0,235.27,33.2,0.141114464,2025-06,2025
ORD-12254,26-11-2023,27-11-2023,Standard,CUST-1067,Home Office,India,Bhopal,Madhya Pradesh,Central,Furniture,Chairs,Conference Table,4,0,354.71,34.95,0.098531194,2023-11,2023
ORD-11495,14-03-2023,15-03-2023,Standard,CUST-1273,Consumer,India,Jaipur,Rajasthan,North,Office Supplies,Writing,Desk Organizer,3,0,1134.84,211.74,0.186581368,2023-03,2023
ORD-11294,23-07-2025,24-07-2025,Standard,CUST-1063,Consumer,India,Chennai,Tamil Nadu,South,Technology,Accessories,Smartphone,1,0.15,108.19,5.99,0.055365561,2025-07,2025
ORD-10970,17-05-2025,20-05-2025,Standard,CUST-1203,Consumer,India,Kolkata,West Bengal,East,Furniture,Chairs,Filing Cabinet,3,0.2,728.89,-16.12,-0.02211582,2025-05,2025
ORD-11306,15-08-2023,19-08-2023,First Class,CUST-1096,Home Office,India,Nagpur,Maharashtra,Central,Office Supplies,Binders,Envelope Pack,1,0.1,71.5,8.02,0.112167832,2023-08,2023
ORD-11642,04-02-2023,08-02-2023,Standard,CUST-1283,Consumer,India,Delhi,Delhi,North,Technology,Phones,USB-C Hub,3,0,621.06,83.56,0.134544166,2023-02,2023
ORD-10825,01-07-2024,05-07-2024,Second Class,CUST-1079,Corporate,India,Nagpur,Maharashtra,Central,Office Supplies,Stationery,File Binder,3,0.05,310.32,58.47,0.188418407,2024-07,2024
ORD-12160,12-11-2024,13-11-2024,Second Class,CUST-1220,Consumer,India,Nagpur,Maharashtra,Central,Office Supplies,Paper,Notebook,1,0.15,67.52,3.02,0.044727488,2024-11,2024
ORD-12118,13-07-2024,18-07-2024,Same Day,CUST-1294,Consumer,India,Pune,Maharashtra,West,Office Supplies,Binders,Desk Organizer,3,0,351.67,50.51,0.14362897,2024-07,2024
ORD-11410,25-01-2023,27-01-2023,Second Class,CUST-1065,Corporate,India,Jaipur,Rajasthan,North,Technology,Computers,Monitor,4,0,1233.57,272.18,0.220644147,2023-01,2023
ORD-11576,12-07-2023,14-07-2023,Second Class,CUST-1185,Corporate,India,Nagpur,Maharashtra,Central,Technology,Printers,Laser Printer,1,0.15,138.33,11.15,0.080604352,2023-07,2023
ORD-10888,20-02-2023,22-02-2023,Same Day,CUST-1416,Consumer,India,Chennai,Tamil Nadu,South,Technology,Phones,Wireless Headset,1,0.2,902.79,58.41,0.064699432,2023-02,2023
ORD-12313,08-02-2024,10-02-2024,Second Class,CUST-1180,Consumer,India,Mumbai,Maharashtra,West,Office Supplies,Writing,Sticky Notes,2,0.2,192.36,6.3,0.032751092,2024-02,2024
ORD-11850,24-03-2023,28-03-2023,Standard,CUST-1384,Consumer,India,Pune,Maharashtra,West,Furniture,Tables,Bookshelf,2,0.2,529.83,-49.19,-0.0928411,2023-03,2023
ORD-10528,10-09-2024,12-09-2024,Standard,CUST-1152,Corporate,India,Kolkata,West Bengal,East,Technology,Phones,USB-C Hub,5,0.15,1132.96,137.66,0.121504731,2024-09,2024
ORD-10070,05-12-2023,08-12-2023,Standard,CUST-1168,Consumer,India,Bengaluru,Karnataka,South,Technology,Phones,USB-C Hub,3,0.15,876.82,80.35,0.091637964,2023-12,2023
ORD-11535,20-09-2023,22-09-2023,Same Day,CUST-1573,Consumer,India,Pune,Maharashtra,West,Furniture,Tables,Conference Table,3,0.1,466.64,24.05,0.051538659,2023-09,2023
ORD-10785,19-07-2023,23-07-2023,Standard,CUST-1032,Consumer,India,Chennai,Tamil Nadu,South,Office Supplies,Binders,Sticky Notes,5,0.2,491.5,43.22,0.087934893,2023-07,2023
ORD-10061,21-01-2023,24-01-2023,First Class,CUST-1516,Corporate,India,Lucknow,Uttar Pradesh,North,Technology,Computers,Tablet,1,0.05,376.71,50.07,0.132913913,2023-01,2023
ORD-12302,07-05-2025,08-05-2025,Standard,CUST-1351,Corporate,India,Lucknow,Uttar Pradesh,North,Office Supplies,Stationery,Notebook,2,0,132.67,27.07,0.204040099,2025-05,2025
ORD-11023,09-12-2025,12-12-2025,Second Class,CUST-1070,Corporate,India,Lucknow,Uttar Pradesh,North,Technology,Printers,Smartphone,4,0,1746.79,334.6,0.19155136,2025-12,2025
ORD-11584,07-08-2023,10-08-2023,Second Class,CUST-1407,Consumer,India,Kolkata,West Bengal,East,Technology,Accessories,Wireless Headset,5,0.1,1031.56,194.24,0.188297336,2023-08,2023
ORD-10466,02-08-2024,04-08-2024,First Class,CUST-1182,Corporate,India,Chennai,Tamil Nadu,South,Technology,Computers,Smartphone,3,0,305.15,69.63,0.228182861,2024-08,2024
ORD-11456,17-04-2025,19-04-2025,Second Class,CUST-1078,Home Office,India,Mumbai,Maharashtra,West,Furniture,Office Furniture,Filing Cabinet,5,0.05,278.78,31.14,0.111700983,2025-04,2025
ORD-11590,04-01-2024,08-01-2024,Same Day,CUST-1455,Consumer,India,Bhopal,Madhya Pradesh,Central,Furniture,Office Furniture,Standing Desk,4,0.2,1580.88,21.8,0.013789788,2024-01,2024
ORD-12199,26-07-2025,29-07-2025,First Class,CUST-1189,Home Office,India,Hyderabad,Telangana,South,Technology,Printers,Business Laptop,2,0.05,81.26,13.18,0.162195422,2025-07,2025
ORD-10485,12-09-2023,15-09-2023,First Class,CUST-1211,Home Office,India,Ahmedabad,Gujarat,West,Technology,Accessories,Tablet,2,0.05,587.07,89.91,0.153150391,2023-09,2023
ORD-10927,09-06-2025,13-06-2025,Standard,CUST-1512,Consumer,India,Ahmedabad,Gujarat,West,Furniture,Chairs,Executive Chair,1,0.1,507.44,35,0.068973672,2025-06,2025
ORD-10336,21-11-2025,23-11-2025,Second Class,CUST-1027,Corporate,India,Bengaluru,Karnataka,South,Office Supplies,Stationery,Printer Paper,3,0.15,836.82,99.53,0.118938362,2025-11,2025
ORD-10360,14-10-2023,17-10-2023,Standard,CUST-1196,Consumer,India,Chennai,Tamil Nadu,South,Technology,Printers,Tablet,1,0.2,439,17.21,0.039202733,2023-10,2023
ORD-10473,30-11-2024,03-12-2024,Standard,CUST-1256,Home Office,India,Jaipur,Rajasthan,North,Technology,Computers,Wireless Headset,5,0.15,1829.54,229.61,0.125501492,2024-11,2024
ORD-12001,15-11-2024,17-11-2024,Same Day,CUST-1073,Home Office,India,Kolkata,West Bengal,East,Furniture,Office Furniture,Conference Table,3,0,619.85,82.5,0.133096717,2024-11,2024
ORD-12281,06-11-2024,10-11-2024,First Class,CUST-1104,Consumer,India,Kolkata,West Bengal,East,Furniture,Office Furniture,Bookshelf,5,0.2,735.39,-29.19,-0.039693224,2024-11,2024
ORD-11389,19-04-2024,22-04-2024,Standard,CUST-1507,Consumer,India,Delhi,Delhi,North,Technology,Accessories,Business Laptop,3,0.15,4415.15,346.94,0.078579437,2024-04,2024
ORD-10372,14-06-2024,18-06-2024,Second Class,CUST-1348,Corporate,India,Bhopal,Madhya Pradesh,Central,Furniture,Tables,Reception Desk,3,0,601.35,88.04,0.146403925,2024-06,2024
ORD-12072,11-09-2025,12-09-2025,Standard,CUST-1008,Consumer,India,Lucknow,Uttar Pradesh,North,Office Supplies,Paper,Desk Organizer,2,0.2,265.08,9.06,0.034178361,2025-09,2025
ORD-10699,16-12-2025,21-12-2025,First Class,CUST-1436,Corporate,India,Bhopal,Madhya Pradesh,Central,Office Supplies,Stationery,Printer Paper,5,0,1525.31,266.11,0.174462896,2025-12,2025
ORD-11607,17-09-2024,22-09-2024,Standard,CUST-1195,Consumer,India,Kolkata,West Bengal,East,Office Supplies,Binders,Notebook,3,0.3,241.29,-11.09,-0.045961291,2024-09,2024
ORD-10496,19-05-2024,21-05-2024,Standard,CUST-1033,Consumer,India,Pune,Maharashtra,West,Office Supplies,Paper,Sticky Notes,4,0.1,73.4,5.64,0.076839237,2024-05,2024
ORD-12237,13-05-2025,17-05-2025,Standard,CUST-1531,Corporate,India,Lucknow,Uttar Pradesh,North,Furniture,Storage,Conference Table,3,0.05,227.31,31.48,0.138489288,2025-05,2025
ORD-10792,02-12-2025,06-12-2025,Second Class,CUST-1229,Corporate,India,Hyderabad,Telangana,South,Technology,Printers,Wireless Headset,2,0.1,253.46,31.05,0.122504537,2025-12,2025
ORD-12389,01-02-2024,03-02-2024,Standard,CUST-1522,Consumer,India,Bengaluru,Karnataka,South,Technology,Accessories,Tablet,3,0.1,595.54,74.38,0.124895053,2024-02,2024
ORD-11126,17-06-2023,20-06-2023,Second Class,CUST-1308,Consumer,India,Nagpur,Maharashtra,Central,Furniture,Chairs,Reception Desk,2,0.1,425.09,16.31,0.038368346,2023-06,2023
ORD-11113,12-04-2023,14-04-2023,Same Day,CUST-1244,Corporate,India,Pune,Maharashtra,West,Office Supplies,Binders,Envelope Pack,1,0.1,218.73,9.13,0.041740959,2023-04,2023
ORD-10030,13-10-2024,14-10-2024,Second Class,CUST-1349,Corporate,India,Pune,Maharashtra,West,Office Supplies,Writing,Envelope Pack,1,0.1,49.36,3.59,0.072730956,2024-10,2024
ORD-11012,02-04-2024,04-04-2024,Standard,CUST-1532,Consumer,India,Hyderabad,Telangana,South,Technology,Printers,Smartphone,2,0.05,123.71,21.84,0.176541913,2024-04,2024
ORD-10381,03-09-2025,05-09-2025,Standard,CUST-1556,Consumer,India,Delhi,Delhi,North,Technology,Phones,Laser Printer,2,0.05,396.99,46.56,0.117282551,2025-09,2025
ORD-10504,06-04-2023,07-04-2023,Standard,CUST-1550,Consumer,India,Kolkata,West Bengal,East,Technology,Phones,Tablet,2,0,586.24,120.7,0.205888373,2023-04,2023
ORD-12022,06-08-2023,08-08-2023,Standard,CUST-1226,Consumer,India,Nagpur,Maharashtra,Central,Technology,Phones,Mechanical Keyboard,2,0.15,537.28,77.73,0.144673169,2023-08,2023
ORD-10525,07-01-2024,10-01-2024,Standard,CUST-1523,Consumer,India,Bhopal,Madhya Pradesh,Central,Office Supplies,Paper,File Binder,2,0.1,175.56,22.15,0.126167692,2024-01,2024
ORD-12276,04-12-2025,06-12-2025,Standard,CUST-1001,Consumer,India,Delhi,Delhi,North,Technology,Accessories,Monitor,4,0.15,1323.94,125.82,0.095034518,2025-12,2025
ORD-10840,14-02-2024,17-02-2024,Second Class,CUST-1391,Consumer,India,Nagpur,Maharashtra,Central,Furniture,Tables,Executive Chair,5,0.05,691.83,65.16,0.094184988,2024-02,2024
ORD-11537,23-08-2023,25-08-2023,Same Day,CUST-1208,Consumer,India,Kolkata,West Bengal,East,Technology,Phones,USB-C Hub,5,0.2,1394.6,96.16,0.068951671,2023-08,2023
ORD-12423,06-11-2024,09-11-2024,Standard,CUST-1226,Consumer,India,Chennai,Tamil Nadu,South,Technology,Computers,Smartphone,4,0,638.21,114.36,0.179188668,2024-11,2024
ORD-10046,01-01-2024,02-01-2024,Standard,CUST-1069,Consumer,India,Chennai,Tamil Nadu,South,Technology,Phones,Monitor,1,0.1,673.67,95.27,0.141419389,2024-01,2024
ORD-11096,27-04-2023,30-04-2023,First Class,CUST-1320,Corporate,India,Pune,Maharashtra,West,Office Supplies,Binders,File Binder,5,0,202.02,36.57,0.181021681,2023-04,2023
ORD-11869,05-10-2024,06-10-2024,Standard,CUST-1531,Consumer,India,Pune,Maharashtra,West,Technology,Printers,Smartphone,2,0.1,364.53,41.61,0.114146984,2024-10,2024
ORD-11587,01-06-2023,03-06-2023,Standard,CUST-1099,Home Office,India,Mumbai,Maharashtra,West,Office Supplies,Writing,Printer Paper,4,0.2,1383.73,102.48,0.074060691,2023-06,2023
ORD-12094,28-09-2025,30-09-2025,Second Class,CUST-1241,Corporate,India,Hyderabad,Telangana,South,Furniture,Office Furniture,Filing Cabinet,2,0.3,258.96,-17.81,-0.0687751,2025-09,2025
ORD-12021,25-04-2023,29-04-2023,Standard,CUST-1173,Corporate,India,Ahmedabad,Gujarat,West,Furniture,Chairs,Conference Table,2,0.1,239.72,30.21,0.126022026,2023-04,2023
ORD-11640,30-11-2025,02-12-2025,Second Class,CUST-1296,Consumer,India,Chennai,Tamil Nadu,South,Technology,Printers,Business Laptop,1,0.3,168.61,8.76,0.051954214,2025-11,2025
ORD-11412,13-02-2025,17-02-2025,Second Class,CUST-1316,Consumer,India,Hyderabad,Telangana,South,Office Supplies,Paper,Notebook,1,0.1,102.5,10.05,0.09804878,2025-02,2025
ORD-10050,04-08-2024,06-08-2024,Standard,CUST-1125,Corporate,India,Pune,Maharashtra,West,Office Supplies,Stationery,Sticky Notes,2,0.05,109.92,21.26,0.193413392,2024-08,2024
ORD-12108,10-12-2025,12-12-2025,Standard,CUST-1398,Consumer,India,Delhi,Delhi,North,Furniture,Tables,Standing Desk,3,0.05,241.33,22.15,0.091783036,2025-12,2025
ORD-10707,09-11-2023,12-11-2023,Second Class,CUST-1151,Consumer,India,Pune,Maharashtra,West,Office Supplies,Stationery,Printer Paper,5,0.15,545.64,35.97,0.065922586,2023-11,2023
ORD-11444,06-05-2023,09-05-2023,Standard,CUST-1036,Consumer,India,Delhi,Delhi,North,Office Supplies,Writing,Sticky Notes,3,0.2,118.45,2.01,0.016969185,2023-05,2023
ORD-11766,23-10-2023,26-10-2023,Standard,CUST-1562,Consumer,India,Kolkata,West Bengal,East,Furniture,Tables,Conference Table,2,0,830.67,106.61,0.128342182,2023-10,2023
ORD-12150,14-08-2024,16-08-2024,Standard,CUST-1011,Home Office,India,Ahmedabad,Gujarat,West,Office Supplies,Writing,Printer Paper,1,0,145.58,27.96,0.192059349,2024-08,2024
ORD-10417,29-11-2024,01-12-2024,First Class,CUST-1128,Corporate,India,Jaipur,Rajasthan,North,Technology,Phones,Business Laptop,5,0.1,359.71,45.26,0.12582358,2024-11,2024
ORD-12301,07-07-2024,10-07-2024,Standard,CUST-1166,Consumer,India,Jaipur,Rajasthan,North,Office Supplies,Stationery,Sticky Notes,5,0.3,87.41,-5.4,-0.061777829,2024-07,2024
ORD-12424,26-02-2023,28-02-2023,Standard,CUST-1311,Corporate,India,Jaipur,Rajasthan,North,Technology,Printers,Monitor,4,0.15,489.87,51.68,0.105497377,2023-02,2023
ORD-11562,09-02-2023,11-02-2023,Same Day,CUST-1228,Consumer,India,Kolkata,West Bengal,East,Office Supplies,Writing,Ball Pen Set,2,0.2,91.79,-0.46,-0.005011439,2023-02,2023
ORD-11349,27-12-2023,29-12-2023,Standard,CUST-1488,Corporate,India,Pune,Maharashtra,West,Technology,Printers,Monitor,5,0.3,687.31,3.01,0.004379392,2023-12,2023
ORD-10841,28-11-2024,30-11-2024,Second Class,CUST-1538,Consumer,India,Mumbai,Maharashtra,West,Technology,Accessories,Wireless Headset,3,0.1,1069.22,183.28,0.171414676,2024-11,2024
ORD-11472,26-09-2024,27-09-2024,Second Class,CUST-1405,Consumer,India,Pune,Maharashtra,West,Technology,Phones,USB-C Hub,3,0.05,876.61,116.5,0.132898324,2024-09,2024
ORD-11568,29-11-2024,30-11-2024,Standard,CUST-1514,Corporate,India,Chennai,Tamil Nadu,South,Furniture,Tables,Filing Cabinet,4,0.05,787.11,90.86,0.115434946,2024-11,2024
ORD-11391,10-03-2023,12-03-2023,Same Day,CUST-1198,Corporate,India,Jaipur,Rajasthan,North,Technology,Accessories,Wireless Headset,5,0.05,1469.4,244.68,0.166516946,2023-03,2023
ORD-10832,26-11-2023,28-11-2023,First Class,CUST-1283,Consumer,India,Pune,Maharashtra,West,Furniture,Office Furniture,Office Chair,3,0,846.13,108.51,0.128242705,2023-11,2023
ORD-12054,04-08-2024,07-08-2024,Standard,CUST-1587,Consumer,India,Lucknow,Uttar Pradesh,North,Furniture,Chairs,Filing Cabinet,4,0,848.02,66.44,0.078347209,2024-08,2024
ORD-10760,28-11-2024,01-12-2024,Standard,CUST-1012,Consumer,India,Lucknow,Uttar Pradesh,North,Technology,Computers,Monitor,2,0,274.42,68.34,0.249034327,2024-11,2024
ORD-10511,10-01-2023,13-01-2023,Standard,CUST-1498,Corporate,India,Chennai,Tamil Nadu,South,Technology,Accessories,Mechanical Keyboard,3,0.2,2771.62,130.6,0.047120457,2023-01,2023
ORD-10505,13-11-2023,18-11-2023,Same Day,CUST-1182,Consumer,India,Kolkata,West Bengal,East,Office Supplies,Writing,Notebook,3,0.2,353.03,0.51,0.001444636,2023-11,2023
ORD-12256,12-01-2023,16-01-2023,Standard,CUST-1548,Consumer,India,Mumbai,Maharashtra,West,Office Supplies,Writing,Notebook,2,0.3,95.34,1.86,0.019509125,2023-01,2023
ORD-12187,08-12-2025,09-12-2025,Second Class,CUST-1107,Home Office,India,Hyderabad,Telangana,South,Office Supplies,Binders,Envelope Pack,5,0.05,220.65,26.05,0.118060276,2025-12,2025
ORD-10237,28-09-2023,29-09-2023,Standard,CUST-1073,Consumer,India,Kolkata,West Bengal,East,Furniture,Storage,Bookshelf,2,0.05,1125.14,122.61,0.108973106,2023-09,2023
ORD-11533,03-07-2025,07-07-2025,First Class,CUST-1055,Consumer,India,Kolkata,West Bengal,East,Furniture,Chairs,Office Chair,4,0.05,427.01,34.22,0.080138638,2025-07,2025
ORD-11338,22-07-2025,26-07-2025,Second Class,CUST-1448,Consumer,India,Pune,Maharashtra,West,Technology,Printers,Monitor,2,0.1,206.1,27.7,0.134400776,2025-07,2025
ORD-11144,31-05-2023,02-06-2023,Standard,CUST-1339,Consumer,India,Nagpur,Maharashtra,Central,Furniture,Storage,Standing Desk,4,0,1387.26,125.2,0.090249845,2023-05,2023
ORD-11593,06-03-2023,08-03-2023,Standard,CUST-1002,Home Office,India,Jaipur,Rajasthan,North,Furniture,Storage,Filing Cabinet,3,0,262.31,48.3,0.184133277,2023-03,2023
ORD-10838,24-05-2024,26-05-2024,First Class,CUST-1132,Consumer,India,Bengaluru,Karnataka,South,Office Supplies,Writing,Ball Pen Set,3,0.15,303.84,36.12,0.118878357,2024-05,2024
ORD-10404,19-05-2024,21-05-2024,Same Day,CUST-1375,Consumer,India,Lucknow,Uttar Pradesh,North,Office Supplies,Stationery,Desk Organizer,2,0.1,124.28,8.79,0.07072739,2024-05,2024
ORD-11245,17-07-2025,19-07-2025,First Class,CUST-1091,Consumer,India,Jaipur,Rajasthan,North,Technology,Computers,Laser Printer,2,0.05,820.58,123.01,0.149906164,2025-07,2025
ORD-12228,09-07-2023,13-07-2023,Standard,CUST-1248,Consumer,India,Delhi,Delhi,North,Furniture,Chairs,Bookshelf,3,0.1,372.21,24.33,0.065366325,2023-07,2023
ORD-11597,27-04-2024,28-04-2024,Standard,CUST-1318,Home Office,India,Bhopal,Madhya Pradesh,Central,Technology,Phones,USB-C Hub,2,0.15,309.61,30.34,0.097994251,2024-04,2024
ORD-12274,08-08-2024,11-08-2024,Second Class,CUST-1599,Consumer,India,Kolkata,West Bengal,East,Technology,Printers,Tablet,4,0.3,277.82,6.25,0.022496581,2024-08,2024
ORD-10796,24-04-2023,26-04-2023,Standard,CUST-1510,Consumer,India,Delhi,Delhi,North,Technology,Phones,Smartphone,1,0.2,137,17.52,0.127883212,2023-04,2023
ORD-10721,22-12-2023,23-12-2023,Standard,CUST-1319,Consumer,India,Delhi,Delhi,North,Office Supplies,Stationery,Desk Organizer,4,0.1,153.54,13.48,0.087794711,2023-12,2023
ORD-11579,03-08-2024,06-08-2024,Same Day,CUST-1165,Consumer,India,Hyderabad,Telangana,South,Technology,Computers,Monitor,2,0.2,1419.79,53.5,0.037681629,2024-08,2024
ORD-11739,29-09-2023,02-10-2023,First Class,CUST-1145,Home Office,India,Hyderabad,Telangana,South,Furniture,Tables,Standing Desk,4,0.1,917.66,76.17,0.083004599,2023-09,2023
ORD-12369,08-03-2023,10-03-2023,Same Day,CUST-1541,Consumer,India,Hyderabad,Telangana,South,Furniture,Office Furniture,Bookshelf,4,0.2,891.84,34.85,0.039076516,2023-03,2023
ORD-10654,19-02-2025,24-02-2025,First Class,CUST-1596,Home Office,India,Ahmedabad,Gujarat,West,Office Supplies,Stationery,Notebook,5,0.15,736.4,85.56,0.116186855,2025-02,2025
ORD-10505,24-08-2024,27-08-2024,Standard,CUST-1215,Consumer,India,Delhi,Delhi,North,Technology,Phones,Smartphone,2,0.15,1198.73,103.22,0.086107797,2024-08,2024
ORD-10585,15-03-2023,19-03-2023,Standard,CUST-1335,Corporate,India,Pune,Maharashtra,West,Furniture,Office Furniture,Office Chair,4,0.15,935.6,31.49,0.033657546,2023-03,2023
ORD-10433,23-07-2025,26-07-2025,First Class,CUST-1200,Corporate,India,Delhi,Delhi,North,Office Supplies,Stationery,Desk Organizer,2,0.15,167.19,9.46,0.056582331,2025-07,2025
ORD-11964,18-05-2023,22-05-2023,Standard,CUST-1120,Home Office,India,Kolkata,West Bengal,East,Office Supplies,Writing,Notebook,4,0.05,174.79,33.89,0.193889811,2023-05,2023
ORD-12077,07-04-2023,11-04-2023,Standard,CUST-1094,Consumer,India,Hyderabad,Telangana,South,Furniture,Chairs,Filing Cabinet,1,0,362.11,47.86,0.132169783,2023-04,2023
ORD-10559,18-08-2024,19-08-2024,Standard,CUST-1432,Corporate,India,Kolkata,West Bengal,East,Furniture,Chairs,Reception Desk,4,0,384.01,64.09,0.166896695,2024-08,2024
ORD-10466,22-05-2024,23-05-2024,Standard,CUST-1017,Consumer,India,Hyderabad,Telangana,South,Technology,Computers,Tablet,2,0.15,159.26,19.12,0.120055256,2024-05,2024
ORD-10898,10-12-2023,13-12-2023,Standard,CUST-1063,Consumer,India,Ahmedabad,Gujarat,West,Office Supplies,Writing,Desk Organizer,2,0.15,500.68,38.15,0.076196373,2023-12,2023
ORD-10191,05-05-2023,06-05-2023,Standard,CUST-1265,Corporate,India,Pune,Maharashtra,West,Furniture,Tables,Executive Chair,3,0,324.7,51.37,0.158207576,2023-05,2023
ORD-11987,21-01-2025,23-01-2025,First Class,CUST-1002,Consumer,India,Chennai,Tamil Nadu,South,Technology,Accessories,USB-C Hub,4,0.2,1040.83,81.19,0.078005054,2025-01,2025
ORD-12229,24-06-2023,27-06-2023,Second Class,CUST-1256,Consumer,India,Hyderabad,Telangana,South,Technology,Computers,Monitor,1,0.1,183.77,28.86,0.157044131,2023-06,2023
ORD-10279,27-07-2023,30-07-2023,First Class,CUST-1138,Consumer,India,Bengaluru,Karnataka,South,Technology,Computers,Mechanical Keyboard,2,0,568.04,93.27,0.164196183,2023-07,2023
ORD-11963,13-03-2023,15-03-2023,First Class,CUST-1465,Consumer,India,Nagpur,Maharashtra,Central,Technology,Computers,Mechanical Keyboard,1,0,154.43,23.23,0.15042414,2023-03,2023
ORD-11947,15-01-2025,18-01-2025,Standard,CUST-1573,Corporate,India,Bhopal,Madhya Pradesh,Central,Furniture,Chairs,Bookshelf,5,0.2,397.21,-19.76,-0.049746985,2025-01,2025
ORD-11604,15-02-2023,16-02-2023,Standard,CUST-1252,Corporate,India,Ahmedabad,Gujarat,West,Furniture,Storage,Reception Desk,2,0.3,509.31,-21.83,-0.042861911,2023-02,2023
ORD-10219,02-06-2023,05-06-2023,First Class,CUST-1264,Consumer,India,Lucknow,Uttar Pradesh,North,Furniture,Chairs,Office Chair,2,0,266.79,37.07,0.138948236,2023-06,2023
ORD-10506,17-06-2025,21-06-2025,Standard,CUST-1581,Consumer,India,Lucknow,Uttar Pradesh,North,Furniture,Storage,Bookshelf,1,0.15,1046.26,83.13,0.079454438,2025-06,2025
ORD-12094,23-07-2024,25-07-2024,Second Class,CUST-1393,Consumer,India,Bengaluru,Karnataka,South,Technology,Computers,USB-C Hub,1,0.1,367.07,30.59,0.083335604,2024-07,2024
ORD-12071,08-06-2025,11-06-2025,Second Class,CUST-1003,Corporate,India,Ahmedabad,Gujarat,West,Furniture,Tables,Reception Desk,1,0,209.29,39.41,0.188303311,2025-06,2025
ORD-11887,12-04-2025,15-04-2025,First Class,CUST-1527,Home Office,India,Pune,Maharashtra,West,Technology,Phones,Business Laptop,1,0.15,285.6,26.29,0.092051821,2025-04,2025
ORD-10409,10-10-2025,12-10-2025,First Class,CUST-1569,Home Office,India,Delhi,Delhi,North,Technology,Phones,Monitor,2,0.3,648.17,2.5,0.003857013,2025-10,2025
ORD-10529,22-09-2023,26-09-2023,Standard,CUST-1385,Home Office,India,Hyderabad,Telangana,South,Technology,Printers,Business Laptop,2,0,313.36,47.08,0.150242533,2023-09,2023
ORD-10993,12-03-2023,15-03-2023,Standard,CUST-1574,Corporate,India,Mumbai,Maharashtra,West,Office Supplies,Stationery,File Binder,4,0.3,616.74,-46.69,-0.075704511,2023-03,2023
ORD-12173,12-11-2025,16-11-2025,Standard,CUST-1016,Corporate,India,Kolkata,West Bengal,East,Office Supplies,Writing,Sticky Notes,2,0.15,101.42,1.1,0.010845987,2025-11,2025
ORD-11210,23-03-2023,25-03-2023,Second Class,CUST-1556,Home Office,India,Chennai,Tamil Nadu,South,Furniture,Tables,Standing Desk,2,0.15,501.65,-4,-0.007973687,2023-03,2023
ORD-10244,29-08-2023,31-08-2023,Standard,CUST-1475,Home Office,India,Lucknow,Uttar Pradesh,North,Furniture,Chairs,Conference Table,4,0.05,1012.74,107.48,0.10612793,2023-08,2023
ORD-12085,22-11-2024,24-11-2024,Standard,CUST-1309,Corporate,India,Kolkata,West Bengal,East,Furniture,Chairs,Office Chair,2,0.3,988.18,-76.96,-0.077880548,2024-11,2024
ORD-12001,23-06-2025,26-06-2025,Same Day,CUST-1027,Consumer,India,Chennai,Tamil Nadu,South,Office Supplies,Stationery,Printer Paper,1,0.05,37,3.84,0.103783784,2025-06,2025
ORD-12300,15-05-2023,17-05-2023,Standard,CUST-1319,Consumer,India,Ahmedabad,Gujarat,West,Furniture,Office Furniture,Filing Cabinet,4,0,348.23,44.1,0.126640439,2023-05,2023
ORD-10142,18-07-2023,23-07-2023,Same Day,CUST-1436,Consumer,India,Chennai,Tamil Nadu,South,Office Supplies,Binders,Printer Paper,2,0.3,51.96,-1.04,-0.020015396,2023-07,2023
ORD-10761,29-12-2025,01-01-2026,Standard,CUST-1083,Corporate,India,Kolkata,West Bengal,East,Technology,Printers,Monitor,4,0.2,537.95,63.96,0.118895808,2025-12,2025
ORD-12199,28-08-2023,31-08-2023,Second Class,CUST-1303,Consumer,India,Bhopal,Madhya Pradesh,Central,Technology,Phones,Monitor,2,0.2,391.37,34.32,0.087691954,2023-08,2023
ORD-10167,17-12-2023,20-12-2023,First Class,CUST-1584,Corporate,India,Lucknow,Uttar Pradesh,North,Technology,Computers,Mechanical Keyboard,1,0.3,126.1,-3.67,-0.029103886,2023-12,2023
ORD-10045,20-06-2023,21-06-2023,Second Class,CUST-1285,Corporate,India,Delhi,Delhi,North,Furniture,Office Furniture,Filing Cabinet,1,0.1,107.04,7.06,0.065956652,2023-06,2023
ORD-11817,31-01-2024,04-02-2024,Standard,CUST-1500,Corporate,India,Hyderabad,Telangana,South,Technology,Printers,Monitor,1,0.2,373.03,34.51,0.092512667,2024-01,2024
ORD-11432,23-06-2023,26-06-2023,Standard,CUST-1011,Consumer,India,Chennai,Tamil Nadu,South,Office Supplies,Stationery,Printer Paper,2,0.05,205.19,25.13,0.122471855,2023-06,2023
ORD-11968,22-02-2024,24-02-2024,Same Day,CUST-1255,Consumer,India,Lucknow,Uttar Pradesh,North,Technology,Phones,Smartphone,1,0.1,258,40.49,0.156937984,2024-02,2024
ORD-10272,28-02-2024,01-03-2024,Standard,CUST-1588,Corporate,India,Nagpur,Maharashtra,Central,Furniture,Storage,Filing Cabinet,1,0,416.71,60.99,0.146360778,2024-02,2024
ORD-11575,31-05-2025,02-06-2025,Standard,CUST-1206,Consumer,India,Bengaluru,Karnataka,South,Office Supplies,Binders,Printer Paper,1,0.15,25.27,2.81,0.11119905,2025-05,2025
ORD-11746,31-12-2023,03-01-2024,Standard,CUST-1457,Corporate,India,Ahmedabad,Gujarat,West,Technology,Printers,Smartphone,2,0,486.04,107.63,0.22144268,2023-12,2023
ORD-10875,09-01-2023,11-01-2023,First Class,CUST-1318,Corporate,India,Chennai,Tamil Nadu,South,Technology,Phones,Mechanical Keyboard,2,0.1,295.13,51.06,0.173008505,2023-01,2023
ORD-11151,28-01-2023,30-01-2023,Second Class,CUST-1003,Consumer,India,Delhi,Delhi,North,Furniture,Storage,Standing Desk,4,0.2,1229.96,55.56,0.045172201,2023-01,2023
ORD-10971,09-01-2023,10-01-2023,Standard,CUST-1061,Corporate,India,Kolkata,West Bengal,East,Office Supplies,Stationery,Ball Pen Set,3,0,250.46,43.38,0.17320131,2023-01,2023
ORD-12204,06-10-2023,10-10-2023,First Class,CUST-1065,Consumer,India,Chennai,Tamil Nadu,South,Office Supplies,Writing,Notebook,3,0,568.3,67.72,0.119162414,2023-10,2023
ORD-10801,01-05-2023,03-05-2023,Same Day,CUST-1161,Consumer,India,Hyderabad,Telangana,South,Technology,Phones,Wireless Headset,1,0.05,295.19,54.04,0.183068532,2023-05,2023
ORD-10112,16-02-2023,19-02-2023,Standard,CUST-1140,Corporate,India,Nagpur,Maharashtra,Central,Office Supplies,Binders,Envelope Pack,5,0.15,584.77,79.44,0.135848282,2023-02,2023
ORD-11765,09-04-2023,13-04-2023,Standard,CUST-1469,Consumer,India,Nagpur,Maharashtra,Central,Office Supplies,Binders,Sticky Notes,2,0,177.12,28.95,0.163448509,2023-04,2023
ORD-10481,09-02-2024,11-02-2024,Standard,CUST-1322,Consumer,India,Bhopal,Madhya Pradesh,Central,Office Supplies,Writing,Ball Pen Set,4,0.05,347.1,39.09,0.112618842,2024-02,2024
ORD-10623,23-08-2024,26-08-2024,Standard,CUST-1336,Consumer,India,Ahmedabad,Gujarat,West,Technology,Computers,Smartphone,1,0,393.89,91.81,0.233085379,2024-08,2024
ORD-10260,25-11-2025,29-11-2025,Second Class,CUST-1153,Corporate,India,Lucknow,Uttar Pradesh,North,Technology,Phones,Smartphone,4,0.1,2026.56,213.91,0.105553253,2025-11,2025
ORD-10616,06-10-2024,08-10-2024,Standard,CUST-1058,Corporate,India,Bengaluru,Karnataka,South,Technology,Phones,Wireless Headset,2,0,2619.83,520.54,0.198692282,2024-10,2024
ORD-12347,20-06-2023,23-06-2023,Standard,CUST-1576,Consumer,India,Chennai,Tamil Nadu,South,Technology,Phones,USB-C Hub,4,0.1,1438.43,210.71,0.146486099,2023-06,2023
ORD-12047,28-01-2025,01-02-2025,First Class,CUST-1595,Corporate,India,Kolkata,West Bengal,East,Furniture,Office Furniture,Filing Cabinet,2,0.15,1006.59,26.44,0.026266901,2025-01,2025
ORD-10935,27-01-2023,28-01-2023,Second Class,CUST-1303,Corporate,India,Hyderabad,Telangana,South,Technology,Printers,Wireless Headset,3,0.1,734.03,109.34,0.148958489,2023-01,2023
ORD-11467,21-09-2023,22-09-2023,First Class,CUST-1491,Consumer,India,Kolkata,West Bengal,East,Furniture,Storage,Bookshelf,4,0,1302.37,217.35,0.166888058,2023-09,2023
ORD-11782,19-07-2024,24-07-2024,Standard,CUST-1153,Consumer,India,Chennai,Tamil Nadu,South,Technology,Accessories,Laser Printer,1,0.15,359.06,48.78,0.135854732,2024-07,2024
ORD-12045,08-06-2025,11-06-2025,Standard,CUST-1214,Consumer,India,Pune,Maharashtra,West,Furniture,Office Furniture,Office Chair,1,0.3,92.05,-2.96,-0.032156437,2025-06,2025
ORD-11650,04-12-2025,07-12-2025,Second Class,CUST-1513,Consumer,India,Lucknow,Uttar Pradesh,North,Technology,Phones,Mechanical Keyboard,3,0.2,336.72,36.63,0.108784747,2025-12,2025
ORD-10595,17-05-2024,22-05-2024,Same Day,CUST-1021,Consumer,India,Bengaluru,Karnataka,South,Furniture,Tables,Reception Desk,3,0.3,251.62,-21.21,-0.084293776,2024-05,2024
ORD-10353,14-08-2023,15-08-2023,Second Class,CUST-1152,Consumer,India,Lucknow,Uttar Pradesh,North,Office Supplies,Writing,Envelope Pack,2,0.05,96,16.14,0.168125,2023-08,2023
ORD-12051,28-05-2025,30-05-2025,First Class,CUST-1410,Corporate,India,Jaipur,Rajasthan,North,Technology,Phones,Wireless Headset,1,0,563.36,128.7,0.228450724,2025-05,2025
ORD-12130,29-07-2025,31-07-2025,Same Day,CUST-1566,Corporate,India,Delhi,Delhi,North,Technology,Phones,Wireless Headset,1,0.2,288.74,8.43,0.029195816,2025-07,2025
ORD-11304,14-11-2023,15-11-2023,Second Class,CUST-1189,Home Office,India,Bhopal,Madhya Pradesh,Central,Office Supplies,Stationery,Envelope Pack,5,0.15,321.93,34.79,0.108066971,2023-11,2023
ORD-11759,04-03-2023,07-03-2023,First Class,CUST-1046,Corporate,India,Jaipur,Rajasthan,North,Furniture,Chairs,Standing Desk,1,0.1,64.89,6.32,0.097395593,2023-03,2023
ORD-11419,11-10-2023,14-10-2023,Second Class,CUST-1260,Consumer,India,Mumbai,Maharashtra,West,Technology,Computers,Monitor,2,0.05,397.76,76.38,0.192025342,2023-10,2023
ORD-10540,24-12-2023,26-12-2023,Standard,CUST-1350,Consumer,India,Nagpur,Maharashtra,Central,Technology,Printers,Smartphone,1,0,157.41,38.96,0.247506512,2023-12,2023
ORD-12004,23-08-2025,28-08-2025,First Class,CUST-1206,Home Office,India,Ahmedabad,Gujarat,West,Office Supplies,Binders,Desk Organizer,5,0,931.8,145.48,0.156127924,2025-08,2025
ORD-11387,21-03-2024,23-03-2024,Same Day,CUST-1352,Corporate,India,Nagpur,Maharashtra,Central,Technology,Printers,Mechanical Keyboard,3,0.3,556.49,7.85,0.014106273,2024-03,2024
ORD-11953,17-03-2025,18-03-2025,First Class,CUST-1129,Corporate,India,Bengaluru,Karnataka,South,Technology,Computers,Laser Printer,3,0,440.6,87.6,0.198819791,2025-03,2025
ORD-10550,17-09-2023,20-09-2023,First Class,CUST-1162,Consumer,India,Ahmedabad,Gujarat,West,Furniture,Storage,Executive Chair,3,0.2,442.8,-11.63,-0.026264679,2023-09,2023
ORD-10044,11-05-2023,13-05-2023,Same Day,CUST-1347,Corporate,India,Hyderabad,Telangana,South,Office Supplies,Paper,Envelope Pack,2,0.3,138.16,-5.3,-0.03836132,2023-05,2023
ORD-10553,13-12-2023,16-12-2023,Second Class,CUST-1367,Home Office,India,Nagpur,Maharashtra,Central,Technology,Phones,Monitor,3,0.15,287.57,25.84,0.089856383,2023-12,2023
ORD-10203,18-11-2025,21-11-2025,Standard,CUST-1560,Home Office,India,Pune,Maharashtra,West,Office Supplies,Binders,Envelope Pack,1,0,122.02,20.11,0.164809048,2025-11,2025
ORD-10759,14-01-2024,16-01-2024,Standard,CUST-1169,Corporate,India,Kolkata,West Bengal,East,Technology,Phones,USB-C Hub,3,0,1052.21,255.74,0.243050342,2024-01,2024
ORD-11294,01-01-2024,03-01-2024,Second Class,CUST-1079,Corporate,India,Bhopal,Madhya Pradesh,Central,Technology,Printers,Wireless Headset,2,0.1,259.62,44.34,0.170788075,2024-01,2024
ORD-12233,29-02-2024,03-03-2024,Standard,CUST-1385,Corporate,India,Ahmedabad,Gujarat,West,Office Supplies,Stationery,Ball Pen Set,4,0,431.13,76.58,0.177626238,2024-02,2024
ORD-11730,13-10-2024,14-10-2024,Same Day,CUST-1368,Consumer,India,Delhi,Delhi,North,Office Supplies,Stationery,Ball Pen Set,1,0.15,40.15,1.9,0.04732254,2024-10,2024
ORD-10827,23-03-2025,25-03-2025,Standard,CUST-1341,Consumer,India,Bhopal,Madhya Pradesh,Central,Furniture,Tables,Standing Desk,2,0.1,571.13,1.07,0.001873479,2025-03,2025
ORD-11788,09-11-2024,11-11-2024,Standard,CUST-1030,Consumer,India,Hyderabad,Telangana,South,Office Supplies,Stationery,Printer Paper,4,0.1,159.09,20.51,0.128920737,2024-11,2024
ORD-11342,23-04-2023,27-04-2023,Standard,CUST-1043,Corporate,India,Bengaluru,Karnataka,South,Furniture,Storage,Bookshelf,4,0.15,1420.87,69.12,0.048646252,2023-04,2023
ORD-11628,29-08-2024,02-09-2024,Same Day,CUST-1541,Home Office,India,Hyderabad,Telangana,South,Technology,Computers,Monitor,1,0,785.83,168.21,0.21405393,2024-08,2024
ORD-12160,18-08-2025,20-08-2025,Standard,CUST-1458,Home Office,India,Bhopal,Madhya Pradesh,Central,Technology,Accessories,Wireless Headset,1,0.15,217.33,14.17,0.065200387,2025-08,2025
ORD-11457,09-11-2025,11-11-2025,Second Class,CUST-1259,Corporate,India,Delhi,Delhi,North,Furniture,Storage,Filing Cabinet,1,0.15,222.53,3.77,0.016941536,2025-11,2025
ORD-10690,03-09-2024,06-09-2024,Second Class,CUST-1136,Consumer,India,Nagpur,Maharashtra,Central,Technology,Phones,Tablet,3,0.05,475.94,98.07,0.206055385,2024-09,2024
ORD-12408,18-03-2024,20-03-2024,Second Class,CUST-1342,Consumer,India,Kolkata,West Bengal,East,Office Supplies,Paper,Sticky Notes,3,0,950.15,161.64,0.170120507,2024-03,2024
ORD-12268,15-02-2024,17-02-2024,Standard,CUST-1235,Consumer,India,Kolkata,West Bengal,East,Technology,Computers,Laser Printer,1,0.15,74.59,4.38,0.058721008,2024-02,2024
ORD-12163,03-03-2023,06-03-2023,Second Class,CUST-1426,Corporate,India,Pune,Maharashtra,West,Furniture,Storage,Bookshelf,1,0.2,2143.33,57.94,0.027032701,2023-03,2023
ORD-11415,24-08-2023,27-08-2023,Standard,CUST-1378,Home Office,India,Ahmedabad,Gujarat,West,Technology,Printers,Tablet,1,0,211.23,32.21,0.152487809,2023-08,2023
ORD-12418,29-03-2023,01-04-2023,Standard,CUST-1312,Consumer,India,Lucknow,Uttar Pradesh,North,Technology,Accessories,Business Laptop,3,0.2,2265.94,49.82,0.02198646,2023-03,2023
ORD-12283,13-03-2025,15-03-2025,First Class,CUST-1149,Consumer,India,Ahmedabad,Gujarat,West,Technology,Computers,Laser Printer,1,0,927.66,152.1,0.163960934,2025-03,2025
ORD-11474,30-07-2025,02-08-2025,First Class,CUST-1589,Consumer,India,Lucknow,Uttar Pradesh,North,Technology,Computers,Tablet,4,0.2,1951.18,146.78,0.075226273,2025-07,2025
ORD-11708,23-01-2025,25-01-2025,Second Class,CUST-1057,Corporate,India,Kolkata,West Bengal,East,Technology,Printers,USB-C Hub,1,0.1,211.49,38.89,0.183885763,2025-01,2025
ORD-10008,24-09-2024,26-09-2024,Standard,CUST-1384,Corporate,India,Jaipur,Rajasthan,North,Office Supplies,Writing,Printer Paper,4,0,188.6,35.17,0.186479321,2024-09,2024
ORD-11585,29-05-2024,02-06-2024,Second Class,CUST-1411,Consumer,India,Jaipur,Rajasthan,North,Furniture,Tables,Reception Desk,2,0.1,824.62,74.7,0.09058718,2024-05,2024
ORD-10729,22-10-2023,24-10-2023,Same Day,CUST-1344,Consumer,India,Nagpur,Maharashtra,Central,Office Supplies,Paper,Ball Pen Set,1,0.1,54.22,4.25,0.07838436,2023-10,2023
ORD-10794,19-06-2025,20-06-2025,First Class,CUST-1306,Corporate,India,Kolkata,West Bengal,East,Furniture,Office Furniture,Reception Desk,1,0.05,139.7,13.12,0.093915533,2025-06,2025
ORD-10738,26-01-2024,27-01-2024,Same Day,CUST-1076,Corporate,India,Jaipur,Rajasthan,North,Technology,Computers,Monitor,2,0.1,881.42,147.36,0.16718477,2024-01,2024
ORD-10997,14-10-2024,18-10-2024,Standard,CUST-1570,Corporate,India,Mumbai,Maharashtra,West,Furniture,Chairs,Reception Desk,4,0.05,1418.02,235.63,0.166168319,2024-10,2024
ORD-12192,26-04-2024,28-04-2024,Same Day,CUST-1452,Consumer,India,Chennai,Tamil Nadu,South,Technology,Computers,Laser Printer,1,0.05,358.02,53.09,0.148287805,2024-04,2024
ORD-12404,05-07-2025,07-07-2025,First Class,CUST-1005,Consumer,India,Nagpur,Maharashtra,Central,Furniture,Storage,Bookshelf,2,0,230.73,30.23,0.13101894,2025-07,2025
ORD-10441,24-02-2023,26-02-2023,Standard,CUST-1348,Corporate,India,Jaipur,Rajasthan,North,Furniture,Office Furniture,Conference Table,3,0.15,307.62,-8.87,-0.028834276,2023-02,2023
ORD-11420,13-09-2023,18-09-2023,First Class,CUST-1502,Consumer,India,Lucknow,Uttar Pradesh,North,Technology,Printers,Tablet,4,0.05,582.22,45.61,0.078338085,2023-09,2023
ORD-11187,11-03-2025,14-03-2025,Same Day,CUST-1049,Corporate,India,Bhopal,Madhya Pradesh,Central,Technology,Computers,Monitor,2,0.05,436.64,79.18,0.181339318,2025-03,2025
ORD-10966,08-07-2024,12-07-2024,Standard,CUST-1013,Consumer,India,Pune,Maharashtra,West,Technology,Computers,Business Laptop,2,0.15,884.33,92.64,0.104757274,2024-07,2024
ORD-10681,09-05-2025,10-05-2025,Standard,CUST-1533,Corporate,India,Pune,Maharashtra,West,Technology,Printers,Business Laptop,1,0.3,147.61,-1.06,-0.007181085,2025-05,2025
ORD-11433,17-10-2025,19-10-2025,Standard,CUST-1010,Home Office,India,Bengaluru,Karnataka,South,Office Supplies,Stationery,Printer Paper,5,0.15,351.1,55.41,0.157818285,2025-10,2025
ORD-11714,21-10-2025,25-10-2025,Standard,CUST-1515,Corporate,India,Bhopal,Madhya Pradesh,Central,Office Supplies,Paper,File Binder,2,0,246.83,39.85,0.16144715,2025-10,2025
ORD-10052,11-03-2025,14-03-2025,First Class,CUST-1211,Consumer,India,Bhopal,Madhya Pradesh,Central,Technology,Phones,Wireless Headset,4,0.3,4015.26,61.71,0.015368868,2025-03,2025
ORD-11079,02-11-2024,05-11-2024,Standard,CUST-1151,Corporate,India,Chennai,Tamil Nadu,South,Furniture,Chairs,Office Chair,4,0.05,380.99,34.91,0.091629702,2024-11,2024
ORD-11567,23-12-2023,28-12-2023,Standard,CUST-1330,Consumer,India,Delhi,Delhi,North,Furniture,Tables,Conference Table,3,0.15,315.74,23.25,0.073636536,2023-12,2023
ORD-12155,25-12-2024,29-12-2024,Same Day,CUST-1560,Corporate,India,Bhopal,Madhya Pradesh,Central,Technology,Computers,Wireless Headset,1,0.3,314.21,1.33,0.004232838,2024-12,2024
ORD-11246,12-07-2023,14-07-2023,Standard,CUST-1179,Corporate,India,Lucknow,Uttar Pradesh,North,Office Supplies,Binders,File Binder,2,0,129.11,28.47,0.220509643,2023-07,2023
ORD-10388,26-04-2023,30-04-2023,Second Class,CUST-1244,Corporate,India,Mumbai,Maharashtra,West,Technology,Accessories,Business Laptop,5,0.1,3826.11,685.07,0.179051308,2023-04,2023
ORD-12276,14-10-2023,15-10-2023,Standard,CUST-1047,Consumer,India,Lucknow,Uttar Pradesh,North,Technology,Computers,Smartphone,4,0.3,2160.71,-147.41,-0.068222945,2023-10,2023
ORD-11964,16-09-2025,18-09-2025,Standard,CUST-1455,Home Office,India,Bhopal,Madhya Pradesh,Central,Office Supplies,Paper,Notebook,3,0.05,113.33,14.63,0.129092032,2025-09,2025
ORD-10299,20-11-2025,22-11-2025,First Class,CUST-1481,Home Office,India,Bhopal,Madhya Pradesh,Central,Technology,Accessories,Mechanical Keyboard,2,0.3,87.86,0.23,0.002617801,2025-11,2025
ORD-10184,01-02-2023,03-02-2023,Standard,CUST-1407,Consumer,India,Bhopal,Madhya Pradesh,Central,Technology,Printers,Laser Printer,2,0,318.71,52.39,0.164381413,2023-02,2023
ORD-11348,03-05-2024,05-05-2024,Same Day,CUST-1549,Home Office,India,Kolkata,West Bengal,East,Technology,Computers,Wireless Headset,4,0.15,1010.84,105.79,0.104655534,2024-05,2024
ORD-10021,28-01-2025,30-01-2025,Standard,CUST-1295,Consumer,India,Chennai,Tamil Nadu,South,Office Supplies,Binders,File Binder,4,0.05,736.16,100.11,0.135989459,2025-01,2025
ORD-11802,04-10-2025,06-10-2025,Second Class,CUST-1236,Consumer,India,Kolkata,West Bengal,East,Technology,Computers,Wireless Headset,2,0,304.49,67.03,0.220138592,2025-10,2025
ORD-11459,21-05-2024,24-05-2024,Standard,CUST-1389,Corporate,India,Pune,Maharashtra,West,Furniture,Tables,Standing Desk,3,0.05,399.9,13.6,0.034008502,2024-05,2024
ORD-12042,09-07-2025,12-07-2025,Standard,CUST-1411,Consumer,India,Mumbai,Maharashtra,West,Office Supplies,Stationery,Printer Paper,2,0.15,201.64,13.08,0.064868082,2025-07,2025
ORD-10504,05-02-2023,10-02-2023,Standard,CUST-1509,Corporate,India,Pune,Maharashtra,West,Furniture,Chairs,Filing Cabinet,4,0.15,150.93,13.35,0.0884516,2023-02,2023
ORD-11497,03-11-2024,06-11-2024,Standard,CUST-1137,Home Office,India,Hyderabad,Telangana,South,Technology,Phones,USB-C Hub,2,0,891.74,224.17,0.251384933,2024-11,2024
ORD-11923,02-05-2024,03-05-2024,Standard,CUST-1349,Consumer,India,Bengaluru,Karnataka,South,Technology,Computers,Smartphone,4,0.2,842.24,81.19,0.096397701,2024-05,2024
ORD-12482,09-02-2024,12-02-2024,Standard,CUST-1262,Consumer,India,Jaipur,Rajasthan,North,Office Supplies,Writing,Desk Organizer,2,0.1,66.22,4.12,0.062216853,2024-02,2024
ORD-10200,13-06-2024,15-06-2024,Second Class,CUST-1308,Home Office,India,Nagpur,Maharashtra,Central,Technology,Phones,Business Laptop,2,0,494.13,146.5,0.296480683,2024-06,2024
ORD-10205,27-05-2023,30-05-2023,Second Class,CUST-1302,Corporate,India,Jaipur,Rajasthan,North,Technology,Computers,USB-C Hub,4,0,1272.47,218.73,0.171894033,2023-05,2023
ORD-11024,05-04-2023,08-04-2023,Second Class,CUST-1165,Consumer,India,Jaipur,Rajasthan,North,Technology,Accessories,Monitor,3,0.2,242.08,17.94,0.074107733,2023-04,2023
ORD-11134,18-10-2023,21-10-2023,Second Class,CUST-1471,Consumer,India,Lucknow,Uttar Pradesh,North,Office Supplies,Paper,Printer Paper,3,0,102.52,20.06,0.195669138,2023-10,2023
ORD-11044,04-12-2025,08-12-2025,Second Class,CUST-1471,Consumer,India,Nagpur,Maharashtra,Central,Technology,Accessories,Monitor,3,0,596.82,106.71,0.178797627,2025-12,2025
ORD-10009,19-01-2024,24-01-2024,Second Class,CUST-1244,Corporate,India,Lucknow,Uttar Pradesh,North,Furniture,Tables,Reception Desk,5,0,737.39,59.53,0.080730685,2024-01,2024
ORD-10828,30-03-2023,31-03-2023,Standard,CUST-1175,Consumer,India,Bengaluru,Karnataka,South,Office Supplies,Binders,File Binder,1,0.05,86.3,13.16,0.152491309,2023-03,2023
ORD-11923,24-06-2025,26-06-2025,First Class,CUST-1130,Consumer,India,Ahmedabad,Gujarat,West,Office Supplies,Writing,Ball Pen Set,1,0,239.51,37.3,0.155734625,2025-06,2025
ORD-10841,28-06-2024,30-06-2024,Second Class,CUST-1521,Home Office,India,Chennai,Tamil Nadu,South,Technology,Phones,Laser Printer,2,0.05,838.16,119.16,0.14216856,2024-06,2024
ORD-10327,07-06-2023,10-06-2023,Standard,CUST-1254,Consumer,India,Kolkata,West Bengal,East,Furniture,Chairs,Reception Desk,2,0,805.8,63.54,0.078853313,2023-06,2023
ORD-12316,12-12-2023,15-12-2023,Standard,CUST-1342,Corporate,India,Ahmedabad,Gujarat,West,Furniture,Chairs,Executive Chair,3,0.15,787.52,1.82,0.002311052,2023-12,2023
ORD-12289,16-03-2025,19-03-2025,Same Day,CUST-1162,Consumer,India,Bhopal,Madhya Pradesh,Central,Technology,Printers,Laser Printer,5,0.05,1988.79,279.55,0.140562855,2025-03,2025
ORD-10525,12-11-2024,17-11-2024,Standard,CUST-1133,Corporate,India,Lucknow,Uttar Pradesh,North,Technology,Phones,USB-C Hub,2,0.1,189.03,18.46,0.097656457,2024-11,2024
ORD-10623,13-08-2023,14-08-2023,Standard,CUST-1187,Corporate,India,Nagpur,Maharashtra,Central,Technology,Accessories,Laser Printer,2,0.1,375.89,55.87,0.148633909,2023-08,2023
ORD-11423,19-11-2025,22-11-2025,Second Class,CUST-1400,Corporate,India,Jaipur,Rajasthan,North,Technology,Printers,USB-C Hub,4,0.2,600.55,46.1,0.076762967,2025-11,2025
ORD-11690,27-06-2025,30-06-2025,Standard,CUST-1454,Consumer,India,Delhi,Delhi,North,Office Supplies,Writing,Sticky Notes,4,0.05,142.37,21.37,0.150101847,2025-06,2025
ORD-10716,03-05-2025,05-05-2025,Standard,CUST-1065,Corporate,India,Chennai,Tamil Nadu,South,Technology,Printers,USB-C Hub,3,0.15,2011.59,238.68,0.118652409,2025-05,2025
ORD-10437,04-09-2024,05-09-2024,Standard,CUST-1332,Consumer,India,Mumbai,Maharashtra,West,Technology,Computers,Monitor,1,0.1,120.9,18.33,0.151612903,2024-09,2024
ORD-10712,18-01-2024,20-01-2024,Standard,CUST-1334,Corporate,India,Ahmedabad,Gujarat,West,Office Supplies,Paper,Printer Paper,2,0,182.12,37.42,0.205468922,2024-01,2024
ORD-12294,08-08-2025,09-08-2025,Second Class,CUST-1453,Consumer,India,Pune,Maharashtra,West,Office Supplies,Writing,Notebook,2,0,150.61,27.35,0.181594848,2025-08,2025
ORD-10057,27-06-2025,30-06-2025,First Class,CUST-1085,Consumer,India,Hyderabad,Telangana,South,Technology,Printers,Mechanical Keyboard,1,0.15,165.61,14.69,0.088702373,2025-06,2025
ORD-11465,26-12-2024,29-12-2024,Standard,CUST-1417,Corporate,India,Kolkata,West Bengal,East,Office Supplies,Paper,File Binder,1,0.3,124.1,-2.02,-0.016277196,2024-12,2024
ORD-12068,21-03-2023,25-03-2023,Standard,CUST-1096,Corporate,India,Pune,Maharashtra,West,Office Supplies,Stationery,Notebook,1,0.1,29.16,4.36,0.14951989,2023-03,2023
ORD-10185,04-02-2024,08-02-2024,Standard,CUST-1229,Consumer,India,Pune,Maharashtra,West,Office Supplies,Stationery,Printer Paper,5,0.05,1192,163.88,0.137483221,2024-02,2024
ORD-11632,11-06-2023,13-06-2023,Same Day,CUST-1532,Corporate,India,Nagpur,Maharashtra,Central,Furniture,Office Furniture,Reception Desk,5,0.15,501.91,33.32,0.066386404,2023-06,2023
ORD-11737,11-10-2024,14-10-2024,Standard,CUST-1525,Consumer,India,Delhi,Delhi,North,Office Supplies,Binders,File Binder,2,0.15,533.22,41.03,0.076947601,2024-10,2024
ORD-11547,11-01-2024,14-01-2024,Standard,CUST-1490,Corporate,India,Chennai,Tamil Nadu,South,Furniture,Storage,Conference Table,2,0.2,1247.8,28.13,0.022543677,2024-01,2024
ORD-10955,29-01-2024,31-01-2024,Standard,CUST-1249,Consumer,India,Hyderabad,Telangana,South,Technology,Computers,USB-C Hub,4,0.15,1973.24,168.27,0.085275993,2024-01,2024
ORD-11557,23-10-2023,25-10-2023,Standard,CUST-1115,Consumer,India,Chennai,Tamil Nadu,South,Furniture,Tables,Office Chair,1,0.2,373.24,-2.58,-0.006912442,2023-10,2023
ORD-11785,15-12-2023,16-12-2023,First Class,CUST-1200,Consumer,India,Ahmedabad,Gujarat,West,Technology,Phones,Mechanical Keyboard,1,0.15,292.49,40.2,0.137440596,2023-12,2023
ORD-11156,28-07-2024,01-08-2024,Standard,CUST-1269,Home Office,India,Bengaluru,Karnataka,South,Technology,Printers,Laser Printer,2,0.15,222.73,22.65,0.101692632,2024-07,2024
ORD-11677,21-12-2025,22-12-2025,Standard,CUST-1201,Home Office,India,Jaipur,Rajasthan,North,Furniture,Office Furniture,Standing Desk,4,0.3,1049.13,-63.28,-0.060316643,2025-12,2025
ORD-11279,10-06-2023,15-06-2023,Standard,CUST-1001,Corporate,India,Ahmedabad,Gujarat,West,Technology,Accessories,Tablet,5,0.1,2545.21,414.6,0.162894221,2023-06,2023
ORD-12082,26-07-2024,28-07-2024,Standard,CUST-1262,Consumer,India,Chennai,Tamil Nadu,South,Technology,Accessories,Tablet,3,0.2,594.8,45.83,0.07705111,2024-07,2024
ORD-12128,01-05-2024,05-05-2024,Standard,CUST-1018,Consumer,India,Ahmedabad,Gujarat,West,Office Supplies,Writing,Sticky Notes,4,0,114.48,16.45,0.143693222,2024-05,2024
ORD-12251,12-05-2024,15-05-2024,Same Day,CUST-1107,Consumer,India,Pune,Maharashtra,West,Technology,Phones,Smartphone,2,0.05,284.05,35.46,0.124837177,2024-05,2024
ORD-10790,10-06-2024,15-06-2024,Second Class,CUST-1321,Home Office,India,Ahmedabad,Gujarat,West,Technology,Accessories,Mechanical Keyboard,2,0.05,570.47,79.67,0.139656774,2024-06,2024
ORD-10538,03-04-2023,06-04-2023,Standard,CUST-1249,Corporate,India,Nagpur,Maharashtra,Central,Furniture,Storage,Executive Chair,5,0.3,491.51,-6.36,-0.012939716,2023-04,2023
ORD-10428,27-04-2023,28-04-2023,Second Class,CUST-1460,Corporate,India,Nagpur,Maharashtra,Central,Technology,Computers,USB-C Hub,3,0.3,460.17,-6.13,-0.013321164,2023-04,2023
ORD-11041,31-08-2023,02-09-2023,Standard,CUST-1045,Consumer,India,Ahmedabad,Gujarat,West,Technology,Printers,Tablet,2,0.3,690.32,9.61,0.01392108,2023-08,2023
ORD-10681,28-05-2025,31-05-2025,Standard,CUST-1575,Consumer,India,Chennai,Tamil Nadu,South,Technology,Computers,Smartphone,2,0.2,1069.68,59.21,0.055353003,2025-05,2025
ORD-11968,23-08-2023,26-08-2023,Standard,CUST-1319,Corporate,India,Pune,Maharashtra,West,Furniture,Tables,Reception Desk,2,0.15,397.51,0.24,0.000603758,2023-08,2023
ORD-10445,16-01-2023,19-01-2023,Same Day,CUST-1517,Consumer,India,Hyderabad,Telangana,South,Furniture,Chairs,Bookshelf,2,0,449.37,24.34,0.054164719,2023-01,2023
ORD-12272,07-08-2025,10-08-2025,Standard,CUST-1535,Consumer,India,Mumbai,Maharashtra,West,Furniture,Storage,Executive Chair,1,0.2,103.77,2.47,0.02380264,2025-08,2025
ORD-10887,25-07-2024,29-07-2024,Standard,CUST-1096,Consumer,India,Nagpur,Maharashtra,Central,Office Supplies,Binders,Desk Organizer,4,0.3,586.13,27.57,0.047037347,2024-07,2024
ORD-11280,30-05-2023,02-06-2023,First Class,CUST-1228,Corporate,India,Pune,Maharashtra,West,Technology,Computers,Tablet,3,0,279.67,54.82,0.196016734,2023-05,2023
ORD-10260,02-09-2023,04-09-2023,Second Class,CUST-1157,Consumer,India,Mumbai,Maharashtra,West,Office Supplies,Binders,Envelope Pack,2,0.05,551.28,56.02,0.101618053,2023-09,2023
ORD-10660,25-01-2024,29-01-2024,Standard,CUST-1100,Consumer,India,Chennai,Tamil Nadu,South,Furniture,Office Furniture,Bookshelf,2,0.2,241.02,9.71,0.040287113,2024-01,2024
ORD-10948,14-10-2024,15-10-2024,First Class,CUST-1027,Consumer,India,Bhopal,Madhya Pradesh,Central,Office Supplies,Writing,Ball Pen Set,2,0.1,162.9,27.1,0.16635973,2024-10,2024
ORD-10101,23-01-2025,27-01-2025,First Class,CUST-1288,Consumer,India,Pune,Maharashtra,West,Technology,Accessories,Mechanical Keyboard,2,0,473.54,112.98,0.23858597,2025-01,2025
ORD-10288,27-11-2023,30-11-2023,Standard,CUST-1358,Corporate,India,Bhopal,Madhya Pradesh,Central,Office Supplies,Writing,Printer Paper,3,0.1,279.42,38.77,0.1387517,2023-11,2023
ORD-11503,06-07-2024,10-07-2024,Second Class,CUST-1440,Home Office,India,Delhi,Delhi,North,Office Supplies,Binders,Sticky Notes,1,0.05,54.96,11.81,0.214883552,2024-07,2024
ORD-11089,26-04-2024,27-04-2024,Standard,CUST-1554,Consumer,India,Nagpur,Maharashtra,Central,Office Supplies,Paper,File Binder,5,0,300.23,42.21,0.140592213,2024-04,2024
ORD-10835,02-09-2023,03-09-2023,Standard,CUST-1044,Consumer,India,Bengaluru,Karnataka,South,Furniture,Chairs,Reception Desk,3,0,484.36,54.07,0.111631844,2023-09,2023
ORD-11365,21-08-2025,24-08-2025,Standard,CUST-1143,Corporate,India,Jaipur,Rajasthan,North,Office Supplies,Stationery,Notebook,2,0.1,73.03,6.55,0.089689169,2025-08,2025
ORD-11274,27-01-2025,29-01-2025,Standard,CUST-1001,Home Office,India,Delhi,Delhi,North,Technology,Accessories,Smartphone,2,0.15,433.33,49.64,0.114554727,2025-01,2025
ORD-11972,11-02-2023,14-02-2023,Standard,CUST-1144,Corporate,India,Jaipur,Rajasthan,North,Technology,Computers,Wireless Headset,1,0.15,137.58,12.67,0.092091874,2023-02,2023
ORD-11785,07-05-2023,10-05-2023,Standard,CUST-1432,Corporate,India,Delhi,Delhi,North,Technology,Accessories,Wireless Headset,1,0.2,370.27,35.54,0.095984012,2023-05,2023
ORD-10301,03-04-2025,06-04-2025,Standard,CUST-1357,Consumer,India,Chennai,Tamil Nadu,South,Office Supplies,Stationery,Ball Pen Set,2,0.2,371.28,17.37,0.046784098,2025-04,2025
ORD-11800,05-07-2025,06-07-2025,Second Class,CUST-1407,Corporate,India,Jaipur,Rajasthan,North,Technology,Printers,Tablet,1,0.15,246.63,26.92,0.10915136,2025-07,2025
ORD-10435,04-10-2023,07-10-2023,Standard,CUST-1000,Consumer,India,Kolkata,West Bengal,East,Technology,Phones,Tablet,1,0.2,225.99,16.85,0.074560821,2023-10,2023
ORD-10667,12-03-2025,15-03-2025,First Class,CUST-1093,Consumer,India,Ahmedabad,Gujarat,West,Technology,Printers,Wireless Headset,5,0.3,1734.35,-43.61,-0.025144867,2025-03,2025
ORD-10209,29-05-2024,31-05-2024,Standard,CUST-1350,Consumer,India,Bengaluru,Karnataka,South,Technology,Computers,USB-C Hub,2,0.2,381.92,15.54,0.04068915,2024-05,2024
ORD-12307,15-09-2023,17-09-2023,Standard,CUST-1361,Corporate,India,Kolkata,West Bengal,East,Technology,Phones,Smartphone,1,0,306.05,72.67,0.237444862,2023-09,2023
ORD-12232,27-10-2024,31-10-2024,Standard,CUST-1107,Home Office,India,Bhopal,Madhya Pradesh,Central,Technology,Phones,Monitor,1,0.05,195.16,34.24,0.175445788,2024-10,2024
ORD-12341,12-08-2024,15-08-2024,First Class,CUST-1066,Consumer,India,Delhi,Delhi,North,Technology,Computers,Monitor,1,0.1,150.65,19.68,0.13063392,2024-08,2024
ORD-11571,04-05-2025,06-05-2025,Standard,CUST-1343,Corporate,India,Delhi,Delhi,North,Furniture,Storage,Office Chair,3,0.1,1117.88,81.34,0.072762729,2025-05,2025
ORD-11268,23-10-2025,24-10-2025,Same Day,CUST-1281,Corporate,India,Bhopal,Madhya Pradesh,Central,Furniture,Chairs,Standing Desk,3,0.05,281.22,40.42,0.143730887,2025-10,2025
ORD-10199,05-05-2025,07-05-2025,Standard,CUST-1259,Corporate,India,Bhopal,Madhya Pradesh,Central,Technology,Computers,Monitor,4,0,458.67,108.37,0.236270085,2025-05,2025
ORD-10112,05-01-2023,08-01-2023,Second Class,CUST-1213,Corporate,India,Kolkata,West Bengal,East,Furniture,Storage,Executive Chair,1,0.05,273.92,31.48,0.114924065,2023-01,2023
ORD-11141,04-12-2023,05-12-2023,Second Class,CUST-1572,Home Office,India,Kolkata,West Bengal,East,Office Supplies,Writing,File Binder,2,0.2,593.04,-24.09,-0.040621206,2023-12,2023
ORD-10139,04-11-2023,06-11-2023,Standard,CUST-1125,Home Office,India,Mumbai,Maharashtra,West,Technology,Accessories,USB-C Hub,3,0,365.07,77.41,0.212041526,2023-11,2023
ORD-12260,12-09-2024,14-09-2024,Same Day,CUST-1287,Consumer,India,Nagpur,Maharashtra,Central,Office Supplies,Binders,Printer Paper,5,0.05,410.63,44.97,0.109514648,2024-09,2024
ORD-11367,16-06-2023,19-06-2023,Standard,CUST-1556,Consumer,India,Lucknow,Uttar Pradesh,North,Technology,Phones,USB-C Hub,1,0.3,514.7,-3.6,-0.006994366,2023-06,2023
ORD-12499,10-05-2023,13-05-2023,Standard,CUST-1120,Consumer,India,Bengaluru,Karnataka,South,Furniture,Storage,Office Chair,2,0.15,432.59,4.14,0.009570263,2023-05,2023
ORD-11351,24-08-2024,27-08-2024,Standard,CUST-1316,Consumer,India,Ahmedabad,Gujarat,West,Office Supplies,Stationery,Notebook,3,0.1,544.47,69.82,0.128234797,2024-08,2024
ORD-11642,25-06-2025,26-06-2025,Standard,CUST-1344,Consumer,India,Lucknow,Uttar Pradesh,North,Technology,Computers,USB-C Hub,1,0.15,220.06,25.76,0.117058984,2025-06,2025
ORD-10169,21-06-2024,25-06-2024,Second Class,CUST-1041,Consumer,India,Kolkata,West Bengal,East,Technology,Computers,Smartphone,2,0,496.62,146.15,0.294289396,2024-06,2024
ORD-10188,03-10-2025,06-10-2025,Standard,CUST-1331,Consumer,India,Kolkata,West Bengal,East,Office Supplies,Stationery,Printer Paper,1,0.1,46.6,5.7,0.122317597,2025-10,2025
ORD-10487,10-08-2023,12-08-2023,Standard,CUST-1261,Consumer,India,Mumbai,Maharashtra,West,Technology,Printers,Monitor,5,0.15,3078.96,310.62,0.100884714,2023-08,2023
ORD-11551,22-03-2023,24-03-2023,Standard,CUST-1035,Consumer,India,Nagpur,Maharashtra,Central,Technology,Computers,Wireless Headset,2,0,254.28,53.03,0.20854963,2023-03,2023
ORD-12371,10-11-2025,11-11-2025,Second Class,CUST-1067,Consumer,India,Bengaluru,Karnataka,South,Furniture,Office Furniture,Standing Desk,4,0.1,672.23,48.81,0.072609077,2025-11,2025
ORD-11426,29-03-2024,03-04-2024,First Class,CUST-1226,Home Office,India,Bengaluru,Karnataka,South,Technology,Computers,Laser Printer,1,0.1,302.54,40.48,0.133800489,2024-03,2024
ORD-10636,31-01-2024,03-02-2024,Same Day,CUST-1380,Corporate,India,Hyderabad,Telangana,South,Furniture,Office Furniture,Conference Table,5,0.05,825.85,155.06,0.187758067,2024-01,2024
ORD-10930,10-03-2025,11-03-2025,Second Class,CUST-1241,Corporate,India,Nagpur,Maharashtra,Central,Technology,Accessories,Monitor,3,0.3,358.23,3.62,0.01010524,2025-03,2025
ORD-11009,16-04-2023,18-04-2023,Standard,CUST-1390,Consumer,India,Pune,Maharashtra,West,Furniture,Storage,Office Chair,2,0.05,321.82,21.04,0.065378162,2023-04,2023
ORD-11045,15-07-2024,18-07-2024,First Class,CUST-1168,Home Office,India,Lucknow,Uttar Pradesh,North,Furniture,Tables,Filing Cabinet,4,0.05,1376.07,103.43,0.075163327,2024-07,2024
ORD-12099,20-03-2025,23-03-2025,Second Class,CUST-1190,Corporate,India,Pune,Maharashtra,West,Technology,Accessories,Wireless Headset,3,0.2,944.64,70.68,0.074822154,2025-03,2025
ORD-10181,17-08-2024,20-08-2024,Same Day,CUST-1415,Home Office,India,Jaipur,Rajasthan,North,Furniture,Chairs,Standing Desk,1,0.2,54.81,0.86,0.015690567,2024-08,2024
ORD-10268,09-07-2025,13-07-2025,First Class,CUST-1264,Consumer,India,Delhi,Delhi,North,Office Supplies,Writing,File Binder,3,0,182.92,24.19,0.132243604,2025-07,2025
ORD-11373,06-06-2025,08-06-2025,Standard,CUST-1389,Corporate,India,Chennai,Tamil Nadu,South,Technology,Printers,Laser Printer,1,0.3,86.19,-0.18,-0.002088409,2025-06,2025
ORD-11734,13-01-2025,16-01-2025,Second Class,CUST-1155,Consumer,India,Chennai,Tamil Nadu,South,Technology,Accessories,Tablet,1,0.1,309.29,30.17,0.097545992,2025-01,2025
ORD-11288,10-05-2024,13-05-2024,Same Day,CUST-1378,Consumer,India,Bengaluru,Karnataka,South,Furniture,Storage,Reception Desk,1,0.05,106.28,16.24,0.152803914,2024-05,2024
ORD-11219,16-06-2025,19-06-2025,Standard,CUST-1394,Consumer,India,Ahmedabad,Gujarat,West,Furniture,Tables,Bookshelf,3,0.1,1077.66,12.36,0.011469295,2025-06,2025
ORD-12179,28-11-2025,01-12-2025,Second Class,CUST-1179,Home Office,India,Pune,Maharashtra,West,Furniture,Office Furniture,Bookshelf,2,0,489.8,98.75,0.201612903,2025-11,2025
ORD-11360,01-05-2025,04-05-2025,Standard,CUST-1114,Corporate,India,Hyderabad,Telangana,South,Technology,Phones,Business Laptop,1,0.15,455.74,71.98,0.157940931,2025-05,2025
ORD-10684,03-04-2024,07-04-2024,Standard,CUST-1388,Consumer,India,Bhopal,Madhya Pradesh,Central,Office Supplies,Stationery,Notebook,2,0.05,119.85,22.19,0.185148102,2024-04,2024
ORD-11575,06-07-2023,07-07-2023,First Class,CUST-1476,Corporate,India,Ahmedabad,Gujarat,West,Furniture,Storage,Conference Table,4,0.15,359.3,-2.86,-0.007959922,2023-07,2023
ORD-11772,26-12-2023,28-12-2023,Standard,CUST-1185,Consumer,India,Jaipur,Rajasthan,North,Technology,Printers,Business Laptop,3,0.05,638.5,105.5,0.16523101,2023-12,2023
ORD-10789,01-04-2023,04-04-2023,Standard,CUST-1351,Consumer,India,Bhopal,Madhya Pradesh,Central,Technology,Computers,Wireless Headset,4,0.1,827.8,140.73,0.170004832,2023-04,2023
ORD-10397,19-10-2025,21-10-2025,Standard,CUST-1028,Corporate,India,Chennai,Tamil Nadu,South,Technology,Computers,Tablet,2,0.05,292.46,38.37,0.131197429,2025-10,2025
ORD-11853,10-08-2023,12-08-2023,Standard,CUST-1183,Consumer,India,Lucknow,Uttar Pradesh,North,Technology,Computers,Wireless Headset,2,0.2,664.49,31.63,0.047600415,2023-08,2023
ORD-11071,23-07-2024,24-07-2024,Same Day,CUST-1095,Corporate,India,Kolkata,West Bengal,East,Furniture,Chairs,Standing Desk,2,0.2,406.96,7.68,0.018871634,2024-07,2024
ORD-10082,02-09-2025,04-09-2025,Standard,CUST-1119,Consumer,India,Lucknow,Uttar Pradesh,North,Office Supplies,Paper,Notebook,3,0.15,61.36,0.51,0.008311604,2025-09,2025
ORD-12145,23-11-2024,27-11-2024,Second Class,CUST-1033,Corporate,India,Kolkata,West Bengal,East,Office Supplies,Paper,Ball Pen Set,2,0,234.41,33.36,0.142314748,2024-11,2024
ORD-11245,12-11-2023,16-11-2023,Second Class,CUST-1142,Consumer,India,Lucknow,Uttar Pradesh,North,Office Supplies,Writing,Sticky Notes,4,0,354.7,58.3,0.164364251,2023-11,2023
ORD-10015,15-03-2024,18-03-2024,Second Class,CUST-1050,Home Office,India,Pune,Maharashtra,West,Office Supplies,Stationery,Sticky Notes,2,0.05,188.22,31.46,0.167144831,2024-03,2024
ORD-12138,20-02-2023,22-02-2023,Standard,CUST-1261,Consumer,India,Chennai,Tamil Nadu,South,Office Supplies,Stationery,Printer Paper,4,0,721.9,132.57,0.183640393,2023-02,2023
ORD-12209,13-07-2023,15-07-2023,First Class,CUST-1265,Corporate,India,Chennai,Tamil Nadu,South,Furniture,Tables,Filing Cabinet,2,0,372.67,55.28,0.148334988,2023-07,2023
ORD-11410,04-12-2025,07-12-2025,Standard,CUST-1091,Consumer,India,Ahmedabad,Gujarat,West,Office Supplies,Stationery,Printer Paper,3,0.3,88.42,2.69,0.030422981,2025-12,2025
ORD-11409,07-04-2025,09-04-2025,Standard,CUST-1047,Corporate,India,Lucknow,Uttar Pradesh,North,Office Supplies,Writing,File Binder,1,0,24.83,3.55,0.142972211,2025-04,2025
ORD-11823,11-03-2025,15-03-2025,Standard,CUST-1168,Corporate,India,Delhi,Delhi,North,Office Supplies,Writing,Printer Paper,1,0.2,49.25,1.97,0.04,2025-03,2025
ORD-10242,31-05-2024,01-06-2024,Standard,CUST-1468,Consumer,India,Bhopal,Madhya Pradesh,Central,Office Supplies,Binders,Desk Organizer,3,0.2,122.05,4.44,0.036378533,2024-05,2024
ORD-10334,28-05-2024,01-06-2024,Standard,CUST-1222,Consumer,India,Nagpur,Maharashtra,Central,Office Supplies,Writing,Desk Organizer,3,0.2,82.66,0.37,0.004476167,2024-05,2024
ORD-10258,01-04-2024,03-04-2024,Second Class,CUST-1010,Consumer,India,Hyderabad,Telangana,South,Furniture,Storage,Bookshelf,5,0.1,1081.93,36.98,0.03417966,2024-04,2024
ORD-11153,25-10-2023,26-10-2023,Standard,CUST-1479,Corporate,India,Lucknow,Uttar Pradesh,North,Office Supplies,Paper,Printer Paper,4,0.05,344.28,39.37,0.114354595,2023-10,2023
ORD-11189,14-02-2025,18-02-2025,Standard,CUST-1401,Home Office,India,Lucknow,Uttar Pradesh,North,Office Supplies,Stationery,Notebook,2,0.05,251.11,27.05,0.107721716,2025-02,2025
ORD-10120,13-07-2025,16-07-2025,Standard,CUST-1167,Consumer,India,Pune,Maharashtra,West,Office Supplies,Writing,Notebook,1,0.1,42.15,3.22,0.076393832,2025-07,2025
ORD-11776,23-08-2025,25-08-2025,Standard,CUST-1018,Corporate,India,Bhopal,Madhya Pradesh,Central,Technology,Accessories,Business Laptop,3,0.1,2041.9,287.69,0.140893286,2025-08,2025
ORD-11669,10-02-2025,13-02-2025,Standard,CUST-1422,Consumer,India,Delhi,Delhi,North,Furniture,Office Furniture,Standing Desk,2,0.05,244.7,28.62,0.116959542,2025-02,2025
ORD-11294,01-05-2025,02-05-2025,Standard,CUST-1595,Consumer,India,Chennai,Tamil Nadu,South,Furniture,Storage,Standing Desk,3,0.2,741.81,59.2,0.079804802,2025-05,2025
ORD-10692,09-05-2024,13-05-2024,Standard,CUST-1294,Consumer,India,Pune,Maharashtra,West,Furniture,Tables,Bookshelf,2,0.05,286.15,41.94,0.146566486,2024-05,2024
ORD-10384,17-08-2024,21-08-2024,Standard,CUST-1139,Corporate,India,Bengaluru,Karnataka,South,Technology,Phones,Monitor,2,0.2,487.11,30.43,0.062470489,2024-08,2024
ORD-11424,17-01-2025,18-01-2025,Standard,CUST-1230,Home Office,India,Hyderabad,Telangana,South,Technology,Computers,USB-C Hub,2,0.1,728.03,86.36,0.118621485,2025-01,2025
ORD-11724,27-12-2024,28-12-2024,First Class,CUST-1573,Consumer,India,Pune,Maharashtra,West,Furniture,Storage,Office Chair,1,0.2,140.63,-3.63,-0.025812416,2024-12,2024
ORD-12485,13-08-2024,14-08-2024,Second Class,CUST-1243,Consumer,India,Delhi,Delhi,North,Office Supplies,Paper,Desk Organizer,4,0,527.66,65.85,0.12479627,2024-08,2024
ORD-10237,03-11-2023,05-11-2023,Standard,CUST-1116,Consumer,India,Chennai,Tamil Nadu,South,Office Supplies,Binders,Printer Paper,4,0.05,331.85,52.56,0.158384812,2023-11,2023
ORD-12328,30-12-2024,01-01-2025,Same Day,CUST-1253,Corporate,India,Nagpur,Maharashtra,Central,Furniture,Storage,Office Chair,3,0.05,966.4,73.92,0.076490066,2024-12,2024
ORD-10439,08-03-2023,10-03-2023,Standard,CUST-1029,Corporate,India,Delhi,Delhi,North,Furniture,Storage,Filing Cabinet,1,0.1,726.4,35.66,0.04909141,2023-03,2023
ORD-11094,15-09-2023,17-09-2023,Second Class,CUST-1205,Consumer,India,Jaipur,Rajasthan,North,Technology,Computers,Wireless Headset,5,0.3,1507.17,-52.22,-0.034647717,2023-09,2023
ORD-10926,29-07-2023,01-08-2023,First Class,CUST-1299,Consumer,India,Kolkata,West Bengal,East,Office Supplies,Paper,Ball Pen Set,3,0.2,165.39,3.54,0.021403954,2023-07,2023
ORD-12052,09-12-2025,13-12-2025,First Class,CUST-1240,Corporate,India,Kolkata,West Bengal,East,Technology,Printers,Tablet,4,0.15,570.34,65.41,0.114685977,2025-12,2025
ORD-10778,01-05-2024,03-05-2024,First Class,CUST-1307,Consumer,India,Lucknow,Uttar Pradesh,North,Technology,Accessories,Business Laptop,1,0.1,419.21,68.24,0.162782376,2024-05,2024
ORD-11831,22-01-2024,24-01-2024,Second Class,CUST-1201,Consumer,India,Delhi,Delhi,North,Technology,Printers,Mechanical Keyboard,5,0.15,563.92,31.11,0.0551674,2024-01,2024
ORD-11406,15-09-2025,16-09-2025,Standard,CUST-1435,Corporate,India,Lucknow,Uttar Pradesh,North,Furniture,Storage,Executive Chair,2,0.3,654.77,-40.9,-0.062464682,2025-09,2025
ORD-11958,08-09-2023,11-09-2023,Second Class,CUST-1375,Corporate,India,Kolkata,West Bengal,East,Technology,Phones,Laser Printer,3,0.3,943.6,-26.03,-0.027585841,2023-09,2023
ORD-10012,17-11-2024,20-11-2024,Standard,CUST-1113,Consumer,India,Kolkata,West Bengal,East,Office Supplies,Paper,Desk Organizer,2,0.2,130.14,12.79,0.098278777,2024-11,2024
ORD-10397,30-05-2025,31-05-2025,First Class,CUST-1383,Consumer,India,Delhi,Delhi,North,Technology,Printers,Laser Printer,1,0,649.15,162.73,0.250681661,2025-05,2025
ORD-10090,25-02-2023,27-02-2023,Second Class,CUST-1070,Corporate,India,Ahmedabad,Gujarat,West,Technology,Printers,Wireless Headset,1,0,330.96,62.45,0.188693498,2023-02,2023
ORD-11369,20-03-2024,25-03-2024,Standard,CUST-1260,Corporate,India,Bhopal,Madhya Pradesh,Central,Technology,Phones,Laser Printer,2,0.2,400.7,28.57,0.071300225,2024-03,2024
ORD-10325,20-10-2024,24-10-2024,Second Class,CUST-1475,Corporate,India,Jaipur,Rajasthan,North,Technology,Computers,Tablet,1,0.15,71.09,5.97,0.083978056,2024-10,2024
ORD-12487,29-03-2023,31-03-2023,First Class,CUST-1187,Corporate,India,Nagpur,Maharashtra,Central,Office Supplies,Stationery,File Binder,2,0.1,387.1,32.79,0.084706794,2023-03,2023
ORD-11227,02-05-2024,05-05-2024,Same Day,CUST-1024,Consumer,India,Bhopal,Madhya Pradesh,Central,Technology,Accessories,Wireless Headset,1,0.05,426.08,76.32,0.179121292,2024-05,2024
ORD-12224,29-05-2025,31-05-2025,Second Class,CUST-1545,Home Office,India,Delhi,Delhi,North,Furniture,Tables,Reception Desk,2,0.15,97.15,0.17,0.001749871,2025-05,2025
ORD-11852,17-10-2024,21-10-2024,Standard,CUST-1436,Consumer,India,Jaipur,Rajasthan,North,Technology,Accessories,Tablet,5,0.2,2693.38,175.73,0.065245157,2024-10,2024
ORD-10057,10-02-2024,12-02-2024,Standard,CUST-1583,Consumer,India,Delhi,Delhi,North,Technology,Phones,Wireless Headset,2,0.1,428.31,37.35,0.087203194,2024-02,2024
ORD-10472,31-01-2024,01-02-2024,Standard,CUST-1291,Corporate,India,Ahmedabad,Gujarat,West,Furniture,Tables,Conference Table,2,0.15,792.05,40.38,0.05098163,2024-01,2024
ORD-11004,03-02-2024,06-02-2024,Standard,CUST-1267,Home Office,India,Hyderabad,Telangana,South,Office Supplies,Writing,Notebook,2,0.3,83.22,-2,-0.024032684,2024-02,2024
ORD-10670,27-09-2025,01-10-2025,Standard,CUST-1489,Consumer,India,Delhi,Delhi,North,Technology,Computers,Mechanical Keyboard,2,0,424.73,98.24,0.231299885,2025-09,2025
ORD-10362,26-11-2024,29-11-2024,Standard,CUST-1453,Consumer,India,Delhi,Delhi,North,Office Supplies,Stationery,Ball Pen Set,3,0,604.49,122.26,0.202253139,2024-11,2024
ORD-10738,14-02-2025,19-02-2025,Standard,CUST-1567,Consumer,India,Chennai,Tamil Nadu,South,Technology,Printers,Wireless Headset,1,0.15,343.22,25.9,0.075461803,2025-02,2025
ORD-11918,17-10-2024,18-10-2024,Second Class,CUST-1375,Home Office,India,Ahmedabad,Gujarat,West,Furniture,Tables,Executive Chair,3,0.1,308.57,42.46,0.137602489,2024-10,2024
ORD-12236,22-03-2023,25-03-2023,Second Class,CUST-1296,Consumer,India,Lucknow,Uttar Pradesh,North,Office Supplies,Writing,Envelope Pack,4,0.3,111.11,-6.53,-0.058770588,2023-03,2023
ORD-10822,27-05-2024,28-05-2024,Standard,CUST-1325,Consumer,India,Mumbai,Maharashtra,West,Technology,Printers,Tablet,4,0.15,1741.98,252.62,0.145018887,2024-05,2024
ORD-12239,06-11-2023,08-11-2023,Standard,CUST-1055,Consumer,India,Chennai,Tamil Nadu,South,Technology,Accessories,Business Laptop,2,0.1,761.03,113.07,0.148574958,2023-11,2023
ORD-10724,22-01-2023,26-01-2023,Second Class,CUST-1250,Consumer,India,Mumbai,Maharashtra,West,Technology,Accessories,Business Laptop,2,0.15,156.94,16.33,0.104052504,2023-01,2023
ORD-11725,05-11-2024,07-11-2024,Standard,CUST-1003,Corporate,India,Ahmedabad,Gujarat,West,Technology,Accessories,Mechanical Keyboard,5,0,2589.89,399.28,0.15416871,2024-11,2024
ORD-12258,10-02-2024,12-02-2024,Same Day,CUST-1299,Consumer,India,Delhi,Delhi,North,Office Supplies,Binders,File Binder,2,0.3,70.95,-4.14,-0.058350951,2024-02,2024
ORD-11920,22-03-2024,24-03-2024,Second Class,CUST-1129,Consumer,India,Bengaluru,Karnataka,South,Office Supplies,Writing,Notebook,1,0,54.84,8.18,0.149161196,2024-03,2024
ORD-11854,18-11-2024,20-11-2024,Second Class,CUST-1242,Home Office,India,Kolkata,West Bengal,East,Technology,Computers,Business Laptop,2,0,1444.57,242.92,0.168160768,2024-11,2024
ORD-11612,07-08-2023,11-08-2023,Standard,CUST-1382,Corporate,India,Jaipur,Rajasthan,North,Furniture,Chairs,Conference Table,4,0.15,1112.38,38.19,0.034331793,2023-08,2023
ORD-11618,19-03-2023,23-03-2023,Standard,CUST-1100,Consumer,India,Jaipur,Rajasthan,North,Office Supplies,Stationery,Notebook,1,0.2,100.82,5.26,0.052172188,2023-03,2023
ORD-10466,11-08-2025,15-08-2025,Standard,CUST-1122,Consumer,India,Bhopal,Madhya Pradesh,Central,Office Supplies,Stationery,Sticky Notes,3,0,863.21,140.38,0.162625549,2025-08,2025
ORD-11397,30-05-2024,02-06-2024,Standard,CUST-1382,Corporate,India,Ahmedabad,Gujarat,West,Technology,Phones,Monitor,5,0.3,1860.06,90.57,0.048691978,2024-05,2024
ORD-12161,28-11-2024,01-12-2024,Standard,CUST-1405,Consumer,India,Kolkata,West Bengal,East,Furniture,Tables,Conference Table,2,0.15,557.31,4.31,0.007733577,2024-11,2024
ORD-11091,17-07-2025,21-07-2025,First Class,CUST-1368,Consumer,India,Bhopal,Madhya Pradesh,Central,Furniture,Storage,Standing Desk,4,0.1,1075.09,68.42,0.063641184,2025-07,2025
ORD-12169,15-02-2025,18-02-2025,Standard,CUST-1404,Consumer,India,Ahmedabad,Gujarat,West,Furniture,Storage,Office Chair,4,0.15,446.09,26.24,0.058822211,2025-02,2025
ORD-10295,08-10-2024,10-10-2024,Second Class,CUST-1518,Consumer,India,Kolkata,West Bengal,East,Technology,Accessories,Business Laptop,3,0.2,757.44,9.93,0.013109949,2024-10,2024
ORD-10786,25-03-2024,26-03-2024,Second Class,CUST-1185,Home Office,India,Nagpur,Maharashtra,Central,Office Supplies,Stationery,Desk Organizer,2,0.3,56.12,3.06,0.054526016,2024-03,2024
ORD-11762,11-06-2025,14-06-2025,Standard,CUST-1180,Consumer,India,Ahmedabad,Gujarat,West,Office Supplies,Writing,Notebook,2,0.05,49.34,6.75,0.136805837,2025-06,2025
ORD-10091,13-10-2025,15-10-2025,Standard,CUST-1596,Corporate,India,Ahmedabad,Gujarat,West,Technology,Computers,USB-C Hub,3,0,1685.17,306.62,0.181951969,2025-10,2025
ORD-10133,10-04-2023,12-04-2023,Standard,CUST-1341,Consumer,India,Delhi,Delhi,North,Technology,Phones,Monitor,4,0.05,807.91,110.36,0.136599374,2023-04,2023
ORD-10887,27-05-2025,28-05-2025,Same Day,CUST-1502,Corporate,India,Pune,Maharashtra,West,Furniture,Chairs,Filing Cabinet,1,0.05,133.75,22.65,0.169345794,2025-05,2025
ORD-10206,05-08-2025,09-08-2025,First Class,CUST-1331,Home Office,India,Lucknow,Uttar Pradesh,North,Furniture,Storage,Bookshelf,2,0.05,897.58,58.92,0.065643174,2025-08,2025
ORD-11148,27-12-2023,29-12-2023,Standard,CUST-1289,Consumer,India,Mumbai,Maharashtra,West,Office Supplies,Writing,Ball Pen Set,1,0.15,58.3,-0.02,-0.000343053,2023-12,2023
ORD-12477,15-09-2024,17-09-2024,Standard,CUST-1542,Consumer,India,Bengaluru,Karnataka,South,Technology,Printers,Tablet,2,0.15,482.9,42.26,0.087512943,2024-09,2024
ORD-10270,28-10-2024,31-10-2024,Standard,CUST-1582,Corporate,India,Hyderabad,Telangana,South,Technology,Phones,Laser Printer,3,0.1,818.74,75.09,0.091714097,2024-10,2024
ORD-11272,27-12-2024,30-12-2024,Same Day,CUST-1580,Consumer,India,Mumbai,Maharashtra,West,Technology,Computers,Wireless Headset,5,0,1145.55,197.86,0.172720527,2024-12,2024
ORD-10421,10-11-2024,15-11-2024,Standard,CUST-1387,Consumer,India,Hyderabad,Telangana,South,Furniture,Office Furniture,Executive Chair,5,0,659.27,107.29,0.162740607,2024-11,2024
ORD-12337,16-08-2025,18-08-2025,Standard,CUST-1005,Consumer,India,Bengaluru,Karnataka,South,Technology,Phones,Tablet,3,0,1666.6,375.03,0.225027001,2025-08,2025
ORD-11192,05-10-2023,07-10-2023,Standard,CUST-1172,Consumer,India,Jaipur,Rajasthan,North,Office Supplies,Binders,Sticky Notes,4,0.3,449.01,-5.81,-0.012939578,2023-10,2023
ORD-10221,16-08-2023,18-08-2023,Same Day,CUST-1400,Home Office,India,Hyderabad,Telangana,South,Furniture,Storage,Filing Cabinet,3,0.15,970.82,8.12,0.008364063,2023-08,2023
ORD-10848,01-10-2024,03-10-2024,Standard,CUST-1079,Corporate,India,Delhi,Delhi,North,Furniture,Tables,Standing Desk,5,0,782.58,117.56,0.150221064,2024-10,2024
ORD-10803,31-03-2025,04-04-2025,Standard,CUST-1435,Consumer,India,Ahmedabad,Gujarat,West,Office Supplies,Stationery,Notebook,4,0.15,342.22,22.17,0.064782888,2025-03,2025
ORD-10450,22-01-2023,24-01-2023,Standard,CUST-1044,Corporate,India,Lucknow,Uttar Pradesh,North,Office Supplies,Binders,Sticky Notes,4,0,700.06,121.64,0.173756535,2023-01,2023
ORD-11235,30-09-2025,02-10-2025,Standard,CUST-1554,Home Office,India,Nagpur,Maharashtra,Central,Technology,Accessories,USB-C Hub,1,0.2,381.47,17.79,0.046635384,2025-09,2025
ORD-10473,12-10-2025,17-10-2025,Standard,CUST-1136,Consumer,India,Ahmedabad,Gujarat,West,Technology,Printers,Business Laptop,1,0,248.91,38.38,0.154192278,2025-10,2025
ORD-11258,22-02-2023,25-02-2023,Same Day,CUST-1445,Consumer,India,Jaipur,Rajasthan,North,Office Supplies,Stationery,File Binder,3,0,309.18,39.2,0.126786985,2023-02,2023
ORD-10813,22-03-2024,23-03-2024,Standard,CUST-1549,Consumer,India,Jaipur,Rajasthan,North,Technology,Computers,Monitor,2,0.3,678.28,5.62,0.008285664,2024-03,2024
ORD-12432,12-02-2024,15-02-2024,Second Class,CUST-1200,Corporate,India,Pune,Maharashtra,West,Furniture,Chairs,Filing Cabinet,2,0.2,481.7,17.25,0.035810671,2024-02,2024
ORD-10335,01-07-2024,03-07-2024,Standard,CUST-1344,Consumer,India,Lucknow,Uttar Pradesh,North,Technology,Printers,Tablet,3,0.05,292.45,58.53,0.200136776,2024-07,2024
ORD-10182,23-02-2023,25-02-2023,Standard,CUST-1036,Consumer,India,Pune,Maharashtra,West,Furniture,Chairs,Standing Desk,4,0.1,858.76,47.8,0.055661652,2023-02,2023
ORD-10657,19-10-2023,20-10-2023,Standard,CUST-1221,Consumer,India,Hyderabad,Telangana,South,Office Supplies,Stationery,Desk Organizer,1,0.3,398.78,10.79,0.027057525,2023-10,2023
ORD-10997,19-10-2023,21-10-2023,Second Class,CUST-1005,Corporate,India,Jaipur,Rajasthan,North,Office Supplies,Binders,Printer Paper,3,0.2,356.6,5.9,0.016545149,2023-10,2023
ORD-11144,27-05-2024,30-05-2024,First Class,CUST-1231,Corporate,India,Chennai,Tamil Nadu,South,Furniture,Chairs,Reception Desk,1,0.3,269.29,-13.6,-0.050503175,2024-05,2024
ORD-12336,23-01-2024,26-01-2024,Same Day,CUST-1238,Consumer,India,Jaipur,Rajasthan,North,Furniture,Office Furniture,Conference Table,2,0.05,365.53,63.72,0.174322217,2024-01,2024
ORD-10142,03-01-2024,04-01-2024,Second Class,CUST-1147,Corporate,India,Mumbai,Maharashtra,West,Office Supplies,Writing,Envelope Pack,2,0.2,234.17,5,0.021352009,2024-01,2024
ORD-10081,02-09-2025,04-09-2025,Standard,CUST-1372,Corporate,India,Nagpur,Maharashtra,Central,Technology,Accessories,Smartphone,3,0,239.11,44.68,0.186859604,2025-09,2025
ORD-11734,14-05-2023,17-05-2023,First Class,CUST-1246,Consumer,India,Ahmedabad,Gujarat,West,Office Supplies,Paper,Ball Pen Set,3,0,1142.84,151.82,0.132844493,2023-05,2023
ORD-12230,16-01-2023,19-01-2023,Same Day,CUST-1375,Home Office,India,Jaipur,Rajasthan,North,Technology,Printers,USB-C Hub,4,0.2,1119.32,92.74,0.082853876,2023-01,2023
ORD-11482,23-04-2025,27-04-2025,Second Class,CUST-1155,Consumer,India,Bengaluru,Karnataka,South,Furniture,Office Furniture,Reception Desk,4,0.3,286.54,-17.36,-0.06058491,2025-04,2025
ORD-10152,02-07-2023,04-07-2023,Standard,CUST-1376,Consumer,India,Kolkata,West Bengal,East,Furniture,Office Furniture,Bookshelf,3,0.05,1175.36,132.16,0.112442145,2023-07,2023
ORD-11048,10-02-2025,12-02-2025,First Class,CUST-1186,Consumer,India,Pune,Maharashtra,West,Furniture,Storage,Reception Desk,4,0,606.17,77.86,0.128445816,2025-02,2025
ORD-10943,26-10-2023,27-10-2023,Second Class,CUST-1034,Home Office,India,Nagpur,Maharashtra,Central,Technology,Accessories,Business Laptop,3,0,3053.8,703.22,0.230277032,2023-10,2023
ORD-10060,07-04-2023,10-04-2023,Standard,CUST-1492,Consumer,India,Bhopal,Madhya Pradesh,Central,Technology,Phones,Monitor,1,0.05,714.37,126.33,0.176841133,2023-04,2023
ORD-12430,16-09-2025,19-09-2025,Same Day,CUST-1040,Consumer,India,Bengaluru,Karnataka,South,Furniture,Storage,Conference Table,3,0.05,1013.19,59.27,0.058498406,2025-09,2025
ORD-10575,18-06-2023,22-06-2023,Standard,CUST-1214,Consumer,India,Hyderabad,Telangana,South,Office Supplies,Writing,Ball Pen Set,3,0.1,300.29,26.65,0.088747544,2023-06,2023
ORD-10240,27-10-2023,28-10-2023,Second Class,CUST-1249,Corporate,India,Mumbai,Maharashtra,West,Furniture,Chairs,Reception Desk,3,0.15,892.71,71.89,0.080530071,2023-10,2023
ORD-10640,27-03-2025,30-03-2025,Same Day,CUST-1028,Consumer,India,Ahmedabad,Gujarat,West,Furniture,Chairs,Office Chair,5,0.1,242.62,25.15,0.103660045,2025-03,2025
ORD-12471,25-04-2023,28-04-2023,Standard,CUST-1039,Consumer,India,Hyderabad,Telangana,South,Technology,Printers,USB-C Hub,2,0,409.87,48.11,0.117378681,2023-04,2023
ORD-12459,06-06-2025,07-06-2025,First Class,CUST-1323,Home Office,India,Chennai,Tamil Nadu,South,Office Supplies,Binders,Notebook,4,0.1,156.36,11.3,0.072269123,2025-06,2025
ORD-10903,11-09-2024,12-09-2024,Second Class,CUST-1118,Consumer,India,Pune,Maharashtra,West,Technology,Phones,Business Laptop,5,0.05,1437.42,289.42,0.201346858,2024-09,2024
ORD-10421,23-03-2023,25-03-2023,Second Class,CUST-1035,Consumer,India,Ahmedabad,Gujarat,West,Furniture,Storage,Bookshelf,2,0.15,603.19,19.09,0.031648403,2023-03,2023
ORD-10839,04-12-2023,09-12-2023,Standard,CUST-1263,Corporate,India,Pune,Maharashtra,West,Technology,Phones,Business Laptop,1,0.3,184.7,3.91,0.021169464,2023-12,2023
ORD-10126,09-10-2023,11-10-2023,Standard,CUST-1599,Consumer,India,Bengaluru,Karnataka,South,Furniture,Chairs,Filing Cabinet,1,0,384.34,38,0.098870791,2023-10,2023
ORD-10491,10-09-2024,13-09-2024,Same Day,CUST-1298,Consumer,India,Bengaluru,Karnataka,South,Office Supplies,Stationery,File Binder,1,0.1,79.31,10.5,0.13239188,2024-09,2024
ORD-12014,14-11-2024,17-11-2024,Standard,CUST-1492,Home Office,India,Nagpur,Maharashtra,Central,Office Supplies,Writing,Desk Organizer,3,0,146.2,28.01,0.191586867,2024-11,2024
ORD-10685,17-08-2023,19-08-2023,Standard,CUST-1421,Corporate,India,Lucknow,Uttar Pradesh,North,Technology,Phones,USB-C Hub,3,0.2,533.09,47.63,0.089347015,2023-08,2023
ORD-11043,04-08-2024,07-08-2024,Standard,CUST-1385,Consumer,India,Nagpur,Maharashtra,Central,Technology,Accessories,Laser Printer,2,0,193.4,36.58,0.189141675,2024-08,2024
ORD-11078,22-10-2023,24-10-2023,Second Class,CUST-1468,Corporate,India,Chennai,Tamil Nadu,South,Technology,Printers,Business Laptop,2,0.2,691.11,30.74,0.044479171,2023-10,2023
ORD-11894,23-04-2025,25-04-2025,Second Class,CUST-1449,Consumer,India,Nagpur,Maharashtra,Central,Technology,Computers,USB-C Hub,2,0.05,239.58,42.06,0.175557225,2025-04,2025
ORD-12125,28-02-2023,02-03-2023,Same Day,CUST-1489,Corporate,India,Lucknow,Uttar Pradesh,North,Office Supplies,Writing,Desk Organizer,1,0.3,79.29,-3.89,-0.049060411,2023-02,2023
ORD-10013,16-11-2023,18-11-2023,Same Day,CUST-1488,Corporate,India,Bhopal,Madhya Pradesh,Central,Technology,Computers,Wireless Headset,4,0,735.35,163.33,0.222111919,2023-11,2023
ORD-10048,17-06-2025,20-06-2025,Standard,CUST-1417,Consumer,India,Kolkata,West Bengal,East,Technology,Computers,Laser Printer,1,0.2,287.62,15.21,0.052882275,2025-06,2025
ORD-11820,16-11-2023,18-11-2023,Standard,CUST-1306,Consumer,India,Delhi,Delhi,North,Furniture,Tables,Filing Cabinet,5,0.15,2008.31,124.15,0.061818146,2023-11,2023
ORD-12189,10-10-2024,12-10-2024,Second Class,CUST-1439,Corporate,India,Lucknow,Uttar Pradesh,North,Office Supplies,Binders,File Binder,4,0.05,224.28,33.05,0.147360442,2024-10,2024
ORD-12182,14-08-2024,16-08-2024,Standard,CUST-1028,Corporate,India,Delhi,Delhi,North,Technology,Accessories,Laser Printer,2,0,421.31,107,0.253969761,2024-08,2024
ORD-10383,11-04-2023,14-04-2023,Same Day,CUST-1326,Consumer,India,Bengaluru,Karnataka,South,Furniture,Office Furniture,Office Chair,4,0.1,1627.78,121.58,0.074690683,2023-04,2023
ORD-10256,21-06-2024,23-06-2024,Standard,CUST-1281,Consumer,India,Bengaluru,Karnataka,South,Furniture,Chairs,Reception Desk,5,0.15,1707.55,123.31,0.072214576,2024-06,2024
ORD-11866,02-08-2023,05-08-2023,First Class,CUST-1248,Consumer,India,Mumbai,Maharashtra,West,Furniture,Chairs,Filing Cabinet,2,0.15,472.69,29.76,0.06295881,2023-08,2023
ORD-11044,17-07-2024,20-07-2024,Standard,CUST-1270,Corporate,India,Lucknow,Uttar Pradesh,North,Furniture,Chairs,Filing Cabinet,4,0,964.38,60.35,0.062579066,2024-07,2024
ORD-10575,25-11-2025,27-11-2025,Standard,CUST-1202,Corporate,India,Chennai,Tamil Nadu,South,Technology,Computers,Wireless Headset,4,0,294.74,56.83,0.192814006,2025-11,2025
ORD-11751,03-07-2025,07-07-2025,Standard,CUST-1172,Home Office,India,Jaipur,Rajasthan,North,Furniture,Office Furniture,Executive Chair,3,0.1,1328.62,135.73,0.102158631,2025-07,2025
ORD-12063,27-05-2025,30-05-2025,Standard,CUST-1161,Corporate,India,Hyderabad,Telangana,South,Technology,Computers,USB-C Hub,5,0.2,453.72,18.36,0.040465485,2025-05,2025
ORD-10012,03-11-2025,07-11-2025,Standard,CUST-1115,Consumer,India,Lucknow,Uttar Pradesh,North,Technology,Phones,Mechanical Keyboard,3,0.05,3037.94,434.3,0.142958715,2025-11,2025
ORD-10703,04-10-2023,06-10-2023,Same Day,CUST-1096,Corporate,India,Jaipur,Rajasthan,North,Technology,Printers,Smartphone,3,0.3,455.01,-3.24,-0.007120723,2023-10,2023
ORD-10314,25-08-2025,28-08-2025,Standard,CUST-1009,Corporate,India,Delhi,Delhi,North,Technology,Computers,Business Laptop,1,0,1200.54,248.59,0.207065154,2025-08,2025
ORD-10289,06-03-2023,10-03-2023,First Class,CUST-1375,Consumer,India,Chennai,Tamil Nadu,South,Technology,Printers,Mechanical Keyboard,2,0.05,776.34,153.61,0.197864338,2023-03,2023
ORD-11405,12-05-2025,15-05-2025,Standard,CUST-1089,Corporate,India,Nagpur,Maharashtra,Central,Technology,Computers,Smartphone,1,0.05,579.03,72.09,0.124501321,2025-05,2025
ORD-11172,24-08-2025,26-08-2025,Standard,CUST-1393,Consumer,India,Hyderabad,Telangana,South,Technology,Computers,Business Laptop,3,0.3,167.79,0.28,0.001668753,2025-08,2025
ORD-11622,19-04-2024,21-04-2024,Standard,CUST-1521,Consumer,India,Hyderabad,Telangana,South,Furniture,Tables,Filing Cabinet,2,0.1,584.75,22.81,0.039008123,2024-04,2024
ORD-12192,25-03-2023,26-03-2023,Second Class,CUST-1457,Corporate,India,Lucknow,Uttar Pradesh,North,Furniture,Storage,Filing Cabinet,2,0.3,396.74,-43.7,-0.110147704,2023-03,2023
ORD-10365,31-05-2024,02-06-2024,Standard,CUST-1064,Consumer,India,Hyderabad,Telangana,South,Furniture,Storage,Bookshelf,5,0,2259.81,387.25,0.171363964,2024-05,2024
ORD-11338,17-06-2025,18-06-2025,First Class,CUST-1317,Home Office,India,Jaipur,Rajasthan,North,Furniture,Chairs,Executive Chair,2,0.1,488.1,18.89,0.038701086,2025-06,2025
ORD-10666,10-09-2025,11-09-2025,Second Class,CUST-1364,Consumer,India,Bhopal,Madhya Pradesh,Central,Technology,Phones,Wireless Headset,5,0,2911.14,714.19,0.245330008,2025-09,2025
ORD-10583,10-08-2024,11-08-2024,Standard,CUST-1005,Consumer,India,Pune,Maharashtra,West,Technology,Printers,Smartphone,1,0.3,368.22,-0.24,-0.000651784,2024-08,2024
ORD-11330,03-11-2024,06-11-2024,First Class,CUST-1115,Corporate,India,Delhi,Delhi,North,Technology,Accessories,USB-C Hub,1,0.15,57.65,4.21,0.073026886,2024-11,2024
ORD-10834,09-02-2025,11-02-2025,Standard,CUST-1258,Home Office,India,Kolkata,West Bengal,East,Technology,Computers,USB-C Hub,2,0.2,1057.56,121.71,0.115085669,2025-02,2025
ORD-11721,08-10-2025,09-10-2025,Second Class,CUST-1090,Home Office,India,Mumbai,Maharashtra,West,Technology,Printers,Tablet,2,0.15,1725.03,183.98,0.106653218,2025-10,2025
ORD-10626,19-01-2023,20-01-2023,Standard,CUST-1072,Consumer,India,Hyderabad,Telangana,South,Office Supplies,Paper,Notebook,1,0,108.62,23.98,0.220769656,2023-01,2023
ORD-12498,13-09-2024,15-09-2024,Standard,CUST-1441,Consumer,India,Bhopal,Madhya Pradesh,Central,Office Supplies,Stationery,Envelope Pack,4,0.1,181.31,21.96,0.121118526,2024-09,2024
ORD-11048,22-08-2023,23-08-2023,Standard,CUST-1298,Consumer,India,Delhi,Delhi,North,Office Supplies,Stationery,Sticky Notes,5,0,642.69,88.29,0.137375718,2023-08,2023
ORD-10037,28-08-2024,01-09-2024,Standard,CUST-1068,Corporate,India,Nagpur,Maharashtra,Central,Technology,Computers,Smartphone,1,0.1,190.79,34.93,0.183080874,2024-08,2024
ORD-12455,25-12-2025,26-12-2025,Second Class,CUST-1124,Home Office,India,Delhi,Delhi,North,Technology,Printers,Wireless Headset,2,0,227.02,41.18,0.18139371,2025-12,2025
ORD-11612,18-09-2025,21-09-2025,First Class,CUST-1245,Consumer,India,Bengaluru,Karnataka,South,Technology,Computers,Business Laptop,3,0.15,607.6,38.59,0.063512179,2025-09,2025
ORD-11482,04-04-2023,06-04-2023,Standard,CUST-1086,Corporate,India,Delhi,Delhi,North,Furniture,Chairs,Executive Chair,2,0.2,102.8,2.28,0.022178988,2023-04,2023
ORD-12417,02-07-2023,04-07-2023,Second Class,CUST-1502,Consumer,India,Nagpur,Maharashtra,Central,Furniture,Office Furniture,Bookshelf,3,0.2,1006.16,1.17,0.001162837,2023-07,2023
ORD-12467,16-03-2023,19-03-2023,Standard,CUST-1265,Corporate,India,Chennai,Tamil Nadu,South,Furniture,Storage,Executive Chair,1,0.1,255.72,24.1,0.094243704,2023-03,2023
ORD-10005,18-09-2023,19-09-2023,Standard,CUST-1329,Consumer,India,Bengaluru,Karnataka,South,Furniture,Storage,Filing Cabinet,5,0.05,1106.52,87.23,0.078832737,2023-09,2023
ORD-10684,04-01-2024,09-01-2024,Standard,CUST-1596,Corporate,India,Bhopal,Madhya Pradesh,Central,Technology,Phones,Business Laptop,5,0.2,2346.03,128.43,0.054743545,2024-01,2024
ORD-11501,26-02-2025,01-03-2025,Same Day,CUST-1256,Home Office,India,Kolkata,West Bengal,East,Office Supplies,Writing,Notebook,2,0.1,46.08,4.68,0.1015625,2025-02,2025
ORD-10474,22-12-2023,23-12-2023,Standard,CUST-1252,Home Office,India,Ahmedabad,Gujarat,West,Technology,Phones,Business Laptop,4,0.05,1299.2,178.81,0.13763085,2023-12,2023
ORD-11365,28-01-2025,30-01-2025,Same Day,CUST-1221,Corporate,India,Delhi,Delhi,North,Technology,Phones,Laser Printer,3,0.1,207.84,38.14,0.183506543,2025-01,2025
ORD-12457,08-02-2025,09-02-2025,Second Class,CUST-1397,Corporate,India,Lucknow,Uttar Pradesh,North,Office Supplies,Binders,Printer Paper,4,0.3,790.67,33.45,0.042305892,2025-02,2025
ORD-10014,23-06-2023,27-06-2023,Standard,CUST-1552,Consumer,India,Bhopal,Madhya Pradesh,Central,Technology,Computers,Laser Printer,3,0.2,754.99,29.17,0.038636273,2023-06,2023
ORD-10516,02-08-2023,03-08-2023,Standard,CUST-1285,Corporate,India,Hyderabad,Telangana,South,Technology,Phones,Business Laptop,2,0.2,148.71,8.61,0.057897922,2023-08,2023
ORD-10629,11-11-2024,12-11-2024,Standard,CUST-1587,Consumer,India,Bhopal,Madhya Pradesh,Central,Technology,Accessories,Mechanical Keyboard,5,0.1,1349.87,161.62,0.119730048,2024-11,2024
ORD-11415,10-03-2024,13-03-2024,Second Class,CUST-1560,Consumer,India,Kolkata,West Bengal,East,Technology,Computers,Monitor,2,0,443.91,81.35,0.183257868,2024-03,2024
ORD-11947,03-09-2024,07-09-2024,Standard,CUST-1179,Corporate,India,Kolkata,West Bengal,East,Furniture,Office Furniture,Office Chair,3,0.3,762.83,-73.43,-0.096259979,2024-09,2024
ORD-10429,27-09-2025,28-09-2025,Standard,CUST-1590,Home Office,India,Ahmedabad,Gujarat,West,Technology,Phones,Business Laptop,3,0,1395.27,301.89,0.216366725,2025-09,2025
ORD-10175,28-11-2025,29-11-2025,Same Day,CUST-1132,Home Office,India,Pune,Maharashtra,West,Office Supplies,Paper,Desk Organizer,3,0,407.19,87.9,0.215869741,2025-11,2025
ORD-10184,30-01-2025,02-02-2025,Second Class,CUST-1588,Consumer,India,Bhopal,Madhya Pradesh,Central,Office Supplies,Binders,File Binder,3,0.15,217.06,16.25,0.074864093,2025-01,2025
ORD-12342,02-10-2023,04-10-2023,First Class,CUST-1378,Corporate,India,Pune,Maharashtra,West,Furniture,Tables,Filing Cabinet,5,0.1,1323.43,0.87,0.000657383,2023-10,2023
ORD-11594,15-03-2024,17-03-2024,Second Class,CUST-1229,Consumer,India,Kolkata,West Bengal,East,Technology,Printers,Smartphone,1,0.1,280.03,40.07,0.143091812,2024-03,2024
ORD-11635,07-11-2024,10-11-2024,Second Class,CUST-1217,Consumer,India,Jaipur,Rajasthan,North,Office Supplies,Writing,Desk Organizer,3,0.2,221.43,3.72,0.016799892,2024-11,2024
ORD-10230,26-07-2024,28-07-2024,Standard,CUST-1568,Consumer,India,Nagpur,Maharashtra,Central,Office Supplies,Paper,Envelope Pack,5,0,158.63,28.1,0.177141776,2024-07,2024
ORD-11997,21-09-2025,24-09-2025,Standard,CUST-1023,Consumer,India,Hyderabad,Telangana,South,Technology,Printers,Monitor,3,0.2,748.75,26.05,0.034791319,2025-09,2025
ORD-10514,08-08-2024,12-08-2024,First Class,CUST-1269,Home Office,India,Nagpur,Maharashtra,Central,Office Supplies,Binders,Ball Pen Set,2,0.1,83.85,9.7,0.115682767,2024-08,2024
ORD-10863,16-05-2024,19-05-2024,Second Class,CUST-1323,Consumer,India,Chennai,Tamil Nadu,South,Office Supplies,Binders,Sticky Notes,1,0.05,22.42,1.88,0.083853702,2024-05,2024
ORD-12361,29-03-2025,02-04-2025,Same Day,CUST-1295,Consumer,India,Ahmedabad,Gujarat,West,Furniture,Tables,Standing Desk,3,0,651.67,95.51,0.14656191,2025-03,2025
ORD-10208,22-07-2024,26-07-2024,Standard,CUST-1587,Consumer,India,Ahmedabad,Gujarat,West,Furniture,Storage,Executive Chair,5,0.1,2579.58,202.28,0.078415866,2024-07,2024
ORD-10633,06-02-2023,10-02-2023,Second Class,CUST-1119,Consumer,India,Chennai,Tamil Nadu,South,Furniture,Office Furniture,Reception Desk,5,0.3,428.07,-29.28,-0.068400028,2023-02,2023
ORD-11066,31-07-2023,01-08-2023,Second Class,CUST-1233,Consumer,India,Lucknow,Uttar Pradesh,North,Technology,Phones,Business Laptop,3,0.2,706.82,115.46,0.163351348,2023-07,2023
ORD-11640,07-10-2024,09-10-2024,Standard,CUST-1054,Consumer,India,Mumbai,Maharashtra,West,Technology,Computers,Business Laptop,1,0.15,182.73,19.13,0.10468998,2024-10,2024
ORD-10024,01-08-2025,06-08-2025,Standard,CUST-1502,Consumer,India,Nagpur,Maharashtra,Central,Technology,Phones,USB-C Hub,2,0,152.88,36.47,0.238553114,2025-08,2025
ORD-12028,02-04-2023,04-04-2023,Same Day,CUST-1148,Corporate,India,Pune,Maharashtra,West,Furniture,Tables,Reception Desk,2,0.3,99.56,-2.75,-0.027621535,2023-04,2023
ORD-11190,13-02-2024,17-02-2024,Standard,CUST-1000,Consumer,India,Nagpur,Maharashtra,Central,Office Supplies,Paper,Ball Pen Set,3,0.1,97.54,6.51,0.066741849,2024-02,2024
ORD-10500,02-07-2024,05-07-2024,Standard,CUST-1569,Corporate,India,Ahmedabad,Gujarat,West,Technology,Computers,Laser Printer,2,0.15,218.81,13.18,0.060234907,2024-07,2024
ORD-11014,08-09-2023,09-09-2023,Standard,CUST-1178,Consumer,India,Bhopal,Madhya Pradesh,Central,Technology,Printers,Business Laptop,2,0.2,777.06,88.12,0.113401797,2023-09,2023
ORD-11443,01-11-2025,04-11-2025,Standard,CUST-1394,Home Office,India,Bhopal,Madhya Pradesh,Central,Furniture,Storage,Filing Cabinet,5,0,1959.19,175.6,0.089628877,2025-11,2025
ORD-11418,27-03-2024,29-03-2024,Standard,CUST-1530,Consumer,India,Nagpur,Maharashtra,Central,Technology,Computers,Tablet,1,0,260.1,64.73,0.248865821,2024-03,2024
ORD-10912,03-08-2024,06-08-2024,Second Class,CUST-1426,Consumer,India,Chennai,Tamil Nadu,South,Technology,Computers,Business Laptop,4,0,1121.48,148.77,0.132655063,2024-08,2024
ORD-10752,24-02-2023,26-02-2023,Standard,CUST-1388,Consumer,India,Pune,Maharashtra,West,Office Supplies,Writing,Envelope Pack,1,0.15,60.77,2.7,0.044429817,2023-02,2023
ORD-11242,19-10-2025,24-10-2025,Same Day,CUST-1084,Consumer,India,Jaipur,Rajasthan,North,Technology,Accessories,Smartphone,2,0,1563.48,319.83,0.204562898,2025-10,2025
ORD-10869,03-01-2024,04-01-2024,Standard,CUST-1460,Home Office,India,Kolkata,West Bengal,East,Furniture,Office Furniture,Executive Chair,2,0.3,150.85,-5.68,-0.037653298,2024-01,2024
ORD-11915,19-12-2024,22-12-2024,Standard,CUST-1082,Consumer,India,Bengaluru,Karnataka,South,Technology,Accessories,Tablet,4,0.1,1365.09,199.34,0.146027002,2024-12,2024
ORD-12496,21-07-2025,23-07-2025,Standard,CUST-1433,Home Office,India,Kolkata,West Bengal,East,Technology,Computers,Wireless Headset,4,0.3,449.13,-11.77,-0.026206221,2025-07,2025
ORD-11379,21-05-2024,24-05-2024,First Class,CUST-1430,Consumer,India,Bengaluru,Karnataka,South,Technology,Accessories,Business Laptop,3,0.1,999.2,126.34,0.126441153,2024-05,2024
ORD-11286,10-08-2023,11-08-2023,Standard,CUST-1074,Home Office,India,Ahmedabad,Gujarat,West,Furniture,Office Furniture,Office Chair,2,0.05,424.89,40.84,0.096118996,2023-08,2023
ORD-12017,01-09-2024,04-09-2024,Second Class,CUST-1426,Corporate,India,Hyderabad,Telangana,South,Technology,Computers,Business Laptop,2,0,2087.35,487.54,0.233568879,2024-09,2024
ORD-10483,03-08-2023,05-08-2023,Standard,CUST-1343,Consumer,India,Chennai,Tamil Nadu,South,Technology,Computers,Laser Printer,2,0.1,453.75,54.84,0.120859504,2023-08,2023
ORD-10834,23-01-2024,25-01-2024,Second Class,CUST-1161,Home Office,India,Hyderabad,Telangana,South,Furniture,Storage,Conference Table,5,0.1,1981.27,123.82,0.062495268,2024-01,2024
ORD-12030,09-08-2023,11-08-2023,Standard,CUST-1409,Corporate,India,Chennai,Tamil Nadu,South,Technology,Accessories,Smartphone,5,0.05,980.08,197.94,0.201963105,2023-08,2023
ORD-11777,26-12-2023,28-12-2023,First Class,CUST-1564,Corporate,India,Jaipur,Rajasthan,North,Technology,Computers,Laser Printer,4,0.15,1637.04,118.16,0.072179055,2023-12,2023
ORD-11675,15-03-2025,17-03-2025,Standard,CUST-1420,Consumer,India,Lucknow,Uttar Pradesh,North,Office Supplies,Paper,Desk Organizer,2,0.05,280.1,43.44,0.155087469,2025-03,2025
ORD-10108,27-10-2025,30-10-2025,Second Class,CUST-1062,Consumer,India,Delhi,Delhi,North,Technology,Computers,USB-C Hub,2,0,488.67,108.78,0.222604211,2025-10,2025
ORD-12271,15-01-2025,18-01-2025,Standard,CUST-1153,Consumer,India,Lucknow,Uttar Pradesh,North,Office Supplies,Paper,Sticky Notes,5,0.3,899.34,-40.36,-0.044877355,2025-01,2025
ORD-12013,20-08-2024,22-08-2024,Second Class,CUST-1269,Consumer,India,Ahmedabad,Gujarat,West,Technology,Printers,Business Laptop,3,0.15,1788.66,149.99,0.083856071,2024-08,2024
ORD-10859,28-09-2023,30-09-2023,Second Class,CUST-1006,Consumer,India,Chennai,Tamil Nadu,South,Furniture,Office Furniture,Executive Chair,2,0.15,586.47,39.25,0.066925844,2023-09,2023
ORD-10123,14-03-2024,16-03-2024,Second Class,CUST-1346,Consumer,India,Bhopal,Madhya Pradesh,Central,Technology,Accessories,Monitor,4,0.3,4321.04,65.53,0.015165331,2024-03,2024
ORD-11043,05-06-2023,07-06-2023,Standard,CUST-1165,Consumer,India,Mumbai,Maharashtra,West,Furniture,Office Furniture,Bookshelf,3,0,774.59,93.3,0.120450819,2023-06,2023
ORD-10148,14-09-2024,18-09-2024,Second Class,CUST-1309,Consumer,India,Mumbai,Maharashtra,West,Office Supplies,Writing,File Binder,2,0.15,199.09,0.97,0.004872168,2024-09,2024
ORD-10034,03-12-2023,04-12-2023,Second Class,CUST-1276,Corporate,India,Pune,Maharashtra,West,Office Supplies,Binders,Sticky Notes,4,0.2,702.27,-15.05,-0.021430504,2023-12,2023
ORD-10968,01-01-2023,04-01-2023,Standard,CUST-1506,Consumer,India,Bhopal,Madhya Pradesh,Central,Furniture,Storage,Conference Table,5,0,598.19,53.59,0.089586921,2023-01,2023
ORD-12492,19-08-2025,20-08-2025,Second Class,CUST-1514,Consumer,India,Ahmedabad,Gujarat,West,Furniture,Storage,Standing Desk,1,0.3,154.2,-11.62,-0.07535668,2025-08,2025
ORD-11117,11-08-2023,16-08-2023,First Class,CUST-1279,Consumer,India,Mumbai,Maharashtra,West,Technology,Accessories,Mechanical Keyboard,2,0.05,245.39,27.67,0.112759281,2023-08,2023
ORD-12152,13-05-2025,16-05-2025,Standard,CUST-1290,Consumer,India,Pune,Maharashtra,West,Office Supplies,Stationery,Envelope Pack,2,0.15,105.26,10.1,0.095952879,2025-05,2025
ORD-11790,09-07-2023,10-07-2023,Second Class,CUST-1260,Consumer,India,Delhi,Delhi,North,Furniture,Tables,Conference Table,2,0.1,670.82,37.71,0.056214782,2023-07,2023
ORD-10421,05-12-2025,08-12-2025,First Class,CUST-1110,Home Office,India,Ahmedabad,Gujarat,West,Office Supplies,Stationery,Desk Organizer,2,0,95.1,12.24,0.128706625,2025-12,2025
ORD-10618,23-06-2025,26-06-2025,Standard,CUST-1592,Corporate,India,Ahmedabad,Gujarat,West,Office Supplies,Paper,Envelope Pack,5,0.15,222.15,29.87,0.134458699,2025-06,2025
ORD-11236,16-10-2025,19-10-2025,First Class,CUST-1394,Consumer,India,Mumbai,Maharashtra,West,Furniture,Chairs,Reception Desk,3,0.1,341.37,10.07,0.029498784,2025-10,2025
ORD-10875,02-01-2025,05-01-2025,Standard,CUST-1000,Home Office,India,Kolkata,West Bengal,East,Furniture,Chairs,Office Chair,1,0,238.53,41.39,0.17352115,2025-01,2025
ORD-11078,10-05-2025,12-05-2025,Standard,CUST-1390,Corporate,India,Bengaluru,Karnataka,South,Technology,Phones,Business Laptop,5,0.05,2510.83,315.39,0.125611849,2025-05,2025
ORD-11750,10-12-2025,12-12-2025,First Class,CUST-1584,Home Office,India,Nagpur,Maharashtra,Central,Furniture,Tables,Executive Chair,3,0.1,791.51,17.22,0.021755884,2025-12,2025
ORD-10359,06-07-2024,08-07-2024,Second Class,CUST-1572,Consumer,India,Delhi,Delhi,North,Technology,Accessories,Monitor,2,0.1,1967.62,115.47,0.058685112,2024-07,2024
ORD-10449,17-06-2023,19-06-2023,Standard,CUST-1056,Corporate,India,Bhopal,Madhya Pradesh,Central,Technology,Computers,Laser Printer,3,0.1,1413.28,255.61,0.180862957,2023-06,2023
ORD-10155,08-03-2024,11-03-2024,Standard,CUST-1413,Consumer,India,Hyderabad,Telangana,South,Office Supplies,Stationery,Desk Organizer,3,0.15,317.02,-0.39,-0.001230206,2024-03,2024
ORD-11943,07-04-2023,10-04-2023,Second Class,CUST-1582,Corporate,India,Delhi,Delhi,North,Office Supplies,Binders,Notebook,4,0,478.12,68.49,0.143248557,2023-04,2023
ORD-10199,30-05-2025,02-06-2025,First Class,CUST-1503,Home Office,India,Hyderabad,Telangana,South,Technology,Accessories,Business Laptop,1,0.3,1156.53,-78.72,-0.068065679,2025-05,2025
ORD-10382,14-02-2025,18-02-2025,Standard,CUST-1235,Corporate,India,Pune,Maharashtra,West,Technology,Phones,Smartphone,1,0.3,138.33,-2.7,-0.019518543,2025-02,2025
ORD-11827,01-07-2024,06-07-2024,Same Day,CUST-1558,Consumer,India,Bhopal,Madhya Pradesh,Central,Furniture,Office Furniture,Standing Desk,5,0.1,1747.06,103.71,0.059362586,2024-07,2024
ORD-11204,16-01-2023,20-01-2023,Standard,CUST-1309,Consumer,India,Chennai,Tamil Nadu,South,Technology,Accessories,Laser Printer,2,0.15,797.3,88.03,0.110410134,2023-01,2023
ORD-11773,14-10-2024,19-10-2024,Standard,CUST-1005,Corporate,India,Hyderabad,Telangana,South,Office Supplies,Binders,Ball Pen Set,2,0,197.26,37.99,0.192588462,2024-10,2024
ORD-11450,16-11-2025,18-11-2025,Second Class,CUST-1053,Consumer,India,Pune,Maharashtra,West,Technology,Accessories,Tablet,2,0,735.54,125.22,0.170242271,2025-11,2025
ORD-12294,19-03-2023,22-03-2023,First Class,CUST-1326,Corporate,India,Chennai,Tamil Nadu,South,Furniture,Office Furniture,Standing Desk,1,0.05,198.11,6.8,0.034324365,2023-03,2023
ORD-11521,02-07-2024,04-07-2024,Standard,CUST-1322,Corporate,India,Bhopal,Madhya Pradesh,Central,Technology,Phones,Business Laptop,5,0,1216.64,255.41,0.209930629,2024-07,2024
ORD-12214,29-01-2023,31-01-2023,Second Class,CUST-1004,Corporate,India,Bhopal,Madhya Pradesh,Central,Technology,Accessories,Business Laptop,4,0,3231.74,720.74,0.223019179,2023-01,2023
ORD-11810,20-01-2024,24-01-2024,Standard,CUST-1238,Home Office,India,Delhi,Delhi,North,Office Supplies,Stationery,Ball Pen Set,2,0.2,516.6,10.42,0.020170345,2024-01,2024
ORD-11672,05-11-2023,08-11-2023,Standard,CUST-1122,Home Office,India,Mumbai,Maharashtra,West,Office Supplies,Writing,Printer Paper,1,0.3,183.83,-10.82,-0.058858728,2023-11,2023
ORD-11768,10-06-2024,13-06-2024,Second Class,CUST-1070,Consumer,India,Kolkata,West Bengal,East,Office Supplies,Stationery,File Binder,1,0.3,156.38,-14.73,-0.094193631,2024-06,2024
ORD-10015,19-07-2025,22-07-2025,Standard,CUST-1184,Home Office,India,Bhopal,Madhya Pradesh,Central,Technology,Printers,Monitor,5,0.3,1063.15,-46.2,-0.043455768,2025-07,2025
ORD-11817,06-10-2023,09-10-2023,First Class,CUST-1436,Consumer,India,Hyderabad,Telangana,South,Technology,Accessories,Tablet,1,0.15,243.4,31.41,0.129046836,2023-10,2023
ORD-10285,09-11-2024,10-11-2024,Standard,CUST-1255,Consumer,India,Nagpur,Maharashtra,Central,Technology,Printers,Wireless Headset,4,0.15,1969.41,142.62,0.072417628,2024-11,2024
ORD-11122,01-08-2025,05-08-2025,First Class,CUST-1271,Corporate,India,Nagpur,Maharashtra,Central,Office Supplies,Binders,Printer Paper,3,0.3,171.64,-6.52,-0.037986483,2025-08,2025
ORD-12091,09-03-2024,12-03-2024,Standard,CUST-1396,Consumer,India,Bengaluru,Karnataka,South,Office Supplies,Stationery,File Binder,5,0.15,568.84,54.36,0.0955629,2024-03,2024
ORD-12391,14-08-2024,18-08-2024,Standard,CUST-1215,Corporate,India,Kolkata,West Bengal,East,Office Supplies,Paper,Desk Organizer,1,0.2,53.06,0.12,0.002261591,2024-08,2024
ORD-11822,02-03-2023,05-03-2023,Standard,CUST-1156,Consumer,India,Bhopal,Madhya Pradesh,Central,Furniture,Office Furniture,Standing Desk,3,0.1,282.28,18.58,0.06582117,2023-03,2023
ORD-11895,15-07-2023,20-07-2023,Standard,CUST-1235,Consumer,India,Pune,Maharashtra,West,Office Supplies,Binders,Notebook,5,0,227.84,36.7,0.161077949,2023-07,2023
ORD-11524,14-05-2024,15-05-2024,Second Class,CUST-1112,Corporate,India,Nagpur,Maharashtra,Central,Technology,Printers,Business Laptop,5,0.2,1029.93,-2.77,-0.002689503,2024-05,2024
ORD-11480,10-12-2023,14-12-2023,Standard,CUST-1449,Corporate,India,Pune,Maharashtra,West,Technology,Printers,Business Laptop,3,0,359.2,77,0.214365256,2023-12,2023
ORD-11206,13-04-2025,17-04-2025,Second Class,CUST-1559,Consumer,India,Mumbai,Maharashtra,West,Furniture,Tables,Conference Table,1,0.1,364.66,17.05,0.046755882,2025-04,2025
ORD-10118,01-12-2025,03-12-2025,Second Class,CUST-1364,Consumer,India,Bengaluru,Karnataka,South,Office Supplies,Writing,Desk Organizer,1,0.05,93.59,15.28,0.163265306,2025-12,2025
ORD-10290,13-02-2024,17-02-2024,Second Class,CUST-1474,Consumer,India,Ahmedabad,Gujarat,West,Office Supplies,Binders,Desk Organizer,2,0,258.75,53.97,0.20857971,2024-02,2024
ORD-10689,21-06-2023,24-06-2023,Second Class,CUST-1204,Consumer,India,Pune,Maharashtra,West,Office Supplies,Stationery,Printer Paper,1,0.15,132.78,10.66,0.080283175,2023-06,2023
ORD-10277,10-12-2023,15-12-2023,Standard,CUST-1066,Home Office,India,Delhi,Delhi,North,Office Supplies,Stationery,Printer Paper,3,0.05,442.52,68.7,0.15524722,2023-12,2023
ORD-10415,31-07-2023,04-08-2023,Second Class,CUST-1252,Consumer,India,Lucknow,Uttar Pradesh,North,Technology,Accessories,Mechanical Keyboard,2,0.2,577.37,6.29,0.010894227,2023-07,2023
ORD-11915,02-08-2025,04-08-2025,Same Day,CUST-1122,Consumer,India,Bengaluru,Karnataka,South,Technology,Phones,USB-C Hub,4,0.1,260.27,39.53,0.151880739,2025-08,2025
ORD-10805,21-01-2025,26-01-2025,Standard,CUST-1025,Consumer,India,Jaipur,Rajasthan,North,Office Supplies,Stationery,Notebook,1,0.3,71.79,-3.85,-0.053628639,2025-01,2025
ORD-12119,14-03-2024,17-03-2024,Second Class,CUST-1182,Corporate,India,Bhopal,Madhya Pradesh,Central,Furniture,Storage,Conference Table,2,0.15,218.86,9.42,0.043041214,2024-03,2024
ORD-11432,11-03-2023,14-03-2023,Standard,CUST-1481,Consumer,India,Ahmedabad,Gujarat,West,Office Supplies,Binders,Ball Pen Set,1,0,94.75,17.77,0.187546174,2023-03,2023
ORD-10509,16-10-2024,19-10-2024,Standard,CUST-1467,Consumer,India,Mumbai,Maharashtra,West,Technology,Printers,Tablet,5,0.05,1503.44,163.05,0.108451285,2024-10,2024
ORD-10062,26-12-2024,29-12-2024,Second Class,CUST-1545,Consumer,India,Mumbai,Maharashtra,West,Office Supplies,Writing,Desk Organizer,2,0,163.19,24.08,0.147558061,2024-12,2024
ORD-11659,02-12-2024,06-12-2024,Standard,CUST-1335,Corporate,India,Nagpur,Maharashtra,Central,Technology,Printers,Tablet,1,0.15,253.11,24.53,0.096914385,2024-12,2024
ORD-12321,21-11-2025,24-11-2025,Standard,CUST-1406,Home Office,India,Chennai,Tamil Nadu,South,Office Supplies,Writing,Printer Paper,3,0.1,360.39,39.95,0.110852132,2025-11,2025
ORD-11043,10-01-2025,12-01-2025,Standard,CUST-1134,Consumer,India,Pune,Maharashtra,West,Technology,Phones,Laser Printer,5,0,3330.2,700.53,0.210356735,2025-01,2025
ORD-11098,23-11-2023,27-11-2023,Standard,CUST-1130,Consumer,India,Kolkata,West Bengal,East,Technology,Computers,Smartphone,1,0.1,79.98,9.46,0.11827957,2023-11,2023
ORD-10405,20-10-2025,23-10-2025,Standard,CUST-1341,Corporate,India,Nagpur,Maharashtra,Central,Technology,Printers,USB-C Hub,2,0.3,681.19,-20.43,-0.029991632,2025-10,2025
ORD-10739,13-07-2024,16-07-2024,Same Day,CUST-1122,Corporate,India,Delhi,Delhi,North,Office Supplies,Binders,Printer Paper,4,0.3,304.19,-19,-0.062460962,2024-07,2024
ORD-11317,24-05-2024,26-05-2024,Standard,CUST-1454,Home Office,India,Ahmedabad,Gujarat,West,Technology,Accessories,Tablet,1,0,243.92,60.28,0.247130207,2024-05,2024
ORD-12297,05-03-2025,07-03-2025,Second Class,CUST-1353,Consumer,India,Pune,Maharashtra,West,Technology,Phones,Business Laptop,3,0.15,610.35,69.16,0.113312034,2025-03,2025
ORD-10487,30-07-2025,02-08-2025,First Class,CUST-1211,Consumer,India,Bengaluru,Karnataka,South,Office Supplies,Writing,Printer Paper,1,0,105.71,25.06,0.237063665,2025-07,2025
ORD-11739,28-04-2024,30-04-2024,Standard,CUST-1377,Corporate,India,Kolkata,West Bengal,East,Furniture,Tables,Reception Desk,2,0.15,803.79,76.16,0.094751117,2024-04,2024
ORD-12337,15-05-2023,17-05-2023,First Class,CUST-1020,Consumer,India,Pune,Maharashtra,West,Office Supplies,Binders,Ball Pen Set,2,0.2,49.11,0.53,0.010792099,2023-05,2023
ORD-10591,13-09-2024,16-09-2024,Second Class,CUST-1076,Home Office,India,Nagpur,Maharashtra,Central,Technology,Accessories,Business Laptop,4,0.1,948.72,120.91,0.1274454,2024-09,2024
ORD-11757,19-02-2023,22-02-2023,Second Class,CUST-1344,Corporate,India,Pune,Maharashtra,West,Furniture,Office Furniture,Reception Desk,1,0.15,271,26.08,0.096236162,2023-02,2023
ORD-11469,16-12-2024,19-12-2024,Second Class,CUST-1081,Consumer,India,Pune,Maharashtra,West,Technology,Computers,Laser Printer,5,0.15,1564.99,161.55,0.103227497,2024-12,2024
ORD-10286,14-11-2025,16-11-2025,Standard,CUST-1445,Corporate,India,Chennai,Tamil Nadu,South,Technology,Printers,Laser Printer,4,0,1395.18,276.19,0.19796012,2025-11,2025
ORD-10261,17-05-2025,19-05-2025,Second Class,CUST-1002,Consumer,India,Chennai,Tamil Nadu,South,Furniture,Storage,Bookshelf,1,0,187.08,28.39,0.151753261,2025-05,2025
ORD-11161,28-11-2023,29-11-2023,Standard,CUST-1389,Consumer,India,Hyderabad,Telangana,South,Technology,Accessories,USB-C Hub,1,0.05,215.88,34.88,0.161571243,2023-11,2023
ORD-10623,15-02-2024,18-02-2024,Same Day,CUST-1445,Consumer,India,Delhi,Delhi,North,Furniture,Chairs,Bookshelf,1,0.15,121.06,4.87,0.040227986,2024-02,2024
ORD-12471,10-01-2025,12-01-2025,Second Class,CUST-1279,Consumer,India,Kolkata,West Bengal,East,Furniture,Tables,Standing Desk,1,0,163.71,19.49,0.119051982,2025-01,2025
ORD-11262,02-02-2023,04-02-2023,Standard,CUST-1016,Home Office,India,Delhi,Delhi,North,Technology,Printers,Smartphone,2,0.1,546.81,78.21,0.143029572,2023-02,2023
ORD-10645,11-06-2024,15-06-2024,First Class,CUST-1356,Consumer,India,Bhopal,Madhya Pradesh,Central,Office Supplies,Binders,Desk Organizer,2,0.2,126.36,15.81,0.125118708,2024-06,2024
ORD-12309,01-10-2025,05-10-2025,Second Class,CUST-1136,Consumer,India,Bhopal,Madhya Pradesh,Central,Office Supplies,Writing,File Binder,5,0.05,511.22,72.59,0.141993662,2025-10,2025
ORD-10511,08-10-2024,10-10-2024,Standard,CUST-1394,Consumer,India,Delhi,Delhi,North,Furniture,Tables,Office Chair,2,0.1,316.15,15.03,0.047540724,2024-10,2024
ORD-10140,11-03-2025,14-03-2025,Second Class,CUST-1427,Consumer,India,Pune,Maharashtra,West,Furniture,Tables,Filing Cabinet,1,0.05,213.29,19.86,0.093112664,2025-03,2025
ORD-11906,30-03-2024,01-04-2024,Standard,CUST-1224,Home Office,India,Jaipur,Rajasthan,North,Technology,Computers,Business Laptop,2,0.15,704.99,79.66,0.112994511,2024-03,2024
ORD-11242,25-03-2023,28-03-2023,First Class,CUST-1386,Home Office,India,Lucknow,Uttar Pradesh,North,Technology,Computers,Monitor,2,0,518.48,66.61,0.128471686,2023-03,2023
ORD-12275,18-09-2025,21-09-2025,Second Class,CUST-1480,Consumer,India,Mumbai,Maharashtra,West,Technology,Computers,Wireless Headset,4,0,1761.31,388.94,0.220824273,2025-09,2025
ORD-10490,23-09-2025,25-09-2025,Standard,CUST-1333,Home Office,India,Lucknow,Uttar Pradesh,North,Technology,Printers,Laser Printer,4,0.2,1603.97,118.54,0.073904125,2025-09,2025
ORD-10335,24-11-2023,27-11-2023,Standard,CUST-1563,Consumer,India,Bhopal,Madhya Pradesh,Central,Furniture,Chairs,Conference Table,4,0.05,662.21,60.7,0.091662766,2023-11,2023
ORD-11012,25-01-2024,27-01-2024,First Class,CUST-1511,Corporate,India,Delhi,Delhi,North,Technology,Accessories,USB-C Hub,2,0,1138.38,253.71,0.222869341,2024-01,2024
ORD-10262,25-12-2024,26-12-2024,Standard,CUST-1510,Corporate,India,Ahmedabad,Gujarat,West,Technology,Phones,Monitor,3,0.05,538.66,126.8,0.235398953,2024-12,2024
ORD-10312,12-02-2024,14-02-2024,First Class,CUST-1310,Consumer,India,Chennai,Tamil Nadu,South,Technology,Computers,Tablet,1,0,259.52,43.07,0.165960234,2024-02,2024
ORD-12209,11-12-2023,13-12-2023,Standard,CUST-1233,Consumer,India,Nagpur,Maharashtra,Central,Office Supplies,Binders,Sticky Notes,4,0.05,191.97,29.47,0.15351357,2023-12,2023
ORD-11135,21-11-2024,24-11-2024,Same Day,CUST-1565,Corporate,India,Bengaluru,Karnataka,South,Furniture,Tables,Standing Desk,1,0.2,175.39,-1.39,-0.007925195,2024-11,2024
ORD-10229,24-10-2023,25-10-2023,Second Class,CUST-1194,Corporate,India,Bhopal,Madhya Pradesh,Central,Technology,Accessories,USB-C Hub,1,0.05,631.46,129.34,0.204826909,2023-10,2023
ORD-11012,22-11-2024,24-11-2024,Standard,CUST-1358,Corporate,India,Nagpur,Maharashtra,Central,Furniture,Storage,Office Chair,5,0.1,463.48,36.72,0.07922672,2024-11,2024
ORD-10663,26-04-2025,30-04-2025,Standard,CUST-1160,Home Office,India,Delhi,Delhi,North,Furniture,Storage,Standing Desk,5,0,761.87,61.49,0.080709307,2025-04,2025
ORD-11067,24-08-2025,27-08-2025,Standard,CUST-1247,Consumer,India,Kolkata,West Bengal,East,Technology,Phones,USB-C Hub,3,0,222.12,44.53,0.20047722,2025-08,2025
ORD-10077,01-05-2024,03-05-2024,Standard,CUST-1568,Consumer,India,Lucknow,Uttar Pradesh,North,Furniture,Tables,Reception Desk,3,0,725.39,138.99,0.191607273,2024-05,2024
ORD-10678,09-04-2023,12-04-2023,Standard,CUST-1113,Corporate,India,Bhopal,Madhya Pradesh,Central,Furniture,Storage,Standing Desk,4,0.1,1215.6,83.23,0.068468246,2023-04,2023
ORD-11660,17-04-2025,20-04-2025,Standard,CUST-1081,Home Office,India,Ahmedabad,Gujarat,West,Technology,Phones,Mechanical Keyboard,1,0.05,312.46,65.61,0.209978877,2025-04,2025
ORD-11025,18-08-2023,22-08-2023,Second Class,CUST-1545,Corporate,India,Bengaluru,Karnataka,South,Office Supplies,Writing,File Binder,2,0.05,110.05,20.5,0.186278964,2023-08,2023
ORD-11098,31-05-2023,05-06-2023,Same Day,CUST-1386,Corporate,India,Pune,Maharashtra,West,Furniture,Tables,Filing Cabinet,5,0.1,380.22,24.45,0.064304876,2023-05,2023
ORD-12268,02-12-2025,03-12-2025,Standard,CUST-1496,Corporate,India,Pune,Maharashtra,West,Furniture,Office Furniture,Conference Table,3,0.15,367.45,30.57,0.083194993,2025-12,2025
ORD-11466,27-06-2024,29-06-2024,First Class,CUST-1097,Consumer,India,Delhi,Delhi,North,Technology,Printers,Laser Printer,2,0.3,359.35,-0.91,-0.00253235,2024-06,2024
ORD-10209,25-11-2025,27-11-2025,Standard,CUST-1180,Home Office,India,Pune,Maharashtra,West,Furniture,Storage,Bookshelf,1,0.15,140.36,-3.03,-0.021587347,2025-11,2025
ORD-11599,08-12-2023,11-12-2023,Standard,CUST-1244,Consumer,India,Lucknow,Uttar Pradesh,North,Furniture,Chairs,Office Chair,2,0,357.29,47.06,0.131713734,2023-12,2023
ORD-12049,22-03-2025,23-03-2025,Standard,CUST-1181,Consumer,India,Nagpur,Maharashtra,Central,Office Supplies,Binders,Envelope Pack,2,0,337.21,54.61,0.161946561,2025-03,2025
ORD-11938,03-09-2025,04-09-2025,Standard,CUST-1064,Consumer,India,Kolkata,West Bengal,East,Technology,Printers,Smartphone,2,0.3,948.8,-39.24,-0.041357504,2025-09,2025
ORD-11116,25-09-2023,28-09-2023,Standard,CUST-1535,Consumer,India,Chennai,Tamil Nadu,South,Office Supplies,Stationery,Notebook,1,0.1,56.01,8.53,0.152294233,2023-09,2023
ORD-12412,11-11-2024,13-11-2024,Second Class,CUST-1066,Corporate,India,Kolkata,West Bengal,East,Technology,Computers,USB-C Hub,5,0.05,2320.61,430.36,0.185451239,2024-11,2024
ORD-11432,01-07-2025,04-07-2025,Same Day,CUST-1490,Corporate,India,Chennai,Tamil Nadu,South,Technology,Printers,USB-C Hub,2,0.15,861.21,79.56,0.092381649,2025-07,2025
ORD-10803,14-09-2023,17-09-2023,Standard,CUST-1541,Corporate,India,Delhi,Delhi,North,Technology,Phones,Mechanical Keyboard,2,0.05,1688.07,272.5,0.161426955,2023-09,2023
ORD-12256,16-04-2023,19-04-2023,Standard,CUST-1012,Consumer,India,Bengaluru,Karnataka,South,Office Supplies,Binders,File Binder,2,0,94.93,12.64,0.133150743,2023-04,2023
ORD-10759,10-03-2024,14-03-2024,Standard,CUST-1113,Corporate,India,Hyderabad,Telangana,South,Technology,Accessories,Business Laptop,4,0.15,1808.54,241.72,0.133654771,2024-03,2024
ORD-11033,29-03-2024,03-04-2024,Standard,CUST-1499,Consumer,India,Bhopal,Madhya Pradesh,Central,Office Supplies,Paper,Notebook,4,0.1,110.24,14.34,0.130079826,2024-03,2024
ORD-10542,07-11-2024,10-11-2024,Second Class,CUST-1473,Consumer,India,Pune,Maharashtra,West,Office Supplies,Writing,Sticky Notes,3,0.1,188.67,37.57,0.199130757,2024-11,2024
ORD-12057,27-12-2024,31-12-2024,Standard,CUST-1202,Consumer,India,Bengaluru,Karnataka,South,Office Supplies,Paper,Ball Pen Set,1,0,65.71,9.74,0.148227058,2024-12,2024
ORD-11010,16-12-2023,18-12-2023,Second Class,CUST-1274,Home Office,India,Jaipur,Rajasthan,North,Furniture,Storage,Office Chair,5,0,1088.96,207.95,0.190962019,2023-12,2023
ORD-11991,10-04-2023,15-04-2023,Standard,CUST-1451,Corporate,India,Lucknow,Uttar Pradesh,North,Technology,Computers,Monitor,3,0,1742.7,293.18,0.168233201,2023-04,2023
ORD-11505,13-10-2024,16-10-2024,Second Class,CUST-1255,Corporate,India,Lucknow,Uttar Pradesh,North,Technology,Phones,Monitor,2,0.3,976.01,-42.43,-0.043472915,2024-10,2024
ORD-10279,16-10-2025,20-10-2025,Standard,CUST-1548,Corporate,India,Nagpur,Maharashtra,Central,Furniture,Chairs,Reception Desk,2,0,220.58,23,0.104270559,2025-10,2025
ORD-11053,14-12-2025,18-12-2025,Same Day,CUST-1069,Home Office,India,Lucknow,Uttar Pradesh,North,Technology,Printers,Smartphone,4,0.1,1367.5,118.95,0.086983547,2025-12,2025
ORD-11034,24-05-2024,28-05-2024,Same Day,CUST-1252,Consumer,India,Hyderabad,Telangana,South,Technology,Accessories,Tablet,2,0.15,564.09,55.23,0.097909908,2024-05,2024
ORD-10154,22-08-2024,25-08-2024,Standard,CUST-1203,Corporate,India,Nagpur,Maharashtra,Central,Technology,Printers,Laser Printer,1,0,492.52,104.49,0.212153821,2024-08,2024
ORD-12438,20-03-2025,21-03-2025,Same Day,CUST-1432,Consumer,India,Mumbai,Maharashtra,West,Office Supplies,Writing,Printer Paper,1,0,44.16,4.2,0.095108696,2025-03,2025
ORD-11649,23-06-2023,24-06-2023,Standard,CUST-1498,Consumer,India,Bhopal,Madhya Pradesh,Central,Office Supplies,Paper,Ball Pen Set,2,0.15,20.76,1.06,0.05105973,2023-06,2023
ORD-11106,17-11-2025,20-11-2025,First Class,CUST-1213,Home Office,India,Hyderabad,Telangana,South,Technology,Accessories,Laser Printer,3,0,1002.94,132.47,0.13208168,2025-11,2025
ORD-11988,09-02-2024,12-02-2024,Standard,CUST-1075,Home Office,India,Bengaluru,Karnataka,South,Office Supplies,Paper,File Binder,3,0.05,144.58,21.75,0.150435745,2024-02,2024
ORD-11819,18-09-2023,19-09-2023,Standard,CUST-1177,Consumer,India,Jaipur,Rajasthan,North,Office Supplies,Stationery,Sticky Notes,1,0,139.31,20.47,0.146938483,2023-09,2023
ORD-10393,27-01-2023,30-01-2023,Second Class,CUST-1348,Consumer,India,Lucknow,Uttar Pradesh,North,Office Supplies,Writing,Printer Paper,4,0.1,263.45,22.04,0.083659138,2023-01,2023
ORD-12458,05-08-2025,08-08-2025,Second Class,CUST-1562,Home Office,India,Jaipur,Rajasthan,North,Office Supplies,Binders,Ball Pen Set,3,0.3,431.99,13.4,0.031019237,2025-08,2025
ORD-10459,15-02-2025,16-02-2025,Same Day,CUST-1344,Consumer,India,Bengaluru,Karnataka,South,Office Supplies,Paper,Printer Paper,1,0.1,60.65,5.36,0.088375927,2025-02,2025
ORD-10817,04-06-2025,05-06-2025,Standard,CUST-1137,Home Office,India,Nagpur,Maharashtra,Central,Technology,Computers,Monitor,4,0.2,2400.52,186.26,0.077591522,2025-06,2025
ORD-10244,19-07-2025,20-07-2025,Second Class,CUST-1488,Corporate,India,Kolkata,West Bengal,East,Furniture,Tables,Office Chair,4,0.05,1988.86,219.18,0.110203835,2025-07,2025
ORD-11985,24-07-2024,27-07-2024,Standard,CUST-1569,Corporate,India,Hyderabad,Telangana,South,Office Supplies,Paper,Ball Pen Set,5,0.1,895.71,91.32,0.101952641,2024-07,2024
ORD-11725,22-06-2023,25-06-2023,Second Class,CUST-1234,Consumer,India,Bhopal,Madhya Pradesh,Central,Technology,Phones,USB-C Hub,2,0.2,900.76,44.12,0.048980861,2023-06,2023
ORD-11367,04-12-2023,06-12-2023,Second Class,CUST-1144,Consumer,India,Mumbai,Maharashtra,West,Technology,Computers,Mechanical Keyboard,2,0,747.27,105.1,0.140645282,2023-12,2023
ORD-10719,06-06-2023,09-06-2023,Standard,CUST-1338,Corporate,India,Bengaluru,Karnataka,South,Furniture,Office Furniture,Conference Table,3,0.3,378.3,-31.67,-0.083716627,2023-06,2023
ORD-11266,20-05-2024,24-05-2024,Standard,CUST-1039,Home Office,India,Ahmedabad,Gujarat,West,Furniture,Chairs,Filing Cabinet,3,0,430.87,58.46,0.135678975,2024-05,2024
ORD-11204,27-12-2023,29-12-2023,Standard,CUST-1452,Consumer,India,Kolkata,West Bengal,East,Furniture,Chairs,Office Chair,2,0.1,401.98,0.48,0.001194089,2023-12,2023
ORD-10150,12-05-2024,13-05-2024,First Class,CUST-1569,Corporate,India,Pune,Maharashtra,West,Office Supplies,Writing,Notebook,2,0.1,165.15,4.47,0.027066303,2024-05,2024
ORD-11242,27-05-2025,31-05-2025,Standard,CUST-1503,Consumer,India,Bengaluru,Karnataka,South,Furniture,Chairs,Standing Desk,2,0.2,531,12.69,0.023898305,2025-05,2025
ORD-10482,31-10-2025,03-11-2025,Standard,CUST-1353,Consumer,India,Ahmedabad,Gujarat,West,Technology,Printers,Mechanical Keyboard,2,0.05,309.04,53.22,0.172210717,2025-10,2025
ORD-10293,09-11-2025,11-11-2025,Standard,CUST-1329,Consumer,India,Bhopal,Madhya Pradesh,Central,Furniture,Tables,Conference Table,3,0.1,524.23,29.75,0.0567499,2025-11,2025
ORD-12490,07-10-2023,10-10-2023,Standard,CUST-1271,Corporate,India,Lucknow,Uttar Pradesh,North,Technology,Computers,Monitor,2,0.1,1567.29,217.7,0.138902181,2023-10,2023
ORD-10171,27-05-2024,30-05-2024,First Class,CUST-1305,Consumer,India,Pune,Maharashtra,West,Technology,Computers,USB-C Hub,1,0,418.39,78.54,0.187719592,2024-05,2024
ORD-10237,09-06-2024,11-06-2024,Same Day,CUST-1123,Consumer,India,Jaipur,Rajasthan,North,Technology,Accessories,Mechanical Keyboard,3,0.3,1534.36,72.33,0.047140176,2024-06,2024
ORD-11320,10-02-2024,12-02-2024,Standard,CUST-1043,Consumer,India,Mumbai,Maharashtra,West,Furniture,Tables,Reception Desk,2,0.1,308.21,11.57,0.03753934,2024-02,2024
ORD-10138,10-04-2024,12-04-2024,Standard,CUST-1356,Home Office,India,Chennai,Tamil Nadu,South,Technology,Phones,Mechanical Keyboard,4,0.1,670.72,72.42,0.107973521,2024-04,2024
ORD-10060,30-06-2024,03-07-2024,Second Class,CUST-1496,Consumer,India,Chennai,Tamil Nadu,South,Technology,Printers,Mechanical Keyboard,4,0.15,1590.73,201.48,0.12665883,2024-06,2024
ORD-10139,10-05-2025,12-05-2025,Standard,CUST-1547,Consumer,India,Delhi,Delhi,North,Office Supplies,Binders,Desk Organizer,2,0.2,183.64,7.43,0.040459595,2025-05,2025
ORD-10197,11-02-2024,14-02-2024,Standard,CUST-1541,Home Office,India,Kolkata,West Bengal,East,Technology,Phones,Tablet,4,0,970.25,174.21,0.179551662,2024-02,2024
ORD-11007,01-04-2023,04-04-2023,Standard,CUST-1494,Consumer,India,Lucknow,Uttar Pradesh,North,Office Supplies,Paper,Sticky Notes,1,0.05,39.69,6.54,0.164777022,2023-04,2023
ORD-11409,20-12-2025,21-12-2025,Same Day,CUST-1449,Home Office,India,Kolkata,West Bengal,East,Furniture,Office Furniture,Filing Cabinet,2,0.3,278.72,-20.94,-0.075129162,2025-12,2025
ORD-11274,18-01-2024,19-01-2024,First Class,CUST-1082,Consumer,India,Chennai,Tamil Nadu,South,Technology,Printers,USB-C Hub,3,0.2,398.21,27.95,0.070189096,2024-01,2024
ORD-12279,08-12-2023,10-12-2023,Standard,CUST-1287,Corporate,India,Jaipur,Rajasthan,North,Office Supplies,Stationery,Notebook,3,0,283.93,53.21,0.187405346,2023-12,2023
ORD-10120,25-01-2024,29-01-2024,Second Class,CUST-1015,Home Office,India,Bhopal,Madhya Pradesh,Central,Office Supplies,Binders,Sticky Notes,1,0.1,41.19,1.6,0.03884438,2024-01,2024
ORD-12049,26-11-2023,30-11-2023,Standard,CUST-1587,Home Office,India,Delhi,Delhi,North,Office Supplies,Binders,Notebook,2,0.2,194.82,1.86,0.009547274,2023-11,2023
ORD-12496,18-01-2024,22-01-2024,Standard,CUST-1182,Consumer,India,Ahmedabad,Gujarat,West,Technology,Computers,Monitor,1,0,159.8,39.5,0.24718398,2024-01,2024
ORD-12412,10-08-2024,11-08-2024,Standard,CUST-1113,Consumer,India,Pune,Maharashtra,West,Office Supplies,Stationery,Envelope Pack,3,0.15,217.56,25.14,0.11555433,2024-08,2024
ORD-11658,26-04-2025,29-04-2025,Standard,CUST-1474,Consumer,India,Mumbai,Maharashtra,West,Furniture,Office Furniture,Bookshelf,2,0,179.33,21.43,0.119500362,2025-04,2025
ORD-12371,03-07-2025,05-07-2025,Standard,CUST-1483,Consumer,India,Lucknow,Uttar Pradesh,North,Technology,Accessories,Monitor,2,0.3,647.46,-22.73,-0.035106416,2025-07,2025
ORD-11925,02-03-2025,03-03-2025,First Class,CUST-1403,Home Office,India,Pune,Maharashtra,West,Technology,Accessories,Monitor,5,0.05,1807.16,308.13,0.170505102,2025-03,2025
ORD-10218,04-06-2023,05-06-2023,Standard,CUST-1282,Consumer,India,Mumbai,Maharashtra,West,Technology,Accessories,Smartphone,3,0,611.57,122.47,0.200255081,2023-06,2023
ORD-11358,17-10-2025,18-10-2025,Second Class,CUST-1015,Consumer,India,Hyderabad,Telangana,South,Technology,Computers,Tablet,2,0,221.86,42.77,0.19277923,2025-10,2025
ORD-10102,30-07-2023,01-08-2023,Standard,CUST-1104,Consumer,India,Bengaluru,Karnataka,South,Office Supplies,Writing,Notebook,1,0.05,74.3,7.39,0.099461642,2023-07,2023
ORD-11017,05-12-2024,09-12-2024,Standard,CUST-1514,Consumer,India,Mumbai,Maharashtra,West,Furniture,Office Furniture,Reception Desk,1,0,327.86,33.1,0.100957726,2024-12,2024
ORD-10033,08-02-2025,10-02-2025,Second Class,CUST-1527,Home Office,India,Mumbai,Maharashtra,West,Technology,Accessories,Business Laptop,1,0.1,205.17,32.96,0.160647268,2025-02,2025
ORD-10627,28-02-2023,04-03-2023,Standard,CUST-1284,Consumer,India,Kolkata,West Bengal,East,Technology,Phones,USB-C Hub,3,0.1,507.32,32.55,0.064160688,2023-02,2023
ORD-11024,29-06-2025,01-07-2025,Standard,CUST-1497,Consumer,India,Jaipur,Rajasthan,North,Technology,Computers,Laser Printer,2,0,2099.95,487.35,0.232076954,2025-06,2025
ORD-10972,20-04-2024,24-04-2024,Same Day,CUST-1006,Corporate,India,Hyderabad,Telangana,South,Technology,Phones,Tablet,4,0.15,1598.75,147.37,0.092178264,2024-04,2024
ORD-11891,16-10-2025,19-10-2025,Standard,CUST-1181,Consumer,India,Bhopal,Madhya Pradesh,Central,Furniture,Office Furniture,Executive Chair,1,0.2,219.39,-0.16,-0.000729295,2025-10,2025
ORD-11651,04-03-2024,08-03-2024,Standard,CUST-1357,Corporate,India,Nagpur,Maharashtra,Central,Furniture,Tables,Filing Cabinet,1,0.15,144.23,3.99,0.027664148,2024-03,2024
ORD-10903,25-11-2025,29-11-2025,Second Class,CUST-1087,Corporate,India,Jaipur,Rajasthan,North,Furniture,Office Furniture,Reception Desk,2,0,175.17,25.46,0.145344522,2025-11,2025
ORD-11379,27-09-2023,29-09-2023,Second Class,CUST-1131,Consumer,India,Kolkata,West Bengal,East,Office Supplies,Writing,Envelope Pack,2,0,72.25,17.75,0.24567474,2023-09,2023
ORD-11831,14-10-2025,16-10-2025,Standard,CUST-1298,Consumer,India,Kolkata,West Bengal,East,Office Supplies,Writing,Sticky Notes,4,0.1,872.65,99.33,0.113825703,2025-10,2025
ORD-11734,05-01-2024,07-01-2024,First Class,CUST-1363,Corporate,India,Nagpur,Maharashtra,Central,Technology,Phones,USB-C Hub,1,0.1,64.17,11.71,0.182484027,2024-01,2024
ORD-12342,09-09-2023,13-09-2023,Standard,CUST-1596,Corporate,India,Kolkata,West Bengal,East,Office Supplies,Writing,Notebook,1,0.05,77.73,11.04,0.142030104,2023-09,2023
ORD-11482,25-07-2023,26-07-2023,Standard,CUST-1304,Corporate,India,Pune,Maharashtra,West,Office Supplies,Paper,Printer Paper,2,0.05,117.44,11.76,0.10013624,2023-07,2023
ORD-10432,18-08-2024,19-08-2024,Standard,CUST-1528,Corporate,India,Bhopal,Madhya Pradesh,Central,Office Supplies,Stationery,Envelope Pack,1,0.15,56.3,7.41,0.131616341,2024-08,2024
ORD-12299,22-01-2024,24-01-2024,Standard,CUST-1358,Corporate,India,Jaipur,Rajasthan,North,Technology,Printers,Tablet,1,0.3,180.43,7.03,0.038962479,2024-01,2024
ORD-12027,29-10-2025,31-10-2025,First Class,CUST-1217,Consumer,India,Jaipur,Rajasthan,North,Furniture,Office Furniture,Standing Desk,2,0.15,1199.93,-1.61,-0.001341745,2025-10,2025
ORD-12421,09-01-2024,12-01-2024,Standard,CUST-1339,Corporate,India,Lucknow,Uttar Pradesh,North,Office Supplies,Binders,Ball Pen Set,5,0.15,466.6,18.54,0.039734248,2024-01,2024
ORD-11374,03-06-2025,04-06-2025,Standard,CUST-1197,Consumer,India,Delhi,Delhi,North,Furniture,Office Furniture,Executive Chair,3,0.15,643.4,5.39,0.00837737,2025-06,2025
ORD-11489,28-10-2025,30-10-2025,Second Class,CUST-1159,Consumer,India,Hyderabad,Telangana,South,Furniture,Office Furniture,Standing Desk,2,0.2,142.52,-6.77,-0.047502105,2025-10,2025
ORD-10767,27-04-2025,01-05-2025,Standard,CUST-1187,Home Office,India,Pune,Maharashtra,West,Technology,Computers,Laser Printer,3,0,792.35,164.46,0.20755979,2025-04,2025
ORD-11944,13-09-2025,14-09-2025,Standard,CUST-1054,Consumer,India,Hyderabad,Telangana,South,Technology,Computers,Business Laptop,2,0.1,468.96,63.35,0.135086148,2025-09,2025
ORD-10872,06-08-2024,09-08-2024,Standard,CUST-1518,Home Office,India,Pune,Maharashtra,West,Office Supplies,Writing,File Binder,3,0,137.81,31.52,0.228720702,2024-08,2024
ORD-11313,28-10-2024,30-10-2024,Standard,CUST-1110,Consumer,India,Jaipur,Rajasthan,North,Office Supplies,Paper,Envelope Pack,1,0.1,65.76,5.81,0.088351582,2024-10,2024
ORD-11879,04-09-2023,07-09-2023,Standard,CUST-1271,Consumer,India,Bengaluru,Karnataka,South,Furniture,Tables,Executive Chair,2,0.1,1076.77,77.88,0.072327424,2023-09,2023
ORD-11446,06-02-2024,08-02-2024,Standard,CUST-1163,Corporate,India,Delhi,Delhi,North,Furniture,Tables,Bookshelf,3,0.3,1265.88,-9.55,-0.007544159,2024-02,2024
ORD-11513,28-04-2025,01-05-2025,Standard,CUST-1539,Consumer,India,Jaipur,Rajasthan,North,Office Supplies,Writing,Sticky Notes,5,0.05,382.37,46.5,0.121609959,2025-04,2025
ORD-10680,03-12-2023,04-12-2023,First Class,CUST-1169,Corporate,India,Chennai,Tamil Nadu,South,Technology,Phones,Laser Printer,1,0.15,266.65,25.58,0.095930996,2023-12,2023
ORD-10777,26-03-2025,29-03-2025,Standard,CUST-1186,Consumer,India,Kolkata,West Bengal,East,Office Supplies,Paper,Printer Paper,3,0,77.34,17.6,0.227566589,2025-03,2025
ORD-12202,19-05-2025,22-05-2025,Standard,CUST-1304,Consumer,India,Lucknow,Uttar Pradesh,North,Technology,Printers,USB-C Hub,3,0,2009.29,294.41,0.146524394,2025-05,2025
ORD-11961,06-08-2025,09-08-2025,First Class,CUST-1574,Consumer,India,Bhopal,Madhya Pradesh,Central,Technology,Accessories,USB-C Hub,1,0.1,766.23,101.48,0.132440651,2025-08,2025
ORD-12426,06-12-2024,09-12-2024,First Class,CUST-1344,Home Office,India,Bhopal,Madhya Pradesh,Central,Technology,Computers,Tablet,3,0.05,211.05,36.35,0.172234068,2024-12,2024
ORD-10255,12-05-2023,14-05-2023,Second Class,CUST-1523,Consumer,India,Bhopal,Madhya Pradesh,Central,Technology,Accessories,Laser Printer,2,0.3,404.93,17.08,0.04218013,2023-05,2023
ORD-10848,24-11-2025,26-11-2025,Second Class,CUST-1418,Consumer,India,Bhopal,Madhya Pradesh,Central,Furniture,Storage,Conference Table,2,0,286.44,37.09,0.129486105,2025-11,2025
ORD-11344,23-03-2025,26-03-2025,Standard,CUST-1154,Consumer,India,Pune,Maharashtra,West,Office Supplies,Writing,Desk Organizer,4,0.1,613.41,59.54,0.097063954,2025-03,2025
ORD-12428,26-09-2023,30-09-2023,Standard,CUST-1288,Consumer,India,Hyderabad,Telangana,South,Office Supplies,Stationery,Notebook,3,0.2,286.51,15.38,0.0536805,2023-09,2023
ORD-10406,19-07-2024,20-07-2024,Standard,CUST-1432,Consumer,India,Nagpur,Maharashtra,Central,Technology,Printers,Tablet,4,0.05,1923.93,300.29,0.156081562,2024-07,2024
ORD-10195,05-03-2025,07-03-2025,Standard,CUST-1364,Corporate,India,Kolkata,West Bengal,East,Technology,Printers,Laser Printer,3,0.15,494.56,68.02,0.137536396,2025-03,2025
ORD-10389,04-11-2025,07-11-2025,Standard,CUST-1575,Corporate,India,Nagpur,Maharashtra,Central,Furniture,Tables,Reception Desk,1,0.3,263.81,-19.91,-0.075470983,2025-11,2025
ORD-10654,04-03-2023,08-03-2023,Standard,CUST-1189,Consumer,India,Bengaluru,Karnataka,South,Technology,Printers,Mechanical Keyboard,3,0.2,831.23,56.74,0.068260289,2023-03,2023
ORD-12312,01-04-2025,05-04-2025,Standard,CUST-1314,Consumer,India,Mumbai,Maharashtra,West,Technology,Accessories,Business Laptop,4,0,1115.23,138.11,0.123839925,2025-04,2025
ORD-10191,04-08-2024,06-08-2024,Standard,CUST-1031,Consumer,India,Bengaluru,Karnataka,South,Furniture,Office Furniture,Conference Table,3,0.1,1137.65,80.27,0.070557729,2024-08,2024
ORD-11827,11-02-2024,15-02-2024,Standard,CUST-1277,Consumer,India,Pune,Maharashtra,West,Furniture,Storage,Executive Chair,2,0.05,311.11,18.68,0.060043072,2024-02,2024
ORD-12061,16-06-2023,19-06-2023,Standard,CUST-1282,Consumer,India,Kolkata,West Bengal,East,Office Supplies,Writing,Ball Pen Set,2,0.2,87.14,1.68,0.019279321,2023-06,2023
ORD-12365,02-01-2024,04-01-2024,Second Class,CUST-1171,Consumer,India,Pune,Maharashtra,West,Technology,Computers,USB-C Hub,3,0.15,645.23,109.74,0.170078887,2024-01,2024
ORD-10177,07-09-2024,10-09-2024,Standard,CUST-1387,Consumer,India,Ahmedabad,Gujarat,West,Technology,Phones,Laser Printer,2,0.1,525.35,94.67,0.180203674,2024-09,2024
ORD-12284,19-06-2024,22-06-2024,Standard,CUST-1363,Consumer,India,Lucknow,Uttar Pradesh,North,Technology,Computers,Monitor,2,0.1,209.72,30.29,0.144430669,2024-06,2024
ORD-10754,13-03-2024,14-03-2024,Standard,CUST-1545,Home Office,India,Lucknow,Uttar Pradesh,North,Technology,Printers,Smartphone,4,0.1,211.01,24.13,0.11435477,2024-03,2024
ORD-11377,24-04-2024,25-04-2024,Standard,CUST-1323,Consumer,India,Mumbai,Maharashtra,West,Technology,Computers,Wireless Headset,1,0.2,240.03,16.33,0.068033163,2024-04,2024
ORD-11383,20-01-2025,21-01-2025,Standard,CUST-1541,Home Office,India,Hyderabad,Telangana,South,Technology,Accessories,Business Laptop,3,0,2310.17,448.86,0.194297389,2025-01,2025
ORD-10575,07-09-2025,10-09-2025,Second Class,CUST-1146,Consumer,India,Bhopal,Madhya Pradesh,Central,Technology,Computers,Wireless Headset,5,0.2,519.72,47.02,0.090471793,2025-09,2025
ORD-11768,08-05-2025,13-05-2025,Standard,CUST-1446,Consumer,India,Nagpur,Maharashtra,Central,Office Supplies,Writing,Notebook,4,0.05,67.27,9.24,0.13735692,2025-05,2025
ORD-10714,16-01-2025,19-01-2025,Standard,CUST-1301,Home Office,India,Bhopal,Madhya Pradesh,Central,Furniture,Storage,Office Chair,3,0.1,665.53,29.16,0.043814704,2025-01,2025
ORD-11772,15-06-2024,18-06-2024,Standard,CUST-1179,Consumer,India,Nagpur,Maharashtra,Central,Office Supplies,Writing,Printer Paper,1,0.15,58.36,2.81,0.048149417,2024-06,2024
ORD-10271,08-01-2023,12-01-2023,Standard,CUST-1155,Corporate,India,Delhi,Delhi,North,Furniture,Chairs,Conference Table,4,0,869.72,95.72,0.11005841,2023-01,2023
ORD-10215,03-05-2023,07-05-2023,Same Day,CUST-1592,Home Office,India,Pune,Maharashtra,West,Technology,Phones,Smartphone,2,0.15,445.07,20.77,0.046666816,2023-05,2023
ORD-10311,01-01-2023,03-01-2023,Standard,CUST-1549,Consumer,India,Mumbai,Maharashtra,West,Furniture,Tables,Bookshelf,5,0.15,2097.97,85.32,0.040667884,2023-01,2023
ORD-10680,24-09-2023,25-09-2023,First Class,CUST-1557,Consumer,India,Nagpur,Maharashtra,Central,Technology,Computers,Monitor,2,0,1110.14,206.56,0.186066622,2023-09,2023
ORD-11626,25-01-2024,26-01-2024,Second Class,CUST-1155,Corporate,India,Delhi,Delhi,North,Technology,Computers,Smartphone,2,0.15,876.11,131.92,0.1505747,2024-01,2024
ORD-10113,20-11-2023,22-11-2023,Same Day,CUST-1033,Consumer,India,Nagpur,Maharashtra,Central,Technology,Computers,Laser Printer,2,0.1,611.15,80.16,0.131162562,2023-11,2023
ORD-10320,02-01-2023,04-01-2023,Second Class,CUST-1550,Consumer,India,Mumbai,Maharashtra,West,Furniture,Office Furniture,Office Chair,3,0,1002.57,164.55,0.164128191,2023-01,2023
ORD-11097,08-03-2025,11-03-2025,Standard,CUST-1294,Home Office,India,Delhi,Delhi,North,Office Supplies,Stationery,Envelope Pack,5,0,277.93,59.41,0.21375886,2025-03,2025
ORD-12144,28-05-2025,31-05-2025,Standard,CUST-1353,Consumer,India,Ahmedabad,Gujarat,West,Furniture,Storage,Executive Chair,3,0.3,346.47,-23.28,-0.067191965,2025-05,2025
ORD-10862,23-03-2023,24-03-2023,Standard,CUST-1169,Consumer,India,Chennai,Tamil Nadu,South,Technology,Phones,Laser Printer,2,0.15,694.59,47.94,0.069019134,2023-03,2023
ORD-11119,26-10-2023,27-10-2023,Standard,CUST-1520,Home Office,India,Jaipur,Rajasthan,North,Technology,Printers,Wireless Headset,1,0.1,124.24,19.09,0.153654218,2023-10,2023
ORD-11278,07-06-2024,09-06-2024,First Class,CUST-1354,Consumer,India,Jaipur,Rajasthan,North,Technology,Printers,Tablet,2,0.05,670.9,117.81,0.17559994,2024-06,2024
ORD-11969,06-09-2025,08-09-2025,First Class,CUST-1521,Consumer,India,Nagpur,Maharashtra,Central,Furniture,Tables,Bookshelf,3,0.05,704.94,26.23,0.03720884,2025-09,2025
ORD-10521,27-09-2023,30-09-2023,Second Class,CUST-1426,Consumer,India,Hyderabad,Telangana,South,Furniture,Storage,Bookshelf,1,0.2,123.79,-0.71,-0.00573552,2023-09,2023
ORD-10881,14-08-2023,16-08-2023,First Class,CUST-1064,Consumer,India,Delhi,Delhi,North,Office Supplies,Binders,Sticky Notes,3,0,103.13,15.04,0.145835353,2023-08,2023
ORD-11650,01-06-2024,02-06-2024,Standard,CUST-1053,Home Office,India,Chennai,Tamil Nadu,South,Office Supplies,Binders,Desk Organizer,3,0,423.41,92.44,0.218322666,2024-06,2024
ORD-12170,12-11-2023,15-11-2023,Standard,CUST-1210,Corporate,India,Delhi,Delhi,North,Furniture,Storage,Bookshelf,2,0,361.41,42.31,0.117069257,2023-11,2023
ORD-11996,17-03-2025,20-03-2025,Standard,CUST-1202,Home Office,India,Nagpur,Maharashtra,Central,Furniture,Office Furniture,Executive Chair,3,0,3138.45,396.04,0.12618968,2025-03,2025
ORD-10425,31-03-2025,01-04-2025,First Class,CUST-1126,Corporate,India,Hyderabad,Telangana,South,Technology,Computers,Monitor,4,0,464.03,91.16,0.196452816,2025-03,2025
ORD-10905,05-10-2023,08-10-2023,Second Class,CUST-1075,Corporate,India,Nagpur,Maharashtra,Central,Office Supplies,Stationery,Desk Organizer,3,0.15,135.88,13.59,0.100014719,2023-10,2023
ORD-12362,25-03-2023,28-03-2023,First Class,CUST-1264,Corporate,India,Pune,Maharashtra,West,Technology,Accessories,Mechanical Keyboard,1,0.05,536.49,111.35,0.207552797,2023-03,2023
ORD-10328,07-02-2023,10-02-2023,Standard,CUST-1484,Consumer,India,Mumbai,Maharashtra,West,Technology,Accessories,Smartphone,1,0,340.59,66.52,0.195308142,2023-02,2023
ORD-11659,04-02-2024,07-02-2024,Second Class,CUST-1004,Consumer,India,Chennai,Tamil Nadu,South,Technology,Computers,Mechanical Keyboard,2,0.2,304.85,28.91,0.094833525,2024-02,2024
ORD-10596,29-08-2024,01-09-2024,Second Class,CUST-1180,Home Office,India,Kolkata,West Bengal,East,Office Supplies,Writing,Envelope Pack,2,0.15,276.43,30.5,0.110335347,2024-08,2024
ORD-10769,03-09-2023,06-09-2023,Standard,CUST-1548,Consumer,India,Hyderabad,Telangana,South,Office Supplies,Stationery,Ball Pen Set,1,0,92.73,19.55,0.210827133,2023-09,2023
ORD-11124,06-03-2024,10-03-2024,Second Class,CUST-1237,Consumer,India,Jaipur,Rajasthan,North,Technology,Accessories,Monitor,3,0.3,745.3,-25.3,-0.033946062,2024-03,2024
ORD-11940,01-03-2025,05-03-2025,Standard,CUST-1276,Corporate,India,Pune,Maharashtra,West,Office Supplies,Paper,Ball Pen Set,1,0.1,53.11,6.55,0.12332894,2025-03,2025
ORD-12254,28-10-2023,30-10-2023,Standard,CUST-1211,Consumer,India,Hyderabad,Telangana,South,Furniture,Storage,Standing Desk,2,0,344.31,49.84,0.144753275,2023-10,2023
ORD-11269,18-04-2023,20-04-2023,Standard,CUST-1217,Corporate,India,Nagpur,Maharashtra,Central,Office Supplies,Paper,Notebook,1,0,37.33,5.05,0.135279936,2023-04,2023
ORD-10106,09-11-2023,13-11-2023,First Class,CUST-1080,Consumer,India,Lucknow,Uttar Pradesh,North,Office Supplies,Writing,Desk Organizer,3,0.05,236.31,29.04,0.122889425,2023-11,2023
ORD-11038,09-10-2024,13-10-2024,Standard,CUST-1458,Consumer,India,Bhopal,Madhya Pradesh,Central,Furniture,Tables,Executive Chair,2,0.2,613.43,32.02,0.052198295,2024-10,2024
ORD-10200,27-10-2023,29-10-2023,First Class,CUST-1597,Home Office,India,Pune,Maharashtra,West,Furniture,Storage,Filing Cabinet,3,0.2,327.33,-4.69,-0.014328048,2023-10,2023
ORD-11134,26-02-2023,28-02-2023,Standard,CUST-1068,Corporate,India,Ahmedabad,Gujarat,West,Technology,Computers,Smartphone,5,0.15,929.97,36.62,0.039377614,2023-02,2023
ORD-12450,20-05-2025,22-05-2025,Same Day,CUST-1380,Consumer,India,Ahmedabad,Gujarat,West,Furniture,Tables,Office Chair,2,0.05,445.89,37.57,0.084258449,2025-05,2025
ORD-12379,30-01-2025,01-02-2025,Standard,CUST-1569,Consumer,India,Jaipur,Rajasthan,North,Office Supplies,Binders,Sticky Notes,5,0.05,505.06,86.61,0.171484576,2025-01,2025
ORD-11850,12-02-2024,15-02-2024,Second Class,CUST-1339,Corporate,India,Chennai,Tamil Nadu,South,Furniture,Tables,Filing Cabinet,1,0.3,111.32,-10.61,-0.095310816,2024-02,2024
ORD-10688,01-08-2024,03-08-2024,Standard,CUST-1368,Corporate,India,Mumbai,Maharashtra,West,Furniture,Tables,Filing Cabinet,1,0,427.36,70.72,0.165481093,2024-08,2024
ORD-10611,02-10-2024,04-10-2024,First Class,CUST-1252,Consumer,India,Ahmedabad,Gujarat,West,Furniture,Chairs,Conference Table,4,0.2,519.09,13.9,0.02677763,2024-10,2024
ORD-11125,28-08-2024,30-08-2024,Standard,CUST-1182,Home Office,India,Lucknow,Uttar Pradesh,North,Office Supplies,Paper,Ball Pen Set,4,0.2,590.06,21.42,0.036301393,2024-08,2024
ORD-11841,28-11-2023,01-12-2023,Standard,CUST-1074,Consumer,India,Delhi,Delhi,North,Office Supplies,Paper,Sticky Notes,2,0.1,129.08,12.85,0.099550666,2023-11,2023
ORD-10217,24-12-2025,26-12-2025,Standard,CUST-1319,Consumer,India,Chennai,Tamil Nadu,South,Office Supplies,Binders,Sticky Notes,3,0.15,301.8,38.24,0.126706428,2025-12,2025
ORD-10869,13-02-2023,15-02-2023,Standard,CUST-1387,Consumer,India,Delhi,Delhi,North,Furniture,Tables,Conference Table,1,0.05,77.82,6.44,0.082755076,2023-02,2023
ORD-10626,12-12-2023,13-12-2023,First Class,CUST-1228,Corporate,India,Hyderabad,Telangana,South,Technology,Phones,Wireless Headset,4,0.1,712.53,91.57,0.128513887,2023-12,2023
ORD-12163,23-08-2025,26-08-2025,Same Day,CUST-1386,Corporate,India,Pune,Maharashtra,West,Technology,Accessories,Wireless Headset,1,0,382.64,74.25,0.194046623,2025-08,2025
ORD-11994,15-04-2024,16-04-2024,Standard,CUST-1062,Consumer,India,Lucknow,Uttar Pradesh,North,Technology,Printers,Laser Printer,1,0.05,262.83,29.86,0.113609558,2024-04,2024
ORD-12126,12-01-2025,15-01-2025,Standard,CUST-1430,Consumer,India,Bhopal,Madhya Pradesh,Central,Technology,Accessories,Business Laptop,4,0.2,2690.68,289.66,0.107653084,2025-01,2025
ORD-11981,01-01-2023,06-01-2023,Second Class,CUST-1397,Consumer,India,Nagpur,Maharashtra,Central,Office Supplies,Binders,Notebook,2,0,169.29,41.29,0.243900998,2023-01,2023
ORD-11707,26-01-2024,27-01-2024,Standard,CUST-1079,Corporate,India,Pune,Maharashtra,West,Office Supplies,Paper,Desk Organizer,3,0.15,483.86,34.81,0.071942297,2024-01,2024
ORD-10695,08-05-2024,13-05-2024,Second Class,CUST-1240,Home Office,India,Bengaluru,Karnataka,South,Technology,Printers,Smartphone,5,0.1,1885.95,289.6,0.153556563,2024-05,2024
ORD-10759,04-05-2025,07-05-2025,Standard,CUST-1251,Corporate,India,Nagpur,Maharashtra,Central,Furniture,Office Furniture,Conference Table,1,0.2,485.22,-9.38,-0.019331437,2025-05,2025
ORD-11858,14-02-2025,16-02-2025,Standard,CUST-1154,Consumer,India,Jaipur,Rajasthan,North,Technology,Computers,Mechanical Keyboard,1,0.15,317.88,11.88,0.037372593,2025-02,2025
ORD-10880,31-05-2025,01-06-2025,First Class,CUST-1351,Consumer,India,Mumbai,Maharashtra,West,Office Supplies,Paper,Sticky Notes,4,0.2,213.57,14.8,0.069298122,2025-05,2025
ORD-11399,31-05-2025,03-06-2025,Second Class,CUST-1382,Corporate,India,Mumbai,Maharashtra,West,Office Supplies,Paper,Envelope Pack,2,0.15,301.58,32.69,0.108395782,2025-05,2025
ORD-10010,29-03-2025,31-03-2025,Second Class,CUST-1251,Consumer,India,Mumbai,Maharashtra,West,Office Supplies,Binders,File Binder,5,0.1,1444.34,216.88,0.15015855,2025-03,2025
ORD-12417,30-11-2023,05-12-2023,Standard,CUST-1297,Consumer,India,Bengaluru,Karnataka,South,Office Supplies,Writing,File Binder,5,0.15,163.82,15.93,0.097240874,2023-11,2023
ORD-12413,19-03-2025,21-03-2025,Second Class,CUST-1468,Consumer,India,Mumbai,Maharashtra,West,Technology,Accessories,Laser Printer,4,0.05,505.92,76.74,0.151684061,2025-03,2025
ORD-11207,27-01-2025,01-02-2025,Standard,CUST-1443,Consumer,India,Ahmedabad,Gujarat,West,Furniture,Storage,Executive Chair,2,0.1,236.88,12.68,0.053529213,2025-01,2025
ORD-11444,14-10-2023,19-10-2023,Standard,CUST-1410,Consumer,India,Chennai,Tamil Nadu,South,Technology,Printers,Business Laptop,1,0.15,532.6,81.72,0.153435974,2023-10,2023
ORD-12124,07-11-2023,10-11-2023,Standard,CUST-1214,Consumer,India,Kolkata,West Bengal,East,Technology,Printers,Smartphone,3,0.1,1747.72,170.65,0.097641499,2023-11,2023
ORD-11247,19-02-2023,21-02-2023,First Class,CUST-1481,Consumer,India,Delhi,Delhi,North,Technology,Accessories,Smartphone,2,0.1,429.6,55.65,0.129539106,2023-02,2023
ORD-10133,30-08-2024,01-09-2024,Standard,CUST-1041,Corporate,India,Delhi,Delhi,North,Furniture,Office Furniture,Standing Desk,1,0,262.56,43.43,0.165409811,2024-08,2024
ORD-10667,06-04-2025,08-04-2025,Standard,CUST-1230,Consumer,India,Mumbai,Maharashtra,West,Office Supplies,Paper,Notebook,2,0.05,77.85,12.99,0.166859345,2025-04,2025
ORD-11248,30-05-2023,02-06-2023,Second Class,CUST-1570,Corporate,India,Jaipur,Rajasthan,North,Office Supplies,Binders,Printer Paper,3,0.1,119.54,12.09,0.101137694,2023-05,2023
ORD-10743,05-03-2024,07-03-2024,Standard,CUST-1283,Consumer,India,Nagpur,Maharashtra,Central,Furniture,Chairs,Bookshelf,2,0.1,861.46,-3.92,-0.004550414,2024-03,2024
ORD-12079,11-11-2024,14-11-2024,Second Class,CUST-1545,Consumer,India,Nagpur,Maharashtra,Central,Office Supplies,Paper,Notebook,2,0.1,198.11,16.4,0.082782293,2024-11,2024
ORD-11123,25-10-2023,27-10-2023,Second Class,CUST-1400,Consumer,India,Bhopal,Madhya Pradesh,Central,Furniture,Office Furniture,Executive Chair,3,0.15,228.27,7.22,0.031629211,2023-10,2023
ORD-11421,25-02-2024,29-02-2024,Same Day,CUST-1460,Home Office,India,Kolkata,West Bengal,East,Furniture,Storage,Conference Table,3,0.15,1517.41,-33.4,-0.02201119,2024-02,2024
ORD-12083,02-09-2023,05-09-2023,Second Class,CUST-1523,Consumer,India,Bengaluru,Karnataka,South,Furniture,Tables,Conference Table,3,0.2,310.25,5.01,0.016148268,2023-09,2023
ORD-12351,05-11-2025,07-11-2025,Standard,CUST-1042,Home Office,India,Chennai,Tamil Nadu,South,Furniture,Office Furniture,Conference Table,3,0.2,951.97,46.62,0.048972131,2025-11,2025
ORD-11047,23-10-2023,26-10-2023,Standard,CUST-1482,Corporate,India,Bengaluru,Karnataka,South,Furniture,Storage,Office Chair,3,0.15,369.53,-10,-0.027061402,2023-10,2023
ORD-11245,03-12-2025,04-12-2025,Same Day,CUST-1525,Corporate,India,Kolkata,West Bengal,East,Furniture,Tables,Standing Desk,1,0.3,348.29,-15.66,-0.044962531,2025-12,2025
ORD-11087,30-04-2024,03-05-2024,Same Day,CUST-1312,Consumer,India,Nagpur,Maharashtra,Central,Technology,Computers,Monitor,5,0.2,1400.49,96.86,0.069161508,2024-04,2024
ORD-11280,15-09-2023,17-09-2023,Standard,CUST-1307,Corporate,India,Chennai,Tamil Nadu,South,Technology,Phones,Smartphone,2,0,431.52,107.45,0.249003522,2023-09,2023
ORD-10156,09-01-2024,11-01-2024,First Class,CUST-1533,Corporate,India,Hyderabad,Telangana,South,Furniture,Office Furniture,Reception Desk,1,0.2,102.05,1.44,0.01411073,2024-01,2024
ORD-11400,03-01-2023,07-01-2023,Standard,CUST-1565,Corporate,India,Pune,Maharashtra,West,Technology,Phones,USB-C Hub,1,0.3,138.46,6.76,0.048822765,2023-01,2023
ORD-11404,15-09-2023,17-09-2023,Standard,CUST-1174,Home Office,India,Lucknow,Uttar Pradesh,North,Technology,Phones,Laser Printer,2,0.15,396.29,42.85,0.108127886,2023-09,2023
ORD-10096,02-06-2024,04-06-2024,Standard,CUST-1140,Consumer,India,Chennai,Tamil Nadu,South,Technology,Computers,Mechanical Keyboard,3,0.1,1296.96,118.98,0.091737602,2024-06,2024
ORD-10036,08-10-2025,11-10-2025,Second Class,CUST-1292,Home Office,India,Pune,Maharashtra,West,Furniture,Tables,Standing Desk,3,0.3,353.81,-33.52,-0.094740115,2025-10,2025
ORD-12047,28-10-2023,29-10-2023,Second Class,CUST-1055,Home Office,India,Jaipur,Rajasthan,North,Technology,Printers,Monitor,3,0.1,1979.12,85.15,0.043024172,2023-10,2023
ORD-11355,30-11-2023,03-12-2023,Standard,CUST-1529,Corporate,India,Bhopal,Madhya Pradesh,Central,Furniture,Office Furniture,Reception Desk,3,0.2,1200.9,-103.45,-0.086143726,2023-11,2023
ORD-12144,07-04-2025,09-04-2025,Standard,CUST-1252,Home Office,India,Mumbai,Maharashtra,West,Furniture,Office Furniture,Bookshelf,2,0.15,233.76,4.71,0.020148871,2025-04,2025
ORD-11403,20-05-2025,22-05-2025,First Class,CUST-1522,Corporate,India,Delhi,Delhi,North,Office Supplies,Binders,Sticky Notes,1,0.15,71.81,4.74,0.06600752,2025-05,2025
ORD-11394,08-10-2025,09-10-2025,Second Class,CUST-1479,Consumer,India,Bengaluru,Karnataka,South,Technology,Printers,Mechanical Keyboard,2,0.2,1017.56,131.06,0.128798302,2025-10,2025
ORD-10546,16-08-2023,20-08-2023,Standard,CUST-1052,Home Office,India,Jaipur,Rajasthan,North,Technology,Printers,Mechanical Keyboard,4,0.2,877.1,97.35,0.110990765,2023-08,2023
ORD-12224,28-10-2024,30-10-2024,Standard,CUST-1590,Home Office,India,Mumbai,Maharashtra,West,Office Supplies,Paper,Ball Pen Set,2,0.15,169,17.1,0.101183432,2024-10,2024
ORD-11856,20-02-2025,22-02-2025,Second Class,CUST-1255,Corporate,India,Kolkata,West Bengal,East,Technology,Computers,USB-C Hub,2,0.2,1123,122.55,0.109127337,2025-02,2025
ORD-12341,21-04-2024,23-04-2024,Second Class,CUST-1284,Consumer,India,Pune,Maharashtra,West,Office Supplies,Binders,Sticky Notes,1,0.15,220.57,32.22,0.146076076,2024-04,2024
ORD-10847,08-02-2025,09-02-2025,Second Class,CUST-1291,Consumer,India,Ahmedabad,Gujarat,West,Office Supplies,Writing,Notebook,3,0.3,447.94,-26.14,-0.05835603,2025-02,2025
ORD-11655,25-04-2024,28-04-2024,Second Class,CUST-1056,Corporate,India,Hyderabad,Telangana,South,Office Supplies,Binders,Sticky Notes,1,0.1,86.05,9.02,0.104822777,2024-04,2024
ORD-12363,26-11-2025,28-11-2025,Standard,CUST-1413,Consumer,India,Hyderabad,Telangana,South,Furniture,Tables,Filing Cabinet,3,0.15,143.48,2.89,0.02014218,2025-11,2025
ORD-11622,26-05-2023,29-05-2023,Second Class,CUST-1274,Corporate,India,Chennai,Tamil Nadu,South,Technology,Computers,Tablet,4,0.2,372.12,26.12,0.070192411,2023-05,2023
ORD-12161,21-01-2025,23-01-2025,Standard,CUST-1097,Consumer,India,Pune,Maharashtra,West,Technology,Accessories,Wireless Headset,5,0.05,1051.02,164.95,0.156942779,2025-01,2025
ORD-10085,20-02-2024,22-02-2024,Standard,CUST-1077,Corporate,India,Jaipur,Rajasthan,North,Office Supplies,Binders,Sticky Notes,1,0.1,64.63,7.97,0.123317345,2024-02,2024
ORD-10846,27-12-2023,31-12-2023,Standard,CUST-1571,Consumer,India,Ahmedabad,Gujarat,West,Office Supplies,Binders,File Binder,2,0.3,184.86,-4.98,-0.026939305,2023-12,2023
ORD-12376,23-06-2025,26-06-2025,Standard,CUST-1159,Consumer,India,Mumbai,Maharashtra,West,Office Supplies,Stationery,Desk Organizer,2,0.3,125.05,-4.29,-0.034306277,2025-06,2025
ORD-11271,11-07-2024,14-07-2024,Standard,CUST-1045,Consumer,India,Chennai,Tamil Nadu,South,Technology,Computers,Wireless Headset,3,0.2,747.19,42.31,0.05662549,2024-07,2024
ORD-11867,02-01-2025,04-01-2025,Standard,CUST-1556,Home Office,India,Bengaluru,Karnataka,South,Technology,Phones,Mechanical Keyboard,4,0,1003.75,202.5,0.201743462,2025-01,2025
ORD-10836,22-11-2024,23-11-2024,Same Day,CUST-1284,Consumer,India,Hyderabad,Telangana,South,Technology,Computers,Laser Printer,1,0.15,421.75,45.78,0.108547718,2024-11,2024
ORD-11110,12-03-2024,15-03-2024,First Class,CUST-1456,Consumer,India,Lucknow,Uttar Pradesh,North,Office Supplies,Writing,File Binder,1,0,304.2,41.36,0.135963182,2024-03,2024
ORD-11884,12-08-2023,14-08-2023,Standard,CUST-1521,Home Office,India,Hyderabad,Telangana,South,Technology,Phones,USB-C Hub,1,0,690.84,154.02,0.222945979,2023-08,2023
ORD-10400,18-06-2025,20-06-2025,First Class,CUST-1144,Corporate,India,Nagpur,Maharashtra,Central,Furniture,Office Furniture,Office Chair,4,0.1,805.21,34.67,0.043057091,2025-06,2025
ORD-10615,15-07-2025,18-07-2025,Standard,CUST-1495,Consumer,India,Lucknow,Uttar Pradesh,North,Office Supplies,Binders,File Binder,1,0.15,77.18,5.88,0.07618554,2025-07,2025
ORD-11466,11-09-2025,14-09-2025,Standard,CUST-1197,Corporate,India,Bengaluru,Karnataka,South,Office Supplies,Paper,Notebook,5,0,596.19,107.08,0.179607172,2025-09,2025
ORD-12352,15-11-2025,16-11-2025,Standard,CUST-1383,Corporate,India,Ahmedabad,Gujarat,West,Office Supplies,Paper,Printer Paper,1,0.2,64.18,5.56,0.086631349,2025-11,2025
ORD-11169,28-12-2024,02-01-2025,Standard,CUST-1169,Corporate,India,Chennai,Tamil Nadu,South,Furniture,Chairs,Reception Desk,3,0.1,704.38,79.26,0.11252449,2024-12,2024
ORD-12225,16-11-2023,20-11-2023,Same Day,CUST-1232,Corporate,India,Lucknow,Uttar Pradesh,North,Office Supplies,Paper,Sticky Notes,1,0,40.48,8.49,0.209733202,2023-11,2023
ORD-11938,15-03-2023,17-03-2023,Standard,CUST-1156,Corporate,India,Ahmedabad,Gujarat,West,Technology,Printers,Business Laptop,1,0.3,260.82,1.36,0.005214324,2023-03,2023
ORD-10318,19-01-2024,21-01-2024,Second Class,CUST-1403,Corporate,India,Bengaluru,Karnataka,South,Furniture,Tables,Conference Table,3,0.2,485.24,-8.1,-0.016692771,2024-01,2024
ORD-10464,11-04-2024,14-04-2024,First Class,CUST-1280,Consumer,India,Nagpur,Maharashtra,Central,Furniture,Chairs,Bookshelf,3,0.3,927.23,-62.51,-0.067415852,2024-04,2024
ORD-10216,30-09-2023,03-10-2023,First Class,CUST-1495,Consumer,India,Jaipur,Rajasthan,North,Furniture,Storage,Office Chair,1,0.1,74.4,3.57,0.047983871,2023-09,2023
ORD-11645,13-10-2023,14-10-2023,Second Class,CUST-1418,Consumer,India,Bengaluru,Karnataka,South,Office Supplies,Binders,Sticky Notes,3,0.3,192.41,-2.21,-0.01148589,2023-10,2023
ORD-10257,08-07-2025,09-07-2025,Same Day,CUST-1462,Corporate,India,Delhi,Delhi,North,Furniture,Office Furniture,Bookshelf,4,0.2,843.19,8.76,0.010389118,2025-07,2025
ORD-12369,16-04-2024,20-04-2024,Second Class,CUST-1031,Corporate,India,Mumbai,Maharashtra,West,Office Supplies,Writing,Printer Paper,1,0.15,121.47,7.75,0.063801762,2024-04,2024
ORD-12004,01-03-2023,03-03-2023,Standard,CUST-1599,Consumer,India,Kolkata,West Bengal,East,Furniture,Chairs,Office Chair,3,0,328.13,36.58,0.111480206,2023-03,2023
ORD-10967,04-01-2024,06-01-2024,Standard,CUST-1536,Corporate,India,Mumbai,Maharashtra,West,Furniture,Tables,Conference Table,3,0.15,284.93,23.7,0.083178325,2024-01,2024
ORD-10623,27-01-2023,29-01-2023,Second Class,CUST-1452,Corporate,India,Bengaluru,Karnataka,South,Technology,Accessories,Laser Printer,2,0,722,162.03,0.224418283,2023-01,2023
ORD-11870,01-08-2023,03-08-2023,Second Class,CUST-1595,Corporate,India,Jaipur,Rajasthan,North,Office Supplies,Binders,File Binder,2,0.1,217.87,21.88,0.10042686,2023-08,2023
ORD-10282,18-07-2023,20-07-2023,Second Class,CUST-1075,Corporate,India,Chennai,Tamil Nadu,South,Furniture,Office Furniture,Bookshelf,4,0,740.72,103.89,0.140255427,2023-07,2023
ORD-11643,26-10-2025,30-10-2025,Standard,CUST-1388,Home Office,India,Bhopal,Madhya Pradesh,Central,Office Supplies,Writing,Ball Pen Set,1,0,111.88,16.68,0.149088309,2025-10,2025
ORD-10140,19-12-2024,22-12-2024,Standard,CUST-1575,Consumer,India,Nagpur,Maharashtra,Central,Furniture,Storage,Filing Cabinet,4,0.05,1476.64,113.41,0.076802741,2024-12,2024
ORD-12102,23-01-2025,26-01-2025,Standard,CUST-1349,Consumer,India,Mumbai,Maharashtra,West,Technology,Accessories,USB-C Hub,4,0.15,2243.91,227.94,0.101581614,2025-01,2025
ORD-11838,20-09-2024,23-09-2024,Standard,CUST-1147,Corporate,India,Chennai,Tamil Nadu,South,Office Supplies,Stationery,Printer Paper,2,0.3,122.33,-3.5,-0.028611134,2024-09,2024
ORD-11826,09-07-2024,13-07-2024,First Class,CUST-1147,Corporate,India,Mumbai,Maharashtra,West,Office Supplies,Writing,Sticky Notes,2,0.2,142.45,4.08,0.028641629,2024-07,2024
ORD-11822,13-02-2024,16-02-2024,Second Class,CUST-1142,Corporate,India,Bhopal,Madhya Pradesh,Central,Furniture,Tables,Office Chair,3,0.3,629.81,-2.15,-0.003413728,2024-02,2024
ORD-10884,29-06-2024,03-07-2024,Standard,CUST-1330,Consumer,India,Kolkata,West Bengal,East,Furniture,Storage,Filing Cabinet,2,0.1,903.8,68.45,0.075735782,2024-06,2024
ORD-11329,17-03-2024,20-03-2024,Standard,CUST-1229,Consumer,India,Nagpur,Maharashtra,Central,Technology,Computers,USB-C Hub,3,0.1,513.34,77.72,0.151400631,2024-03,2024
ORD-12356,12-09-2025,16-09-2025,Standard,CUST-1078,Corporate,India,Nagpur,Maharashtra,Central,Office Supplies,Paper,Sticky Notes,3,0.3,310.41,-7.3,-0.023517284,2025-09,2025
ORD-11118,23-02-2024,27-02-2024,First Class,CUST-1046,Consumer,India,Hyderabad,Telangana,South,Office Supplies,Binders,Notebook,1,0.2,226.3,11.23,0.049624392,2024-02,2024
ORD-10473,08-08-2025,11-08-2025,First Class,CUST-1320,Consumer,India,Pune,Maharashtra,West,Technology,Phones,Monitor,3,0.05,690.71,127.11,0.184028029,2025-08,2025
ORD-12219,08-12-2024,11-12-2024,Standard,CUST-1532,Consumer,India,Bengaluru,Karnataka,South,Technology,Computers,Wireless Headset,3,0.2,464.66,19.54,0.042052253,2024-12,2024
ORD-11356,24-04-2023,26-04-2023,Standard,CUST-1307,Consumer,India,Jaipur,Rajasthan,North,Technology,Phones,Wireless Headset,3,0,546.4,95.51,0.174798682,2023-04,2023
ORD-11677,01-08-2023,04-08-2023,Second Class,CUST-1308,Corporate,India,Bengaluru,Karnataka,South,Office Supplies,Writing,Sticky Notes,3,0,329.83,58.44,0.177182185,2023-08,2023
ORD-10154,05-12-2024,08-12-2024,Same Day,CUST-1226,Consumer,India,Kolkata,West Bengal,East,Technology,Accessories,Tablet,3,0.1,407.64,48.46,0.118879403,2024-12,2024
ORD-11820,25-06-2024,27-06-2024,Standard,CUST-1507,Consumer,India,Ahmedabad,Gujarat,West,Furniture,Chairs,Filing Cabinet,3,0.2,159.58,-9.84,-0.061661862,2024-06,2024
ORD-10621,04-05-2023,08-05-2023,Standard,CUST-1071,Consumer,India,Mumbai,Maharashtra,West,Furniture,Chairs,Filing Cabinet,3,0.2,122.83,-3.1,-0.025238134,2023-05,2023
ORD-11779,03-08-2025,06-08-2025,Standard,CUST-1083,Corporate,India,Delhi,Delhi,North,Technology,Printers,Tablet,2,0.2,1228.6,128.03,0.104208042,2025-08,2025
ORD-10449,09-09-2025,12-09-2025,Same Day,CUST-1263,Corporate,India,Nagpur,Maharashtra,Central,Office Supplies,Stationery,Printer Paper,1,0.1,51.38,4.81,0.093616193,2025-09,2025
ORD-11897,02-07-2024,03-07-2024,Same Day,CUST-1496,Corporate,India,Hyderabad,Telangana,South,Technology,Computers,Business Laptop,4,0.15,3357.84,208.17,0.061995211,2024-07,2024
ORD-11438,22-01-2025,27-01-2025,Standard,CUST-1471,Corporate,India,Pune,Maharashtra,West,Office Supplies,Paper,File Binder,3,0,738.86,151.3,0.204774924,2025-01,2025
ORD-12406,16-10-2023,19-10-2023,First Class,CUST-1308,Consumer,India,Mumbai,Maharashtra,West,Technology,Accessories,Business Laptop,3,0.05,855.71,132.48,0.154818805,2023-10,2023
ORD-10600,15-08-2025,17-08-2025,Standard,CUST-1161,Consumer,India,Bengaluru,Karnataka,South,Office Supplies,Writing,Desk Organizer,3,0.15,110.88,3.99,0.035984848,2025-08,2025
ORD-11390,26-10-2024,29-10-2024,Standard,CUST-1513,Home Office,India,Jaipur,Rajasthan,North,Technology,Computers,USB-C Hub,5,0,2720.73,540.65,0.198715051,2024-10,2024
ORD-11299,10-07-2023,13-07-2023,Second Class,CUST-1167,Consumer,India,Kolkata,West Bengal,East,Office Supplies,Paper,Envelope Pack,5,0.15,137.33,13.38,0.097429549,2023-07,2023
ORD-11724,16-10-2023,18-10-2023,Standard,CUST-1449,Consumer,India,Nagpur,Maharashtra,Central,Furniture,Chairs,Office Chair,2,0.2,190.7,-2.8,-0.014682748,2023-10,2023
ORD-10122,09-01-2025,11-01-2025,Standard,CUST-1110,Corporate,India,Chennai,Tamil Nadu,South,Technology,Accessories,Wireless Headset,1,0.1,488.34,84.87,0.173792849,2025-01,2025
ORD-11247,23-02-2023,25-02-2023,Standard,CUST-1404,Corporate,India,Ahmedabad,Gujarat,West,Furniture,Storage,Executive Chair,3,0.1,1132.24,48.23,0.042596976,2023-02,2023
ORD-12249,03-08-2024,08-08-2024,Standard,CUST-1156,Consumer,India,Nagpur,Maharashtra,Central,Office Supplies,Paper,File Binder,1,0.2,184.97,4.26,0.023030762,2024-08,2024
ORD-11460,02-06-2025,06-06-2025,First Class,CUST-1208,Consumer,India,Pune,Maharashtra,West,Technology,Accessories,Wireless Headset,3,0.3,1383.99,9.65,0.006972594,2025-06,2025
ORD-10490,26-06-2024,29-06-2024,Standard,CUST-1100,Corporate,India,Lucknow,Uttar Pradesh,North,Furniture,Tables,Conference Table,3,0.3,288.1,-12.16,-0.042207567,2024-06,2024
ORD-12282,12-07-2023,16-07-2023,Standard,CUST-1429,Home Office,India,Pune,Maharashtra,West,Office Supplies,Paper,Printer Paper,3,0.3,193.89,-13.29,-0.06854402,2023-07,2023
ORD-11882,28-02-2024,01-03-2024,Standard,CUST-1478,Corporate,India,Jaipur,Rajasthan,North,Furniture,Chairs,Filing Cabinet,1,0.1,226.44,2.38,0.010510511,2024-02,2024
ORD-12162,12-12-2025,13-12-2025,Standard,CUST-1535,Corporate,India,Delhi,Delhi,North,Office Supplies,Stationery,Printer Paper,3,0.1,124.49,17.91,0.143866977,2025-12,2025
ORD-10398,26-08-2024,29-08-2024,Same Day,CUST-1485,Corporate,India,Bhopal,Madhya Pradesh,Central,Office Supplies,Writing,Notebook,1,0.05,103.15,11.95,0.115850703,2024-08,2024
ORD-11510,11-12-2025,13-12-2025,Standard,CUST-1177,Consumer,India,Kolkata,West Bengal,East,Furniture,Office Furniture,Standing Desk,3,0.05,373.74,-2.21,-0.005913202,2025-12,2025
ORD-12428,09-04-2024,11-04-2024,Standard,CUST-1034,Corporate,India,Pune,Maharashtra,West,Furniture,Tables,Office Chair,3,0.1,573.86,56.53,0.098508347,2024-04,2024
ORD-10979,10-02-2025,14-02-2025,Second Class,CUST-1042,Consumer,India,Lucknow,Uttar Pradesh,North,Furniture,Tables,Standing Desk,2,0.2,309.06,-0.69,-0.002232576,2025-02,2025
ORD-10170,18-11-2024,20-11-2024,Standard,CUST-1146,Corporate,India,Lucknow,Uttar Pradesh,North,Furniture,Storage,Bookshelf,2,0.3,340.11,-23.03,-0.067713387,2024-11,2024
ORD-11493,06-11-2023,08-11-2023,Standard,CUST-1112,Consumer,India,Mumbai,Maharashtra,West,Technology,Printers,Laser Printer,1,0.2,252.88,7.68,0.030370136,2023-11,2023
ORD-10682,07-12-2025,12-12-2025,Standard,CUST-1465,Consumer,India,Kolkata,West Bengal,East,Technology,Phones,Mechanical Keyboard,2,0.1,464.57,74.29,0.159911316,2025-12,2025
ORD-10154,13-10-2025,15-10-2025,Same Day,CUST-1051,Home Office,India,Bhopal,Madhya Pradesh,Central,Office Supplies,Stationery,Envelope Pack,2,0.05,263.75,39.54,0.149914692,2025-10,2025
ORD-12042,16-11-2023,20-11-2023,Second Class,CUST-1194,Consumer,India,Delhi,Delhi,North,Technology,Phones,Business Laptop,4,0.2,530.13,52.19,0.098447551,2023-11,2023
ORD-10283,10-11-2025,13-11-2025,Standard,CUST-1530,Corporate,India,Bengaluru,Karnataka,South,Furniture,Tables,Standing Desk,1,0.1,153.65,5.83,0.037943378,2025-11,2025
ORD-10629,16-03-2024,19-03-2024,First Class,CUST-1556,Home Office,India,Hyderabad,Telangana,South,Office Supplies,Stationery,File Binder,4,0.1,267.38,5.96,0.022290373,2024-03,2024
ORD-10207,07-01-2024,09-01-2024,Second Class,CUST-1114,Corporate,India,Hyderabad,Telangana,South,Furniture,Office Furniture,Bookshelf,1,0.3,203.83,-5.79,-0.028406025,2024-01,2024
ORD-12362,10-06-2023,11-06-2023,Second Class,CUST-1222,Consumer,India,Chennai,Tamil Nadu,South,Technology,Accessories,Smartphone,2,0.1,71.03,7.81,0.109953541,2023-06,2023
ORD-11613,16-04-2025,18-04-2025,First Class,CUST-1573,Consumer,India,Kolkata,West Bengal,East,Technology,Printers,USB-C Hub,3,0.1,1789.5,315.96,0.176563286,2025-04,2025
ORD-10946,01-10-2023,05-10-2023,Standard,CUST-1104,Home Office,India,Nagpur,Maharashtra,Central,Furniture,Tables,Standing Desk,1,0,185.95,23.06,0.124011831,2023-10,2023
ORD-11614,08-06-2024,11-06-2024,Second Class,CUST-1221,Corporate,India,Nagpur,Maharashtra,Central,Furniture,Storage,Office Chair,4,0.2,971.19,-35.73,-0.036789918,2024-06,2024
ORD-10616,01-02-2024,05-02-2024,Standard,CUST-1175,Consumer,India,Chennai,Tamil Nadu,South,Office Supplies,Writing,Envelope Pack,2,0.1,107.99,13.24,0.122603945,2024-02,2024
ORD-10450,21-05-2025,23-05-2025,Standard,CUST-1277,Corporate,India,Chennai,Tamil Nadu,South,Office Supplies,Paper,Ball Pen Set,3,0,117.1,19.45,0.166097353,2025-05,2025
ORD-11998,30-11-2023,02-12-2023,Same Day,CUST-1326,Consumer,India,Ahmedabad,Gujarat,West,Office Supplies,Writing,Envelope Pack,3,0.3,107.95,3.06,0.028346457,2023-11,2023
ORD-12255,26-06-2024,29-06-2024,Standard,CUST-1271,Corporate,India,Hyderabad,Telangana,South,Office Supplies,Stationery,Notebook,4,0.1,199.98,29.89,0.149464946,2024-06,2024
ORD-11457,27-05-2025,29-05-2025,Standard,CUST-1460,Consumer,India,Bengaluru,Karnataka,South,Technology,Phones,USB-C Hub,4,0.3,719.23,-5.53,-0.007688778,2025-05,2025
ORD-10676,01-04-2023,04-04-2023,Second Class,CUST-1024,Consumer,India,Pune,Maharashtra,West,Office Supplies,Paper,Sticky Notes,2,0,49.89,10.78,0.216075366,2023-04,2023
ORD-12320,13-06-2023,16-06-2023,First Class,CUST-1385,Corporate,India,Bengaluru,Karnataka,South,Furniture,Storage,Office Chair,3,0.15,1368.08,98.31,0.071859833,2023-06,2023
ORD-10354,23-04-2025,26-04-2025,Same Day,CUST-1494,Corporate,India,Delhi,Delhi,North,Office Supplies,Writing,Printer Paper,1,0.05,171.17,19.22,0.112286031,2025-04,2025
ORD-11765,30-06-2024,03-07-2024,Standard,CUST-1363,Corporate,India,Lucknow,Uttar Pradesh,North,Technology,Printers,Smartphone,5,0.05,528.95,85.28,0.161225069,2024-06,2024
ORD-11872,12-09-2025,16-09-2025,Second Class,CUST-1086,Consumer,India,Pune,Maharashtra,West,Furniture,Storage,Executive Chair,2,0.05,308.06,28.32,0.091930143,2025-09,2025
ORD-12136,03-11-2025,07-11-2025,Standard,CUST-1224,Home Office,India,Delhi,Delhi,North,Furniture,Office Furniture,Bookshelf,3,0.15,291.24,21.75,0.074680676,2025-11,2025
ORD-11691,26-07-2024,28-07-2024,First Class,CUST-1165,Home Office,India,Pune,Maharashtra,West,Technology,Printers,Tablet,2,0.15,735.44,57.23,0.077817361,2024-07,2024
ORD-11100,28-07-2024,31-07-2024,Second Class,CUST-1145,Consumer,India,Delhi,Delhi,North,Technology,Accessories,Wireless Headset,2,0,431.57,102.21,0.236832959,2024-07,2024
ORD-10053,07-02-2023,11-02-2023,Standard,CUST-1040,Corporate,India,Ahmedabad,Gujarat,West,Furniture,Tables,Conference Table,1,0.2,419.55,2.14,0.005100703,2023-02,2023
ORD-11890,08-10-2023,11-10-2023,Standard,CUST-1206,Corporate,India,Ahmedabad,Gujarat,West,Furniture,Storage,Conference Table,4,0.1,714.4,66.31,0.092819149,2023-10,2023
ORD-11021,12-10-2023,15-10-2023,Second Class,CUST-1465,Consumer,India,Chennai,Tamil Nadu,South,Office Supplies,Stationery,Ball Pen Set,2,0.15,141.36,5.05,0.035724392,2023-10,2023
ORD-12301,07-03-2024,10-03-2024,Standard,CUST-1153,Home Office,India,Kolkata,West Bengal,East,Furniture,Office Furniture,Executive Chair,4,0.3,380.35,-50.9,-0.133824109,2024-03,2024
ORD-11956,22-11-2024,23-11-2024,Second Class,CUST-1365,Corporate,India,Pune,Maharashtra,West,Office Supplies,Writing,Notebook,2,0,122.11,24.29,0.198919007,2024-11,2024
ORD-11338,01-12-2024,05-12-2024,Second Class,CUST-1502,Consumer,India,Jaipur,Rajasthan,North,Furniture,Tables,Bookshelf,3,0.15,682.3,56.39,0.08264693,2024-12,2024
ORD-10402,01-10-2024,06-10-2024,Standard,CUST-1440,Home Office,India,Chennai,Tamil Nadu,South,Office Supplies,Stationery,Envelope Pack,5,0.05,682.49,128.58,0.188398365,2024-10,2024
ORD-10942,24-08-2023,26-08-2023,First Class,CUST-1384,Consumer,India,Bengaluru,Karnataka,South,Furniture,Storage,Reception Desk,2,0.15,517.77,9.81,0.018946637,2023-08,2023
ORD-11512,29-12-2023,02-01-2024,First Class,CUST-1095,Consumer,India,Ahmedabad,Gujarat,West,Technology,Printers,Tablet,5,0.2,1713.43,37.46,0.02186258,2023-12,2023
ORD-10070,30-01-2024,02-02-2024,Standard,CUST-1499,Consumer,India,Hyderabad,Telangana,South,Furniture,Office Furniture,Office Chair,2,0.15,232.99,-7.97,-0.034207477,2024-01,2024
ORD-12010,25-06-2025,27-06-2025,Second Class,CUST-1164,Home Office,India,Ahmedabad,Gujarat,West,Furniture,Chairs,Filing Cabinet,2,0,349.45,40.21,0.115066533,2025-06,2025
ORD-10766,27-08-2023,28-08-2023,Same Day,CUST-1069,Consumer,India,Hyderabad,Telangana,South,Office Supplies,Binders,Desk Organizer,5,0,427.77,62.32,0.145685766,2023-08,2023
ORD-12402,15-01-2025,19-01-2025,First Class,CUST-1182,Corporate,India,Pune,Maharashtra,West,Office Supplies,Writing,Desk Organizer,2,0.3,67.16,-0.97,-0.014443121,2025-01,2025
ORD-11107,27-08-2025,30-08-2025,Standard,CUST-1213,Consumer,India,Pune,Maharashtra,West,Furniture,Storage,Bookshelf,2,0.1,625.85,23.73,0.037916434,2025-08,2025
ORD-11014,27-01-2023,31-01-2023,Standard,CUST-1132,Home Office,India,Delhi,Delhi,North,Furniture,Chairs,Executive Chair,5,0,994.36,154.39,0.155265699,2023-01,2023
ORD-11380,30-06-2023,04-07-2023,Standard,CUST-1470,Consumer,India,Bhopal,Madhya Pradesh,Central,Technology,Accessories,Laser Printer,1,0.2,230.96,18.41,0.079710772,2023-06,2023
ORD-11798,07-12-2023,08-12-2023,Second Class,CUST-1535,Consumer,India,Hyderabad,Telangana,South,Office Supplies,Binders,Ball Pen Set,1,0,43.64,7,0.1604033,2023-12,2023
ORD-10179,08-03-2024,10-03-2024,Second Class,CUST-1444,Corporate,India,Nagpur,Maharashtra,Central,Furniture,Office Furniture,Standing Desk,1,0.1,170.57,13.45,0.078853257,2024-03,2024
ORD-11888,17-12-2024,19-12-2024,Second Class,CUST-1345,Consumer,India,Nagpur,Maharashtra,Central,Furniture,Tables,Bookshelf,5,0.3,3368.56,-257.48,-0.076436222,2024-12,2024
ORD-12248,22-07-2025,25-07-2025,Standard,CUST-1175,Corporate,India,Lucknow,Uttar Pradesh,North,Technology,Printers,Laser Printer,3,0.1,1635.41,402.66,0.246213488,2025-07,2025
ORD-10426,07-11-2025,09-11-2025,First Class,CUST-1469,Corporate,India,Mumbai,Maharashtra,West,Technology,Printers,Wireless Headset,2,0,376.28,78.21,0.207850537,2025-11,2025
ORD-11277,22-04-2024,24-04-2024,Same Day,CUST-1196,Consumer,India,Bengaluru,Karnataka,South,Furniture,Storage,Bookshelf,3,0,382.47,53.61,0.140167856,2024-04,2024
ORD-11433,16-05-2025,20-05-2025,Same Day,CUST-1201,Consumer,India,Chennai,Tamil Nadu,South,Office Supplies,Stationery,Desk Organizer,2,0,149.39,22,0.147265547,2025-05,2025
ORD-11022,07-03-2025,10-03-2025,Standard,CUST-1415,Corporate,India,Delhi,Delhi,North,Furniture,Storage,Executive Chair,3,0.3,672.61,-25.9,-0.038506713,2025-03,2025
ORD-11280,21-04-2024,25-04-2024,Second Class,CUST-1292,Corporate,India,Pune,Maharashtra,West,Furniture,Chairs,Reception Desk,1,0,129.42,3.89,0.030057178,2024-04,2024
ORD-12179,16-01-2024,20-01-2024,Second Class,CUST-1112,Consumer,India,Nagpur,Maharashtra,Central,Technology,Accessories,Monitor,5,0,806.23,241.91,0.300050854,2024-01,2024
ORD-10465,13-07-2025,15-07-2025,Standard,CUST-1013,Corporate,India,Bengaluru,Karnataka,South,Technology,Accessories,Smartphone,1,0.05,225.71,29.77,0.131894909,2025-07,2025
ORD-11002,20-10-2025,23-10-2025,Standard,CUST-1286,Corporate,India,Chennai,Tamil Nadu,South,Technology,Accessories,USB-C Hub,3,0.1,932.27,196.4,0.210668583,2025-10,2025
ORD-11813,29-05-2023,02-06-2023,Second Class,CUST-1437,Corporate,India,Kolkata,West Bengal,East,Office Supplies,Paper,Notebook,3,0.3,62.03,-1.75,-0.028212155,2023-05,2023
ORD-10988,01-12-2024,03-12-2024,Standard,CUST-1348,Corporate,India,Jaipur,Rajasthan,North,Technology,Printers,Business Laptop,1,0.2,174.78,11.1,0.063508411,2024-12,2024
ORD-12368,04-01-2024,08-01-2024,Standard,CUST-1510,Corporate,India,Mumbai,Maharashtra,West,Technology,Printers,USB-C Hub,3,0.1,407.83,45.06,0.110487213,2024-01,2024
ORD-10994,13-10-2023,16-10-2023,Standard,CUST-1548,Consumer,India,Bhopal,Madhya Pradesh,Central,Technology,Printers,Mechanical Keyboard,2,0.1,403.92,44.16,0.10932858,2023-10,2023
ORD-10498,30-09-2025,04-10-2025,Standard,CUST-1210,Consumer,India,Hyderabad,Telangana,South,Technology,Computers,Monitor,4,0,1105.87,209.62,0.189552117,2025-09,2025
ORD-10288,29-03-2024,30-03-2024,Standard,CUST-1585,Home Office,India,Hyderabad,Telangana,South,Technology,Accessories,Wireless Headset,3,0.05,498.63,98.52,0.197581373,2024-03,2024
ORD-10942,07-11-2023,08-11-2023,First Class,CUST-1049,Consumer,India,Delhi,Delhi,North,Office Supplies,Binders,Desk Organizer,3,0.15,322.43,22.2,0.068852154,2023-11,2023
ORD-12430,02-10-2024,05-10-2024,Standard,CUST-1241,Home Office,India,Mumbai,Maharashtra,West,Technology,Accessories,Wireless Headset,1,0.1,108.21,16.31,0.150725441,2024-10,2024
ORD-12207,03-08-2023,08-08-2023,First Class,CUST-1088,Consumer,India,Kolkata,West Bengal,East,Furniture,Chairs,Bookshelf,1,0,80.54,10.4,0.129128383,2023-08,2023
ORD-10539,04-10-2025,05-10-2025,Standard,CUST-1352,Consumer,India,Ahmedabad,Gujarat,West,Office Supplies,Paper,Ball Pen Set,4,0.15,63.93,3.89,0.060847802,2025-10,2025
ORD-11796,31-07-2023,02-08-2023,Standard,CUST-1084,Corporate,India,Jaipur,Rajasthan,North,Technology,Computers,Smartphone,1,0.05,143.97,13.84,0.096131138,2023-07,2023
ORD-12434,25-02-2024,26-02-2024,Second Class,CUST-1386,Consumer,India,Nagpur,Maharashtra,Central,Furniture,Chairs,Conference Table,4,0.3,1121.35,-113.07,-0.100833816,2024-02,2024
ORD-10451,05-07-2024,07-07-2024,Standard,CUST-1550,Home Office,India,Jaipur,Rajasthan,North,Office Supplies,Binders,Printer Paper,1,0.05,35.03,4.28,0.122180988,2024-07,2024
ORD-11555,16-10-2024,19-10-2024,First Class,CUST-1493,Consumer,India,Bengaluru,Karnataka,South,Furniture,Tables,Bookshelf,2,0.1,443.71,24.63,0.055509229,2024-10,2024
ORD-11584,13-05-2023,17-05-2023,Standard,CUST-1310,Corporate,India,Pune,Maharashtra,West,Office Supplies,Paper,Desk Organizer,4,0.2,220.8,-7.15,-0.032382246,2023-05,2023
ORD-11787,09-10-2025,11-10-2025,First Class,CUST-1309,Consumer,India,Ahmedabad,Gujarat,West,Technology,Computers,Tablet,3,0.2,978.83,97.51,0.099618933,2025-10,2025
ORD-10439,13-02-2023,17-02-2023,Second Class,CUST-1071,Consumer,India,Pune,Maharashtra,West,Office Supplies,Stationery,Notebook,2,0,127.3,20.77,0.163157895,2023-02,2023
ORD-11815,01-01-2025,05-01-2025,Standard,CUST-1497,Consumer,India,Delhi,Delhi,North,Technology,Computers,Laser Printer,2,0.05,1802.69,332.05,0.18419695,2025-01,2025
ORD-10084,05-12-2024,07-12-2024,Standard,CUST-1590,Consumer,India,Pune,Maharashtra,West,Technology,Phones,Mechanical Keyboard,2,0,980.42,188.16,0.19191775,2024-12,2024
ORD-10020,15-08-2025,19-08-2025,First Class,CUST-1298,Consumer,India,Mumbai,Maharashtra,West,Technology,Accessories,Mechanical Keyboard,2,0.05,175.7,32.87,0.18708025,2025-08,2025
ORD-10330,30-10-2025,31-10-2025,First Class,CUST-1283,Corporate,India,Mumbai,Maharashtra,West,Technology,Printers,Business Laptop,1,0.2,205.37,26.58,0.12942494,2025-10,2025
ORD-10499,24-08-2023,25-08-2023,Standard,CUST-1057,Consumer,India,Bengaluru,Karnataka,South,Office Supplies,Stationery,Printer Paper,3,0.05,192.75,25.42,0.131880674,2023-08,2023
ORD-10202,31-12-2024,02-01-2025,Second Class,CUST-1422,Consumer,India,Delhi,Delhi,North,Office Supplies,Paper,Desk Organizer,2,0.15,229.57,1.79,0.007797186,2024-12,2024
ORD-10558,20-11-2024,24-11-2024,First Class,CUST-1570,Home Office,India,Bengaluru,Karnataka,South,Office Supplies,Binders,Ball Pen Set,5,0,1353.94,253.48,0.187216568,2024-11,2024
ORD-10311,08-09-2025,12-09-2025,Standard,CUST-1432,Corporate,India,Kolkata,West Bengal,East,Technology,Accessories,Tablet,2,0.05,228.1,44.67,0.19583516,2025-09,2025
ORD-11739,24-12-2024,27-12-2024,First Class,CUST-1243,Home Office,India,Chennai,Tamil Nadu,South,Technology,Computers,Business Laptop,3,0.15,1165.81,86.16,0.073905696,2024-12,2024
ORD-11412,13-01-2025,15-01-2025,Standard,CUST-1066,Consumer,India,Bhopal,Madhya Pradesh,Central,Furniture,Office Furniture,Standing Desk,2,0.15,962.44,50.01,0.051961681,2025-01,2025
ORD-10255,01-06-2025,06-06-2025,Second Class,CUST-1304,Consumer,India,Bhopal,Madhya Pradesh,Central,Office Supplies,Stationery,Printer Paper,3,0.2,496.23,35.93,0.072405941,2025-06,2025
ORD-11459,09-08-2024,12-08-2024,Standard,CUST-1440,Consumer,India,Bhopal,Madhya Pradesh,Central,Technology,Printers,Business Laptop,4,0,926.31,190.27,0.205406397,2024-08,2024
ORD-11039,11-12-2024,15-12-2024,Standard,CUST-1386,Corporate,India,Pune,Maharashtra,West,Furniture,Office Furniture,Conference Table,3,0.05,570.05,43.24,0.075852995,2024-12,2024
ORD-10056,09-10-2025,12-10-2025,Second Class,CUST-1218,Consumer,India,Lucknow,Uttar Pradesh,North,Technology,Accessories,Mechanical Keyboard,2,0,144.08,32,0.222098834,2025-10,2025
ORD-11063,17-11-2024,20-11-2024,Standard,CUST-1001,Corporate,India,Lucknow,Uttar Pradesh,North,Furniture,Office Furniture,Conference Table,4,0.05,132.77,14.51,0.109286736,2024-11,2024
ORD-11069,07-12-2025,11-12-2025,Second Class,CUST-1255,Consumer,India,Hyderabad,Telangana,South,Furniture,Office Furniture,Bookshelf,4,0.1,928.36,59.12,0.063682192,2025-12,2025
ORD-10949,09-11-2025,13-11-2025,First Class,CUST-1301,Consumer,India,Pune,Maharashtra,West,Technology,Printers,Business Laptop,3,0.05,254.89,40.87,0.160343678,2025-11,2025
ORD-10647,24-12-2024,27-12-2024,Standard,CUST-1305,Corporate,India,Mumbai,Maharashtra,West,Technology,Phones,Laser Printer,3,0.1,420.49,53.08,0.12623368,2024-12,2024
ORD-11025,02-07-2025,06-07-2025,Standard,CUST-1353,Corporate,India,Pune,Maharashtra,West,Office Supplies,Writing,Printer Paper,4,0.2,206.88,10.22,0.049400619,2025-07,2025
ORD-12298,03-11-2024,04-11-2024,First Class,CUST-1527,Corporate,India,Bengaluru,Karnataka,South,Technology,Accessories,Tablet,4,0.1,816.67,129.58,0.15866874,2024-11,2024
ORD-10448,31-03-2024,02-04-2024,First Class,CUST-1514,Consumer,India,Bhopal,Madhya Pradesh,Central,Furniture,Office Furniture,Office Chair,5,0.1,692.97,47.51,0.068559967,2024-03,2024
ORD-10229,01-03-2025,06-03-2025,Standard,CUST-1277,Consumer,India,Ahmedabad,Gujarat,West,Furniture,Storage,Conference Table,2,0.3,438.1,-32.74,-0.074731796,2025-03,2025
ORD-11036,13-07-2023,16-07-2023,Second Class,CUST-1355,Corporate,India,Delhi,Delhi,North,Technology,Phones,Business Laptop,3,0.1,1037.25,90.83,0.087568089,2023-07,2023
ORD-10533,28-03-2025,30-03-2025,Standard,CUST-1083,Corporate,India,Pune,Maharashtra,West,Technology,Computers,Wireless Headset,1,0,550.88,114.69,0.208194162,2025-03,2025
ORD-11759,05-05-2023,06-05-2023,Second Class,CUST-1518,Consumer,India,Chennai,Tamil Nadu,South,Technology,Printers,Wireless Headset,3,0,2412.36,484.09,0.200670712,2023-05,2023
ORD-11868,07-12-2024,09-12-2024,Standard,CUST-1012,Consumer,India,Pune,Maharashtra,West,Furniture,Office Furniture,Bookshelf,2,0.15,643.4,49.07,0.076266708,2024-12,2024
ORD-11156,12-08-2023,15-08-2023,Standard,CUST-1363,Consumer,India,Mumbai,Maharashtra,West,Technology,Printers,Smartphone,3,0.1,717.63,132.59,0.184760949,2023-08,2023
ORD-11654,24-05-2024,27-05-2024,Standard,CUST-1039,Consumer,India,Ahmedabad,Gujarat,West,Technology,Computers,Smartphone,2,0,799.69,198.5,0.248221186,2024-05,2024
ORD-10601,08-03-2025,11-03-2025,Standard,CUST-1211,Consumer,India,Mumbai,Maharashtra,West,Office Supplies,Paper,Sticky Notes,3,0.1,269.37,32.35,0.120095037,2025-03,2025
ORD-10919,24-01-2024,26-01-2024,Standard,CUST-1050,Home Office,India,Delhi,Delhi,North,Office Supplies,Paper,Printer Paper,3,0.1,210.68,16,0.07594456,2024-01,2024
ORD-12422,15-03-2023,19-03-2023,Standard,CUST-1507,Consumer,India,Lucknow,Uttar Pradesh,North,Furniture,Storage,Office Chair,3,0.2,631.9,-10.04,-0.01588859,2023-03,2023
ORD-10743,15-09-2025,18-09-2025,First Class,CUST-1396,Corporate,India,Kolkata,West Bengal,East,Technology,Phones,Laser Printer,4,0.15,6163.47,468.13,0.075952345,2025-09,2025
ORD-12274,20-02-2023,25-02-2023,Second Class,CUST-1565,Home Office,India,Nagpur,Maharashtra,Central,Office Supplies,Stationery,Envelope Pack,2,0.1,104.33,8.89,0.08521039,2023-02,2023
ORD-10580,17-01-2023,19-01-2023,Second Class,CUST-1488,Home Office,India,Kolkata,West Bengal,East,Technology,Computers,Monitor,1,0.1,274.81,28.55,0.10388996,2023-01,2023
ORD-10645,01-02-2023,03-02-2023,Same Day,CUST-1102,Home Office,India,Ahmedabad,Gujarat,West,Office Supplies,Binders,Notebook,1,0.15,54.04,2.38,0.044041451,2023-02,2023
ORD-12110,09-07-2023,10-07-2023,Standard,CUST-1232,Consumer,India,Mumbai,Maharashtra,West,Furniture,Tables,Reception Desk,3,0.05,352.26,50.3,0.142792256,2023-07,2023
ORD-10789,28-04-2025,30-04-2025,Second Class,CUST-1296,Home Office,India,Kolkata,West Bengal,East,Technology,Printers,Business Laptop,2,0.05,742.46,152.1,0.204859521,2025-04,2025
ORD-12001,06-12-2025,09-12-2025,Second Class,CUST-1115,Consumer,India,Bhopal,Madhya Pradesh,Central,Furniture,Office Furniture,Bookshelf,2,0.05,489.53,37.06,0.075705268,2025-12,2025
ORD-12075,16-11-2023,21-11-2023,Standard,CUST-1260,Corporate,India,Kolkata,West Bengal,East,Office Supplies,Writing,Notebook,3,0.3,201,-8.25,-0.041044776,2023-11,2023
ORD-12106,28-04-2025,29-04-2025,Standard,CUST-1237,Consumer,India,Delhi,Delhi,North,Furniture,Tables,Filing Cabinet,2,0.3,551.92,-62.22,-0.11273373,2025-04,2025
ORD-11956,13-07-2025,14-07-2025,Standard,CUST-1142,Home Office,India,Chennai,Tamil Nadu,South,Office Supplies,Stationery,Ball Pen Set,3,0.1,96.52,11.36,0.117695814,2025-07,2025
ORD-10224,07-08-2024,09-08-2024,First Class,CUST-1437,Corporate,India,Bengaluru,Karnataka,South,Technology,Accessories,Smartphone,1,0.15,123.49,14.58,0.11806624,2024-08,2024
ORD-11276,22-07-2023,23-07-2023,First Class,CUST-1371,Home Office,India,Delhi,Delhi,North,Office Supplies,Stationery,File Binder,2,0.15,53.53,5.6,0.104614235,2023-07,2023
ORD-12191,30-04-2024,03-05-2024,Second Class,CUST-1159,Consumer,India,Hyderabad,Telangana,South,Technology,Computers,Wireless Headset,2,0.2,1143.42,68.98,0.060327789,2024-04,2024
ORD-10191,03-01-2025,05-01-2025,Second Class,CUST-1008,Corporate,India,Hyderabad,Telangana,South,Technology,Phones,Smartphone,4,0.1,287.33,35.06,0.122019977,2025-01,2025
ORD-11854,22-10-2025,24-10-2025,Standard,CUST-1212,Corporate,India,Ahmedabad,Gujarat,West,Technology,Printers,Wireless Headset,1,0.05,100.45,18.34,0.182578397,2025-10,2025
ORD-11444,03-06-2023,04-06-2023,First Class,CUST-1451,Corporate,India,Delhi,Delhi,North,Technology,Printers,Smartphone,3,0.3,482.78,12.66,0.026223124,2023-06,2023
ORD-11300,12-10-2024,16-10-2024,Second Class,CUST-1094,Home Office,India,Mumbai,Maharashtra,West,Furniture,Storage,Standing Desk,2,0.3,161.58,-13.12,-0.081198168,2024-10,2024
ORD-10550,30-08-2025,03-09-2025,Second Class,CUST-1445,Corporate,India,Lucknow,Uttar Pradesh,North,Furniture,Office Furniture,Standing Desk,5,0,549.28,95.68,0.174191669,2025-08,2025
ORD-10041,08-02-2024,09-02-2024,Standard,CUST-1361,Consumer,India,Lucknow,Uttar Pradesh,North,Technology,Accessories,Smartphone,3,0.1,485.11,65.5,0.135020923,2024-02,2024
ORD-11453,01-10-2023,03-10-2023,First Class,CUST-1192,Consumer,India,Lucknow,Uttar Pradesh,North,Technology,Computers,Business Laptop,2,0.15,269.86,15.39,0.057029571,2023-10,2023
ORD-10724,22-01-2024,25-01-2024,Standard,CUST-1529,Consumer,India,Bengaluru,Karnataka,South,Furniture,Office Furniture,Bookshelf,3,0,455.78,39.21,0.086028347,2024-01,2024
ORD-10070,31-10-2025,02-11-2025,Standard,CUST-1049,Corporate,India,Bhopal,Madhya Pradesh,Central,Office Supplies,Stationery,File Binder,4,0.2,137.9,5,0.036258158,2025-10,2025
ORD-11030,06-05-2024,08-05-2024,Standard,CUST-1389,Corporate,India,Hyderabad,Telangana,South,Technology,Printers,Business Laptop,1,0,313.09,50.45,0.161135776,2024-05,2024
ORD-11888,23-12-2024,26-12-2024,Standard,CUST-1478,Consumer,India,Ahmedabad,Gujarat,West,Technology,Printers,Wireless Headset,1,0.15,371.64,43.96,0.118286514,2024-12,2024
ORD-11889,13-06-2023,16-06-2023,First Class,CUST-1278,Consumer,India,Kolkata,West Bengal,East,Furniture,Chairs,Executive Chair,3,0.2,632.26,-2.74,-0.00433366,2023-06,2023
ORD-11778,20-02-2023,21-02-2023,Same Day,CUST-1108,Consumer,India,Jaipur,Rajasthan,North,Technology,Phones,Tablet,1,0.05,104.66,16.9,0.161475253,2023-02,2023
ORD-10106,05-05-2024,07-05-2024,Standard,CUST-1452,Consumer,India,Ahmedabad,Gujarat,West,Technology,Phones,Mechanical Keyboard,2,0,1116.15,217.67,0.195018591,2024-05,2024
ORD-12252,01-03-2023,03-03-2023,Second Class,CUST-1363,Home Office,India,Mumbai,Maharashtra,West,Furniture,Office Furniture,Standing Desk,2,0.2,531.09,10.41,0.019601198,2023-03,2023
ORD-10016,30-04-2024,04-05-2024,Standard,CUST-1183,Corporate,India,Pune,Maharashtra,West,Furniture,Tables,Executive Chair,4,0,789.08,125.2,0.158665788,2024-04,2024
ORD-11454,07-07-2024,09-07-2024,Second Class,CUST-1087,Consumer,India,Hyderabad,Telangana,South,Technology,Accessories,Tablet,4,0.15,1827.62,131.94,0.07219225,2024-07,2024
ORD-11550,03-08-2024,05-08-2024,Standard,CUST-1540,Home Office,India,Kolkata,West Bengal,East,Technology,Accessories,Wireless Headset,3,0,297.17,57.07,0.192044957,2024-08,2024
ORD-11742,26-08-2023,28-08-2023,First Class,CUST-1328,Corporate,India,Delhi,Delhi,North,Furniture,Chairs,Office Chair,2,0.15,419.51,-16.04,-0.038235084,2023-08,2023
ORD-12285,30-11-2024,03-12-2024,First Class,CUST-1271,Consumer,India,Kolkata,West Bengal,East,Technology,Phones,Tablet,4,0.1,609.42,65.49,0.107462834,2024-11,2024
ORD-10836,14-07-2025,16-07-2025,Second Class,CUST-1092,Consumer,India,Bengaluru,Karnataka,South,Furniture,Chairs,Reception Desk,3,0.15,1444.55,87.1,0.060295594,2025-07,2025
ORD-11143,19-05-2024,22-05-2024,Standard,CUST-1438,Corporate,India,Bhopal,Madhya Pradesh,Central,Technology,Accessories,Tablet,3,0,3202.61,788.08,0.246074296,2024-05,2024
ORD-11689,13-11-2024,17-11-2024,First Class,CUST-1502,Consumer,India,Jaipur,Rajasthan,North,Technology,Printers,Business Laptop,2,0.1,1261,126.14,0.100031721,2024-11,2024
ORD-10425,01-04-2024,04-04-2024,Second Class,CUST-1343,Home Office,India,Bengaluru,Karnataka,South,Office Supplies,Paper,Printer Paper,1,0.2,60.69,-0.59,-0.009721536,2024-04,2024
ORD-10166,28-04-2025,01-05-2025,Standard,CUST-1166,Consumer,India,Bhopal,Madhya Pradesh,Central,Technology,Printers,Smartphone,1,0.1,151.83,19.33,0.127313443,2025-04,2025
ORD-11848,26-03-2023,29-03-2023,Standard,CUST-1474,Corporate,India,Jaipur,Rajasthan,North,Technology,Computers,Smartphone,2,0.15,597.53,69,0.115475374,2023-03,2023
ORD-10226,13-08-2023,16-08-2023,First Class,CUST-1484,Corporate,India,Mumbai,Maharashtra,West,Furniture,Storage,Bookshelf,3,0.2,423.79,8.15,0.019231223,2023-08,2023
ORD-10608,03-10-2025,06-10-2025,Standard,CUST-1144,Home Office,India,Kolkata,West Bengal,East,Office Supplies,Binders,Notebook,1,0.1,16.25,0.95,0.058461538,2025-10,2025
ORD-12206,27-02-2023,01-03-2023,Standard,CUST-1343,Home Office,India,Nagpur,Maharashtra,Central,Furniture,Storage,Filing Cabinet,3,0,170.92,34.59,0.20237538,2023-02,2023
ORD-12076,20-02-2025,22-02-2025,Second Class,CUST-1119,Home Office,India,Chennai,Tamil Nadu,South,Technology,Phones,Monitor,1,0.15,186.05,16.65,0.089492072,2025-02,2025
ORD-12160,20-08-2025,23-08-2025,Standard,CUST-1231,Consumer,India,Ahmedabad,Gujarat,West,Office Supplies,Writing,Ball Pen Set,2,0,72.25,13.08,0.181038062,2025-08,2025
ORD-10630,12-10-2024,15-10-2024,Second Class,CUST-1215,Consumer,India,Jaipur,Rajasthan,North,Furniture,Office Furniture,Executive Chair,1,0.05,204.36,26.48,0.129575259,2024-10,2024
ORD-12398,17-08-2023,18-08-2023,First Class,CUST-1590,Corporate,India,Ahmedabad,Gujarat,West,Technology,Accessories,Laser Printer,1,0.15,65.4,7.96,0.121712538,2023-08,2023
ORD-12402,04-11-2024,06-11-2024,Same Day,CUST-1396,Consumer,India,Chennai,Tamil Nadu,South,Technology,Printers,Laser Printer,4,0.1,5419.51,863.44,0.159320677,2024-11,2024
ORD-11063,22-01-2024,23-01-2024,Standard,CUST-1309,Consumer,India,Lucknow,Uttar Pradesh,North,Furniture,Storage,Reception Desk,3,0,1155.8,110.68,0.095760512,2024-01,2024
ORD-10869,13-11-2024,15-11-2024,Second Class,CUST-1424,Consumer,India,Jaipur,Rajasthan,North,Furniture,Chairs,Conference Table,4,0.1,1103.79,82.55,0.074787777,2024-11,2024
ORD-10108,21-09-2024,23-09-2024,Standard,CUST-1015,Consumer,India,Chennai,Tamil Nadu,South,Furniture,Storage,Office Chair,3,0.1,184.57,-0.16,-0.00086688,2024-09,2024
ORD-12450,28-03-2023,31-03-2023,Second Class,CUST-1275,Home Office,India,Kolkata,West Bengal,East,Technology,Phones,Smartphone,3,0.05,354.17,49.15,0.138775164,2023-03,2023
ORD-10419,01-01-2024,04-01-2024,Second Class,CUST-1137,Consumer,India,Hyderabad,Telangana,South,Furniture,Office Furniture,Office Chair,3,0.15,97.2,4.97,0.051131687,2024-01,2024
ORD-11951,24-01-2023,28-01-2023,Standard,CUST-1174,Corporate,India,Delhi,Delhi,North,Office Supplies,Paper,Notebook,3,0,183.6,35.21,0.191775599,2023-01,2023
ORD-10278,22-03-2024,24-03-2024,Second Class,CUST-1146,Corporate,India,Mumbai,Maharashtra,West,Furniture,Office Furniture,Bookshelf,2,0,286,19.86,0.069440559,2024-03,2024
ORD-11637,26-10-2023,27-10-2023,Second Class,CUST-1536,Corporate,India,Chennai,Tamil Nadu,South,Furniture,Tables,Conference Table,4,0.2,460.94,15.78,0.034234391,2023-10,2023
ORD-11874,03-12-2025,05-12-2025,Standard,CUST-1348,Corporate,India,Lucknow,Uttar Pradesh,North,Office Supplies,Binders,Desk Organizer,5,0,218.01,39.06,0.179166093,2025-12,2025
ORD-11033,07-01-2025,11-01-2025,Standard,CUST-1005,Consumer,India,Bengaluru,Karnataka,South,Technology,Accessories,Laser Printer,2,0.3,182.31,10.8,0.059239756,2025-01,2025
ORD-11994,04-10-2024,07-10-2024,Standard,CUST-1215,Consumer,India,Mumbai,Maharashtra,West,Technology,Printers,Tablet,4,0.1,409.06,48.65,0.118931208,2024-10,2024
ORD-10961,06-02-2023,11-02-2023,Same Day,CUST-1181,Consumer,India,Hyderabad,Telangana,South,Technology,Printers,Wireless Headset,1,0.15,496.36,66.2,0.13337094,2023-02,2023
ORD-11710,22-03-2025,24-03-2025,Standard,CUST-1290,Consumer,India,Mumbai,Maharashtra,West,Office Supplies,Writing,Desk Organizer,3,0.1,136.28,16.13,0.11835926,2025-03,2025
ORD-12443,24-09-2024,25-09-2024,First Class,CUST-1377,Consumer,India,Ahmedabad,Gujarat,West,Furniture,Chairs,Reception Desk,3,0,817.04,135.83,0.166246451,2024-09,2024
ORD-12060,29-04-2025,01-05-2025,Standard,CUST-1421,Corporate,India,Jaipur,Rajasthan,North,Office Supplies,Binders,File Binder,2,0.15,74.12,-0.23,-0.003103076,2025-04,2025
ORD-10552,15-12-2023,20-12-2023,Second Class,CUST-1157,Corporate,India,Chennai,Tamil Nadu,South,Technology,Printers,Monitor,4,0.1,1626.97,250.61,0.154034801,2023-12,2023
ORD-12448,19-02-2023,21-02-2023,Standard,CUST-1498,Consumer,India,Lucknow,Uttar Pradesh,North,Technology,Computers,Wireless Headset,5,0.05,528.31,79.81,0.151066609,2023-02,2023
ORD-11128,19-07-2024,21-07-2024,Standard,CUST-1003,Consumer,India,Bengaluru,Karnataka,South,Office Supplies,Binders,File Binder,5,0,587.11,97.06,0.165318254,2024-07,2024
ORD-10914,28-05-2023,31-05-2023,Standard,CUST-1494,Home Office,India,Delhi,Delhi,North,Furniture,Storage,Filing Cabinet,1,0.2,316.31,3.07,0.009705668,2023-05,2023
ORD-10360,08-03-2024,12-03-2024,Second Class,CUST-1371,Consumer,India,Pune,Maharashtra,West,Office Supplies,Paper,Envelope Pack,2,0.1,291.81,31.02,0.106302046,2024-03,2024
ORD-10115,01-02-2025,04-02-2025,First Class,CUST-1227,Consumer,India,Bengaluru,Karnataka,South,Office Supplies,Paper,Desk Organizer,1,0.2,115.17,3.79,0.032907875,2025-02,2025
ORD-10300,03-04-2024,05-04-2024,Second Class,CUST-1353,Corporate,India,Bhopal,Madhya Pradesh,Central,Office Supplies,Stationery,Printer Paper,3,0.15,150.08,11.96,0.079690832,2024-04,2024
ORD-12229,29-10-2024,02-11-2024,Second Class,CUST-1467,Consumer,India,Bengaluru,Karnataka,South,Office Supplies,Paper,Printer Paper,3,0.3,336.39,0.19,0.000564821,2024-10,2024
ORD-11056,25-01-2024,28-01-2024,First Class,CUST-1160,Consumer,India,Hyderabad,Telangana,South,Technology,Printers,Mechanical Keyboard,3,0.1,1928.35,272.21,0.141162133,2024-01,2024
ORD-10812,11-01-2023,13-01-2023,Standard,CUST-1068,Consumer,India,Jaipur,Rajasthan,North,Office Supplies,Paper,File Binder,3,0.15,245.52,18.03,0.073435973,2023-01,2023
ORD-11875,17-04-2023,22-04-2023,Standard,CUST-1555,Consumer,India,Nagpur,Maharashtra,Central,Technology,Accessories,USB-C Hub,2,0.1,74.45,9.64,0.129482874,2023-04,2023
ORD-12481,21-08-2024,23-08-2024,Second Class,CUST-1464,Corporate,India,Mumbai,Maharashtra,West,Furniture,Chairs,Reception Desk,1,0.05,399.03,43.68,0.109465454,2024-08,2024
ORD-11069,26-11-2023,30-11-2023,Standard,CUST-1212,Home Office,India,Bengaluru,Karnataka,South,Furniture,Office Furniture,Filing Cabinet,5,0.3,2132.17,-197.4,-0.092581736,2023-11,2023
ORD-10288,21-03-2024,24-03-2024,Standard,CUST-1389,Corporate,India,Lucknow,Uttar Pradesh,North,Office Supplies,Paper,Desk Organizer,3,0.15,238.44,12.17,0.051040094,2024-03,2024
ORD-11263,28-08-2025,30-08-2025,Standard,CUST-1554,Consumer,India,Kolkata,West Bengal,East,Technology,Phones,Laser Printer,5,0,2316.25,464.67,0.20061306,2025-08,2025
ORD-12470,19-02-2025,21-02-2025,Second Class,CUST-1341,Consumer,India,Chennai,Tamil Nadu,South,Technology,Phones,USB-C Hub,1,0.15,117.58,17.93,0.15249192,2025-02,2025
ORD-11167,01-09-2023,04-09-2023,Standard,CUST-1579,Corporate,India,Delhi,Delhi,North,Furniture,Chairs,Bookshelf,3,0.1,345.88,22.79,0.065889904,2023-09,2023
ORD-11037,24-02-2025,27-02-2025,Standard,CUST-1178,Consumer,India,Delhi,Delhi,North,Furniture,Chairs,Conference Table,1,0.05,188.46,11.99,0.063620928,2025-02,2025
ORD-11900,13-11-2024,15-11-2024,Standard,CUST-1096,Consumer,India,Bengaluru,Karnataka,South,Furniture,Office Furniture,Office Chair,5,0,988.54,159.88,0.161733466,2024-11,2024
ORD-11590,06-05-2024,10-05-2024,Standard,CUST-1101,Corporate,India,Lucknow,Uttar Pradesh,North,Technology,Accessories,Monitor,2,0,335.44,70.61,0.210499642,2024-05,2024
ORD-10203,11-11-2023,14-11-2023,Standard,CUST-1465,Consumer,India,Chennai,Tamil Nadu,South,Furniture,Storage,Office Chair,3,0.05,398.08,33.83,0.084982918,2023-11,2023
ORD-11927,09-02-2024,12-02-2024,Second Class,CUST-1089,Consumer,India,Nagpur,Maharashtra,Central,Technology,Phones,Tablet,2,0,373.19,84.16,0.225515153,2024-02,2024
ORD-10828,24-01-2025,27-01-2025,Second Class,CUST-1566,Consumer,India,Nagpur,Maharashtra,Central,Technology,Printers,USB-C Hub,1,0.05,500.56,65.79,0.131432795,2025-01,2025
ORD-11445,23-06-2024,26-06-2024,Second Class,CUST-1066,Consumer,India,Chennai,Tamil Nadu,South,Furniture,Office Furniture,Office Chair,4,0,498.24,99.14,0.198980411,2024-06,2024
ORD-11328,03-05-2025,05-05-2025,Standard,CUST-1418,Consumer,India,Lucknow,Uttar Pradesh,North,Office Supplies,Writing,File Binder,2,0.05,136.57,12.58,0.092113934,2025-05,2025
ORD-11189,28-07-2025,30-07-2025,First Class,CUST-1434,Consumer,India,Mumbai,Maharashtra,West,Office Supplies,Writing,Printer Paper,3,0.2,429.49,-3.36,-0.007823232,2025-07,2025
ORD-12414,17-02-2023,22-02-2023,Second Class,CUST-1501,Consumer,India,Nagpur,Maharashtra,Central,Office Supplies,Stationery,Printer Paper,2,0.15,69.84,8.35,0.119558992,2023-02,2023
ORD-10220,18-09-2023,19-09-2023,Standard,CUST-1256,Consumer,India,Nagpur,Maharashtra,Central,Technology,Printers,Laser Printer,5,0,4041.94,946.99,0.234290959,2023-09,2023
ORD-10500,30-09-2023,03-10-2023,First Class,CUST-1475,Home Office,India,Chennai,Tamil Nadu,South,Furniture,Tables,Executive Chair,2,0,590.57,49.07,0.083089219,2023-09,2023
ORD-12272,17-11-2023,19-11-2023,Standard,CUST-1129,Corporate,India,Lucknow,Uttar Pradesh,North,Furniture,Tables,Executive Chair,4,0.2,880.2,20.19,0.022937969,2023-11,2023
ORD-10586,12-01-2023,16-01-2023,Same Day,CUST-1144,Consumer,India,Lucknow,Uttar Pradesh,North,Technology,Accessories,Laser Printer,4,0,988.32,166.8,0.168771248,2023-01,2023
ORD-10263,24-02-2023,28-02-2023,Standard,CUST-1216,Consumer,India,Delhi,Delhi,North,Technology,Computers,USB-C Hub,1,0.1,214.14,27.23,0.127159802,2023-02,2023
ORD-10943,30-07-2025,01-08-2025,Standard,CUST-1051,Consumer,India,Lucknow,Uttar Pradesh,North,Office Supplies,Writing,File Binder,3,0.3,341.33,13.63,0.039932031,2025-07,2025
ORD-11289,05-04-2025,07-04-2025,Same Day,CUST-1297,Consumer,India,Bengaluru,Karnataka,South,Office Supplies,Stationery,Printer Paper,3,0.05,178.97,22.41,0.125216517,2025-04,2025
ORD-12256,04-03-2025,08-03-2025,Standard,CUST-1288,Consumer,India,Ahmedabad,Gujarat,West,Office Supplies,Binders,Ball Pen Set,3,0.15,281.7,11.99,0.04256301,2025-03,2025
ORD-10700,03-09-2024,05-09-2024,Standard,CUST-1211,Corporate,India,Jaipur,Rajasthan,North,Office Supplies,Paper,Envelope Pack,2,0.1,182.23,25.53,0.140097679,2024-09,2024
ORD-12109,29-06-2025,30-06-2025,Second Class,CUST-1028,Corporate,India,Hyderabad,Telangana,South,Technology,Computers,Smartphone,3,0.15,966.25,32.5,0.033635188,2025-06,2025
ORD-11101,03-03-2024,06-03-2024,Standard,CUST-1097,Consumer,India,Delhi,Delhi,North,Office Supplies,Stationery,Desk Organizer,3,0.3,294.63,-10.7,-0.036316736,2024-03,2024
ORD-11107,22-06-2024,25-06-2024,Standard,CUST-1416,Corporate,India,Ahmedabad,Gujarat,West,Office Supplies,Stationery,Sticky Notes,3,0.1,178.48,19.13,0.107182878,2024-06,2024
ORD-12008,27-10-2024,29-10-2024,Standard,CUST-1590,Home Office,India,Mumbai,Maharashtra,West,Technology,Computers,Tablet,3,0.15,453.8,56.6,0.124724548,2024-10,2024
ORD-12382,24-03-2024,25-03-2024,First Class,CUST-1046,Consumer,India,Pune,Maharashtra,West,Technology,Printers,Smartphone,3,0.2,245.44,6.86,0.027949804,2024-03,2024
ORD-10022,17-06-2024,21-06-2024,Standard,CUST-1338,Corporate,India,Mumbai,Maharashtra,West,Office Supplies,Writing,Notebook,5,0.05,115.39,15.59,0.135107028,2024-06,2024
ORD-10997,03-12-2025,07-12-2025,Standard,CUST-1525,Corporate,India,Bengaluru,Karnataka,South,Furniture,Chairs,Executive Chair,1,0,451.43,86.09,0.190705093,2025-12,2025
ORD-11879,28-11-2023,29-11-2023,Second Class,CUST-1311,Corporate,India,Lucknow,Uttar Pradesh,North,Office Supplies,Stationery,Envelope Pack,2,0.05,576.41,103.74,0.179976059,2023-11,2023
ORD-10315,24-12-2023,25-12-2023,Same Day,CUST-1496,Consumer,India,Bengaluru,Karnataka,South,Technology,Phones,Wireless Headset,3,0,652.31,130.7,0.200364857,2023-12,2023
ORD-12245,21-06-2023,23-06-2023,Second Class,CUST-1182,Consumer,India,Mumbai,Maharashtra,West,Technology,Printers,USB-C Hub,5,0.05,2470.05,394.82,0.159842918,2023-06,2023
ORD-10364,14-02-2024,16-02-2024,Second Class,CUST-1258,Consumer,India,Jaipur,Rajasthan,North,Technology,Accessories,Monitor,4,0.2,196.35,13.67,0.069620576,2024-02,2024
ORD-10375,09-01-2023,10-01-2023,Standard,CUST-1580,Consumer,India,Ahmedabad,Gujarat,West,Technology,Accessories,Smartphone,3,0.3,2616.97,-158.88,-0.060711433,2023-01,2023
ORD-11381,09-11-2024,12-11-2024,Standard,CUST-1273,Corporate,India,Mumbai,Maharashtra,West,Furniture,Chairs,Standing Desk,4,0.05,529.28,51.66,0.097604293,2024-11,2024
ORD-11132,19-08-2023,21-08-2023,First Class,CUST-1048,Consumer,India,Chennai,Tamil Nadu,South,Technology,Accessories,USB-C Hub,3,0.1,1665.04,167.2,0.100418008,2023-08,2023
ORD-10618,24-04-2024,27-04-2024,Standard,CUST-1231,Corporate,India,Lucknow,Uttar Pradesh,North,Furniture,Office Furniture,Conference Table,3,0.3,706.8,-59.05,-0.083545557,2024-04,2024
ORD-11951,13-04-2024,16-04-2024,Standard,CUST-1583,Consumer,India,Bengaluru,Karnataka,South,Technology,Phones,Laser Printer,5,0.3,1521.02,-22.64,-0.014884748,2024-04,2024
ORD-12365,27-11-2023,01-12-2023,Standard,CUST-1111,Consumer,India,Delhi,Delhi,North,Furniture,Office Furniture,Bookshelf,2,0.15,607.15,29.46,0.048521782,2023-11,2023
ORD-12224,01-11-2024,03-11-2024,Standard,CUST-1575,Corporate,India,Chennai,Tamil Nadu,South,Furniture,Storage,Conference Table,2,0.05,300.83,37.44,0.124455673,2024-11,2024
ORD-10926,03-04-2023,05-04-2023,First Class,CUST-1184,Consumer,India,Nagpur,Maharashtra,Central,Furniture,Tables,Executive Chair,5,0.15,1629.04,60.45,0.037107744,2023-04,2023
ORD-12305,20-08-2023,22-08-2023,Standard,CUST-1510,Consumer,India,Delhi,Delhi,North,Technology,Computers,Smartphone,2,0.3,395.66,-1.05,-0.002653794,2023-08,2023
ORD-10401,17-08-2023,19-08-2023,Standard,CUST-1019,Home Office,India,Chennai,Tamil Nadu,South,Technology,Accessories,Laser Printer,5,0,2921.63,691.34,0.236628184,2023-08,2023
ORD-10023,12-12-2024,15-12-2024,Standard,CUST-1013,Corporate,India,Mumbai,Maharashtra,West,Furniture,Chairs,Executive Chair,1,0.1,509.17,51.63,0.101400318,2024-12,2024
ORD-10943,16-03-2025,19-03-2025,Standard,CUST-1130,Corporate,India,Mumbai,Maharashtra,West,Furniture,Storage,Reception Desk,1,0.05,304.92,19.33,0.063393677,2025-03,2025
ORD-11200,07-08-2023,09-08-2023,Standard,CUST-1027,Consumer,India,Delhi,Delhi,North,Technology,Accessories,Smartphone,4,0,894.18,151.4,0.16931714,2023-08,2023
ORD-10443,28-03-2023,31-03-2023,First Class,CUST-1579,Consumer,India,Lucknow,Uttar Pradesh,North,Technology,Computers,Laser Printer,2,0.1,301.15,49.05,0.162875643,2023-03,2023
ORD-10311,30-03-2023,01-04-2023,First Class,CUST-1158,Consumer,India,Nagpur,Maharashtra,Central,Office Supplies,Writing,Sticky Notes,4,0,422.92,48.36,0.114347867,2023-03,2023
ORD-10841,09-03-2025,10-03-2025,Same Day,CUST-1357,Consumer,India,Delhi,Delhi,North,Furniture,Chairs,Executive Chair,1,0,485.34,44.26,0.091193802,2025-03,2025
ORD-10054,13-06-2025,15-06-2025,Standard,CUST-1119,Consumer,India,Pune,Maharashtra,West,Furniture,Chairs,Executive Chair,4,0.2,2606.18,-65.19,-0.025013621,2025-06,2025
ORD-10343,29-12-2025,01-01-2026,Same Day,CUST-1263,Consumer,India,Jaipur,Rajasthan,North,Office Supplies,Stationery,Desk Organizer,2,0.2,190.71,17.12,0.089769808,2025-12,2025
ORD-11942,06-04-2025,11-04-2025,Standard,CUST-1147,Consumer,India,Chennai,Tamil Nadu,South,Technology,Computers,Wireless Headset,5,0.15,301.52,40.77,0.135214911,2025-04,2025
ORD-10917,09-12-2025,11-12-2025,Standard,CUST-1072,Consumer,India,Pune,Maharashtra,West,Furniture,Storage,Standing Desk,4,0.15,572.63,20.91,0.036515726,2025-12,2025
ORD-11936,03-08-2024,07-08-2024,Standard,CUST-1083,Consumer,India,Chennai,Tamil Nadu,South,Technology,Computers,Business Laptop,1,0.1,122.92,20.31,0.165229418,2024-08,2024
ORD-11559,25-12-2023,27-12-2023,Standard,CUST-1474,Consumer,India,Nagpur,Maharashtra,Central,Technology,Computers,Mechanical Keyboard,2,0,286.71,55.89,0.194935649,2023-12,2023
ORD-11801,21-09-2023,23-09-2023,Standard,CUST-1198,Home Office,India,Bhopal,Madhya Pradesh,Central,Technology,Phones,Tablet,4,0,620.34,99.53,0.160444272,2023-09,2023
ORD-11665,31-10-2024,02-11-2024,First Class,CUST-1106,Corporate,India,Kolkata,West Bengal,East,Technology,Printers,Tablet,4,0.1,618.72,57.8,0.093418671,2024-10,2024
ORD-10060,01-08-2023,02-08-2023,Second Class,CUST-1208,Consumer,India,Lucknow,Uttar Pradesh,North,Technology,Computers,Smartphone,1,0.05,162.43,26.88,0.165486671,2023-08,2023
ORD-12222,21-04-2023,25-04-2023,First Class,CUST-1466,Corporate,India,Pune,Maharashtra,West,Office Supplies,Paper,Printer Paper,2,0.05,140.78,17.26,0.122602642,2023-04,2023
ORD-10779,15-05-2025,17-05-2025,Standard,CUST-1040,Consumer,India,Chennai,Tamil Nadu,South,Technology,Computers,Tablet,3,0.2,395.15,25.62,0.064836138,2025-05,2025
ORD-11166,08-12-2024,10-12-2024,Second Class,CUST-1188,Home Office,India,Hyderabad,Telangana,South,Technology,Printers,Smartphone,5,0.3,1922.41,-24.82,-0.012910877,2024-12,2024
ORD-10509,07-08-2024,09-08-2024,Same Day,CUST-1149,Corporate,India,Chennai,Tamil Nadu,South,Furniture,Storage,Office Chair,5,0.05,943.38,120.5,0.127732197,2024-08,2024
ORD-11836,26-01-2025,31-01-2025,Standard,CUST-1062,Corporate,India,Delhi,Delhi,North,Furniture,Storage,Reception Desk,1,0.15,111.96,5.02,0.044837442,2025-01,2025
ORD-10061,19-06-2023,22-06-2023,Second Class,CUST-1269,Consumer,India,Delhi,Delhi,North,Office Supplies,Stationery,Desk Organizer,1,0,43.22,8.81,0.203840814,2023-06,2023
ORD-12228,12-05-2024,15-05-2024,First Class,CUST-1003,Corporate,India,Nagpur,Maharashtra,Central,Technology,Phones,Monitor,4,0,831.37,125.67,0.151160133,2024-05,2024
ORD-10464,30-04-2024,02-05-2024,Standard,CUST-1554,Corporate,India,Kolkata,West Bengal,East,Technology,Printers,USB-C Hub,3,0.3,903.8,50.22,0.055565391,2024-04,2024
ORD-12393,09-04-2023,11-04-2023,Standard,CUST-1036,Home Office,India,Bhopal,Madhya Pradesh,Central,Office Supplies,Paper,Sticky Notes,4,0.15,260.08,21.64,0.083205168,2023-04,2023
ORD-10123,19-06-2024,22-06-2024,Standard,CUST-1383,Consumer,India,Ahmedabad,Gujarat,West,Technology,Computers,Business Laptop,1,0.15,301.75,38.69,0.128218724,2024-06,2024
ORD-10286,19-12-2025,21-12-2025,Standard,CUST-1504,Consumer,India,Bhopal,Madhya Pradesh,Central,Technology,Printers,Smartphone,4,0.05,775.94,178.16,0.229605382,2025-12,2025
ORD-10650,26-07-2023,31-07-2023,Same Day,CUST-1516,Consumer,India,Chennai,Tamil Nadu,South,Office Supplies,Binders,Printer Paper,2,0.3,57.49,-1.05,-0.018264046,2023-07,2023
ORD-10907,04-06-2025,06-06-2025,Standard,CUST-1532,Corporate,India,Delhi,Delhi,North,Furniture,Tables,Bookshelf,4,0.05,512.3,34.54,0.067421433,2025-06,2025
ORD-10411,16-08-2023,18-08-2023,Standard,CUST-1270,Consumer,India,Nagpur,Maharashtra,Central,Furniture,Office Furniture,Executive Chair,4,0.1,1171.85,60.36,0.051508299,2023-08,2023
ORD-11906,26-11-2025,28-11-2025,Standard,CUST-1559,Corporate,India,Jaipur,Rajasthan,North,Office Supplies,Stationery,Ball Pen Set,2,0.05,147.87,28.41,0.192128221,2025-11,2025
ORD-11886,04-10-2023,08-10-2023,Second Class,CUST-1077,Consumer,India,Nagpur,Maharashtra,Central,Technology,Phones,Business Laptop,2,0.2,379.75,29.44,0.077524687,2023-10,2023
ORD-10122,19-10-2024,21-10-2024,Standard,CUST-1326,Corporate,India,Lucknow,Uttar Pradesh,North,Office Supplies,Writing,Sticky Notes,5,0.1,306.43,33.83,0.110400418,2024-10,2024
ORD-12140,27-06-2023,30-06-2023,Standard,CUST-1027,Home Office,India,Chennai,Tamil Nadu,South,Furniture,Office Furniture,Reception Desk,2,0.1,565.19,60.49,0.107025956,2023-06,2023
ORD-11125,21-11-2024,24-11-2024,Standard,CUST-1503,Corporate,India,Bengaluru,Karnataka,South,Furniture,Tables,Bookshelf,1,0,135.43,18.19,0.134312929,2024-11,2024
ORD-11673,28-08-2024,29-08-2024,Standard,CUST-1091,Consumer,India,Bhopal,Madhya Pradesh,Central,Furniture,Chairs,Bookshelf,2,0.15,248.01,15.28,0.061610419,2024-08,2024
ORD-10704,12-06-2024,16-06-2024,Second Class,CUST-1411,Corporate,India,Lucknow,Uttar Pradesh,North,Technology,Phones,Tablet,4,0.15,2947.25,272.79,0.092557469,2024-06,2024
ORD-11804,12-07-2025,16-07-2025,Standard,CUST-1565,Consumer,India,Delhi,Delhi,North,Office Supplies,Writing,Envelope Pack,2,0,143.96,32.15,0.223325924,2025-07,2025
ORD-10265,31-10-2024,02-11-2024,Second Class,CUST-1310,Consumer,India,Kolkata,West Bengal,East,Technology,Printers,Mechanical Keyboard,3,0.15,198.97,14.27,0.071719355,2024-10,2024
ORD-11658,19-06-2023,22-06-2023,Second Class,CUST-1576,Consumer,India,Hyderabad,Telangana,South,Technology,Printers,USB-C Hub,2,0,1026.66,219.28,0.213585803,2023-06,2023
ORD-12146,26-08-2023,30-08-2023,Standard,CUST-1000,Home Office,India,Nagpur,Maharashtra,Central,Office Supplies,Binders,File Binder,5,0.15,132.49,16.06,0.121216696,2023-08,2023
ORD-10089,21-08-2024,24-08-2024,Standard,CUST-1141,Consumer,India,Nagpur,Maharashtra,Central,Technology,Accessories,Wireless Headset,1,0.1,115.66,20.76,0.179491613,2024-08,2024
ORD-12154,06-10-2025,10-10-2025,Standard,CUST-1594,Consumer,India,Hyderabad,Telangana,South,Office Supplies,Writing,Notebook,4,0.15,101.54,12.06,0.118770928,2025-10,2025
ORD-11595,11-11-2023,14-11-2023,Standard,CUST-1256,Consumer,India,Delhi,Delhi,North,Furniture,Tables,Conference Table,2,0.3,351.05,-8.66,-0.024668851,2023-11,2023
ORD-12315,15-02-2023,19-02-2023,Standard,CUST-1332,Consumer,India,Delhi,Delhi,North,Technology,Printers,Business Laptop,2,0.05,304.69,43.61,0.143129082,2023-02,2023
ORD-10533,25-01-2025,30-01-2025,Standard,CUST-1382,Corporate,India,Nagpur,Maharashtra,Central,Office Supplies,Writing,Desk Organizer,2,0.2,192.25,19.2,0.099869961,2025-01,2025
ORD-12266,28-09-2024,30-09-2024,First Class,CUST-1169,Corporate,India,Mumbai,Maharashtra,West,Technology,Accessories,Wireless Headset,1,0.1,166.16,16.62,0.100024073,2024-09,2024
ORD-11051,03-02-2023,05-02-2023,Standard,CUST-1274,Consumer,India,Nagpur,Maharashtra,Central,Technology,Computers,Business Laptop,2,0.05,367.25,57.23,0.155833901,2023-02,2023
ORD-11566,06-10-2024,10-10-2024,Standard,CUST-1509,Home Office,India,Lucknow,Uttar Pradesh,North,Technology,Printers,Smartphone,4,0,936.56,185.06,0.197595456,2024-10,2024
ORD-10507,19-11-2025,22-11-2025,First Class,CUST-1147,Corporate,India,Kolkata,West Bengal,East,Technology,Printers,Tablet,3,0.1,2608.43,585.77,0.224568035,2025-11,2025
ORD-10898,13-06-2024,14-06-2024,Second Class,CUST-1038,Consumer,India,Lucknow,Uttar Pradesh,North,Furniture,Chairs,Reception Desk,1,0,127.46,24.08,0.188922015,2024-06,2024
ORD-11538,18-04-2023,21-04-2023,Standard,CUST-1575,Consumer,India,Mumbai,Maharashtra,West,Technology,Printers,Tablet,2,0.05,953.75,110.97,0.116351245,2023-04,2023
ORD-11063,27-09-2023,29-09-2023,Second Class,CUST-1460,Consumer,India,Delhi,Delhi,North,Furniture,Tables,Reception Desk,4,0.2,765.65,-17.45,-0.022791093,2023-09,2023
ORD-12461,10-03-2025,12-03-2025,Second Class,CUST-1181,Consumer,India,Lucknow,Uttar Pradesh,North,Furniture,Tables,Conference Table,1,0,498.56,95.08,0.190709243,2025-03,2025
ORD-10368,05-05-2024,06-05-2024,Same Day,CUST-1098,Consumer,India,Chennai,Tamil Nadu,South,Technology,Phones,Monitor,1,0.15,150.82,5.73,0.037992309,2024-05,2024
ORD-10287,16-08-2025,19-08-2025,First Class,CUST-1593,Home Office,India,Lucknow,Uttar Pradesh,North,Office Supplies,Paper,File Binder,1,0.3,32.42,-0.15,-0.004626774,2025-08,2025
ORD-12053,14-05-2023,17-05-2023,Same Day,CUST-1271,Corporate,India,Bengaluru,Karnataka,South,Furniture,Chairs,Office Chair,5,0.3,1711.68,-82.63,-0.04827421,2023-05,2023
ORD-10022,02-06-2024,04-06-2024,Same Day,CUST-1235,Home Office,India,Bhopal,Madhya Pradesh,Central,Furniture,Office Furniture,Bookshelf,1,0.1,266.86,22,0.082440231,2024-06,2024
ORD-11340,05-09-2024,10-09-2024,Standard,CUST-1140,Home Office,India,Lucknow,Uttar Pradesh,North,Technology,Printers,Mechanical Keyboard,1,0.05,295.16,29.08,0.098522835,2024-09,2024
ORD-11298,16-07-2024,18-07-2024,Second Class,CUST-1510,Home Office,India,Pune,Maharashtra,West,Office Supplies,Paper,Printer Paper,4,0.2,133.48,-0.27,-0.002022775,2024-07,2024
ORD-11809,08-04-2023,11-04-2023,First Class,CUST-1299,Corporate,India,Ahmedabad,Gujarat,West,Technology,Computers,Laser Printer,1,0.15,751.09,110.8,0.147518939,2023-04,2023
ORD-10817,07-12-2025,10-12-2025,Standard,CUST-1450,Corporate,India,Delhi,Delhi,North,Furniture,Chairs,Office Chair,3,0.15,710.64,15.42,0.02169875,2025-12,2025
ORD-10100,05-09-2023,07-09-2023,Second Class,CUST-1545,Consumer,India,Chennai,Tamil Nadu,South,Furniture,Tables,Standing Desk,3,0.15,921.62,95,0.10307936,2023-09,2023
ORD-10771,04-02-2025,06-02-2025,Standard,CUST-1294,Consumer,India,Nagpur,Maharashtra,Central,Office Supplies,Stationery,Sticky Notes,2,0.3,145.19,1.5,0.01033129,2025-02,2025
ORD-10437,30-06-2025,02-07-2025,First Class,CUST-1395,Home Office,India,Pune,Maharashtra,West,Technology,Phones,Business Laptop,2,0.2,619.62,16.28,0.026274168,2025-06,2025
ORD-12392,07-04-2025,10-04-2025,Standard,CUST-1183,Corporate,India,Bengaluru,Karnataka,South,Office Supplies,Paper,Printer Paper,3,0.1,103.59,12.85,0.124046723,2025-04,2025
ORD-12161,30-03-2025,04-04-2025,First Class,CUST-1544,Corporate,India,Chennai,Tamil Nadu,South,Technology,Accessories,Business Laptop,4,0.05,1704.76,337.81,0.198156925,2025-03,2025
ORD-12315,27-09-2025,30-09-2025,Standard,CUST-1516,Corporate,India,Chennai,Tamil Nadu,South,Technology,Accessories,Smartphone,3,0.05,2597.54,386.65,0.148852376,2025-09,2025
ORD-11824,09-04-2024,10-04-2024,Same Day,CUST-1038,Consumer,India,Delhi,Delhi,North,Technology,Computers,Mechanical Keyboard,1,0,162.11,34.41,0.212263278,2024-04,2024
ORD-10493,16-10-2025,17-10-2025,First Class,CUST-1569,Corporate,India,Bhopal,Madhya Pradesh,Central,Office Supplies,Writing,File Binder,5,0,599.14,123.2,0.205628067,2025-10,2025
ORD-10548,10-07-2023,13-07-2023,Standard,CUST-1553,Consumer,India,Pune,Maharashtra,West,Furniture,Office Furniture,Office Chair,1,0.3,87.64,-5.01,-0.057165678,2023-07,2023
ORD-11891,08-02-2023,10-02-2023,Same Day,CUST-1146,Consumer,India,Nagpur,Maharashtra,Central,Office Supplies,Stationery,Printer Paper,1,0.1,57.81,7.73,0.13371389,2023-02,2023
ORD-11659,20-10-2024,22-10-2024,Standard,CUST-1321,Home Office,India,Bhopal,Madhya Pradesh,Central,Office Supplies,Binders,Ball Pen Set,1,0.05,129.44,17.3,0.133652658,2024-10,2024
ORD-11347,27-06-2025,01-07-2025,Standard,CUST-1123,Corporate,India,Bhopal,Madhya Pradesh,Central,Technology,Printers,Business Laptop,4,0.3,2533.16,88.64,0.034991868,2025-06,2025
ORD-10393,05-10-2024,07-10-2024,Same Day,CUST-1520,Consumer,India,Nagpur,Maharashtra,Central,Office Supplies,Paper,Ball Pen Set,2,0.1,121.95,16.74,0.137269373,2024-10,2024
ORD-10318,29-05-2025,01-06-2025,Second Class,CUST-1444,Home Office,India,Chennai,Tamil Nadu,South,Furniture,Office Furniture,Conference Table,1,0,744.05,120.86,0.16243532,2025-05,2025
ORD-10153,20-10-2023,22-10-2023,Second Class,CUST-1073,Corporate,India,Ahmedabad,Gujarat,West,Technology,Phones,Smartphone,5,0.1,1705.42,209.56,0.122878822,2023-10,2023
ORD-11866,20-04-2023,24-04-2023,Standard,CUST-1173,Corporate,India,Mumbai,Maharashtra,West,Office Supplies,Writing,Envelope Pack,2,0,29.31,3.63,0.123848516,2023-04,2023
ORD-10725,30-06-2025,02-07-2025,First Class,CUST-1101,Consumer,India,Hyderabad,Telangana,South,Technology,Accessories,USB-C Hub,2,0.3,425.48,-5.16,-0.01212748,2025-06,2025
ORD-11005,02-10-2025,05-10-2025,Standard,CUST-1171,Corporate,India,Bengaluru,Karnataka,South,Technology,Printers,USB-C Hub,2,0.15,713.49,110.11,0.154325919,2025-10,2025
ORD-12026,07-04-2023,10-04-2023,Standard,CUST-1416,Corporate,India,Bengaluru,Karnataka,South,Technology,Printers,Business Laptop,2,0.1,843.82,93.85,0.111220402,2023-04,2023
ORD-10967,14-06-2025,16-06-2025,Second Class,CUST-1569,Corporate,India,Nagpur,Maharashtra,Central,Technology,Printers,USB-C Hub,1,0,208.07,38.67,0.185850916,2025-06,2025
ORD-10655,29-05-2023,01-06-2023,Second Class,CUST-1366,Consumer,India,Pune,Maharashtra,West,Technology,Accessories,Mechanical Keyboard,4,0.05,453.68,83.1,0.183168753,2023-05,2023
ORD-11271,17-10-2024,19-10-2024,Standard,CUST-1332,Corporate,India,Chennai,Tamil Nadu,South,Office Supplies,Stationery,Desk Organizer,2,0,677.95,89.36,0.13180913,2024-10,2024
ORD-11902,14-03-2023,17-03-2023,Second Class,CUST-1111,Consumer,India,Hyderabad,Telangana,South,Technology,Computers,Laser Printer,2,0.1,593.89,106.32,0.179023051,2023-03,2023
ORD-12330,02-10-2024,05-10-2024,First Class,CUST-1342,Corporate,India,Pune,Maharashtra,West,Technology,Printers,Monitor,2,0.05,217.11,47.32,0.217954033,2024-10,2024
ORD-11149,30-12-2023,01-01-2024,Second Class,CUST-1121,Home Office,India,Nagpur,Maharashtra,Central,Technology,Computers,Smartphone,2,0,148.66,32.81,0.220704964,2023-12,2023
ORD-10888,17-08-2024,18-08-2024,Standard,CUST-1160,Consumer,India,Mumbai,Maharashtra,West,Technology,Computers,Laser Printer,4,0.2,975.1,114.95,0.117885345,2024-08,2024
ORD-10327,13-12-2025,17-12-2025,Second Class,CUST-1034,Corporate,India,Mumbai,Maharashtra,West,Technology,Printers,USB-C Hub,1,0.2,382.72,44.85,0.1171875,2025-12,2025
ORD-10564,03-03-2024,05-03-2024,Same Day,CUST-1595,Consumer,India,Kolkata,West Bengal,East,Technology,Phones,Monitor,4,0,436.15,87.05,0.199587298,2024-03,2024
ORD-11683,10-05-2024,13-05-2024,Standard,CUST-1137,Consumer,India,Ahmedabad,Gujarat,West,Furniture,Chairs,Office Chair,4,0.1,122.27,5.92,0.048417437,2024-05,2024
ORD-12049,20-08-2025,25-08-2025,Standard,CUST-1336,Consumer,India,Nagpur,Maharashtra,Central,Technology,Printers,Wireless Headset,3,0,757.4,106.85,0.141074729,2025-08,2025
ORD-11241,27-02-2024,28-02-2024,Standard,CUST-1264,Home Office,India,Kolkata,West Bengal,East,Technology,Computers,Monitor,2,0.3,621.18,39.35,0.063347178,2024-02,2024
ORD-11206,10-08-2025,11-08-2025,Same Day,CUST-1511,Corporate,India,Delhi,Delhi,North,Furniture,Chairs,Filing Cabinet,2,0.2,615.91,11.67,0.018947574,2025-08,2025
ORD-12163,05-07-2024,09-07-2024,Standard,CUST-1089,Consumer,India,Kolkata,West Bengal,East,Furniture,Chairs,Office Chair,5,0.1,913.19,71.61,0.078417416,2024-07,2024
ORD-11695,05-11-2024,09-11-2024,Same Day,CUST-1434,Corporate,India,Ahmedabad,Gujarat,West,Furniture,Storage,Standing Desk,3,0,944.5,117.39,0.124287983,2024-11,2024
ORD-11722,14-08-2024,17-08-2024,Standard,CUST-1502,Home Office,India,Kolkata,West Bengal,East,Technology,Phones,Laser Printer,4,0.1,993.24,89.55,0.090159478,2024-08,2024
ORD-12435,08-06-2023,11-06-2023,Standard,CUST-1090,Corporate,India,Chennai,Tamil Nadu,South,Technology,Printers,Mechanical Keyboard,2,0.2,196.98,11.08,0.056249365,2023-06,2023
ORD-10759,16-10-2025,19-10-2025,Standard,CUST-1565,Corporate,India,Jaipur,Rajasthan,North,Furniture,Office Furniture,Reception Desk,4,0.2,588.16,-7.48,-0.012717628,2025-10,2025
ORD-11976,18-08-2023,20-08-2023,First Class,CUST-1262,Consumer,India,Kolkata,West Bengal,East,Furniture,Chairs,Bookshelf,4,0.3,1164.5,-78.01,-0.066990125,2023-08,2023
ORD-10389,02-12-2023,04-12-2023,Standard,CUST-1484,Corporate,India,Pune,Maharashtra,West,Furniture,Chairs,Office Chair,2,0,420.73,57.74,0.137237658,2023-12,2023
ORD-11442,22-06-2023,27-06-2023,Second Class,CUST-1497,Consumer,India,Ahmedabad,Gujarat,West,Technology,Accessories,Tablet,2,0.3,597.46,18.74,0.031366117,2023-06,2023
ORD-10183,14-08-2024,16-08-2024,Standard,CUST-1336,Corporate,India,Lucknow,Uttar Pradesh,North,Technology,Accessories,Smartphone,1,0.1,184.24,28.22,0.153169779,2024-08,2024
ORD-11964,13-10-2025,16-10-2025,First Class,CUST-1340,Consumer,India,Bhopal,Madhya Pradesh,Central,Technology,Accessories,Laser Printer,2,0.1,530.77,109.21,0.205757673,2025-10,2025
ORD-12004,04-12-2025,07-12-2025,Standard,CUST-1269,Home Office,India,Bhopal,Madhya Pradesh,Central,Furniture,Chairs,Reception Desk,4,0.1,899.98,85.59,0.095102113,2025-12,2025
ORD-12291,03-02-2025,04-02-2025,Standard,CUST-1490,Consumer,India,Bengaluru,Karnataka,South,Office Supplies,Binders,Sticky Notes,2,0.1,152.02,21.65,0.142415472,2025-02,2025
ORD-10631,24-10-2025,27-10-2025,Standard,CUST-1459,Consumer,India,Delhi,Delhi,North,Furniture,Tables,Filing Cabinet,2,0.1,261.98,10.09,0.03851439,2025-10,2025
ORD-10083,26-01-2025,28-01-2025,Second Class,CUST-1184,Corporate,India,Ahmedabad,Gujarat,West,Technology,Computers,Tablet,1,0,244.44,31.46,0.12870234,2025-01,2025
ORD-11004,28-07-2025,30-07-2025,Standard,CUST-1026,Consumer,India,Pune,Maharashtra,West,Technology,Printers,Smartphone,2,0.15,487.57,42.16,0.086469635,2025-07,2025
ORD-11917,29-08-2025,01-09-2025,Second Class,CUST-1147,Home Office,India,Mumbai,Maharashtra,West,Office Supplies,Binders,Printer Paper,2,0.1,260.42,22.25,0.085438906,2025-08,2025
ORD-11248,26-09-2023,29-09-2023,Standard,CUST-1175,Consumer,India,Hyderabad,Telangana,South,Office Supplies,Binders,Envelope Pack,1,0.2,354.79,25.63,0.072239917,2023-09,2023
ORD-11080,14-05-2025,17-05-2025,Same Day,CUST-1358,Corporate,India,Mumbai,Maharashtra,West,Technology,Phones,Monitor,2,0.2,577.12,56.06,0.09713751,2025-05,2025
ORD-12217,30-07-2025,31-07-2025,Second Class,CUST-1311,Consumer,India,Chennai,Tamil Nadu,South,Technology,Accessories,Smartphone,3,0.15,521.14,63.5,0.121848256,2025-07,2025
ORD-11028,16-02-2023,18-02-2023,Standard,CUST-1575,Corporate,India,Hyderabad,Telangana,South,Office Supplies,Binders,Sticky Notes,3,0.05,160.13,19.45,0.121463811,2023-02,2023
ORD-10527,26-10-2025,27-10-2025,Same Day,CUST-1108,Consumer,India,Pune,Maharashtra,West,Technology,Printers,Wireless Headset,1,0,317.78,63.26,0.199068538,2025-10,2025
ORD-12063,15-12-2024,18-12-2024,Standard,CUST-1396,Corporate,India,Pune,Maharashtra,West,Technology,Computers,Mechanical Keyboard,1,0.05,137.95,20.55,0.148967017,2024-12,2024
ORD-11191,17-08-2023,20-08-2023,Standard,CUST-1518,Consumer,India,Chennai,Tamil Nadu,South,Technology,Printers,USB-C Hub,3,0.05,1285.58,263.73,0.20514476,2023-08,2023
ORD-12432,06-03-2023,07-03-2023,Standard,CUST-1159,Consumer,India,Delhi,Delhi,North,Office Supplies,Paper,Notebook,2,0.2,83.61,3.62,0.043296256,2023-03,2023
ORD-10851,27-10-2025,29-10-2025,Standard,CUST-1033,Corporate,India,Kolkata,West Bengal,East,Furniture,Storage,Executive Chair,2,0.3,494.19,10.36,0.020963597,2025-10,2025
ORD-11987,28-08-2025,30-08-2025,Same Day,CUST-1210,Consumer,India,Delhi,Delhi,North,Furniture,Tables,Bookshelf,1,0.3,81.39,0.3,0.003685957,2025-08,2025
ORD-10257,21-02-2025,22-02-2025,Second Class,CUST-1341,Consumer,India,Nagpur,Maharashtra,Central,Technology,Printers,Mechanical Keyboard,5,0.15,1001.4,109.37,0.109217096,2025-02,2025
ORD-10150,19-12-2025,20-12-2025,Standard,CUST-1572,Corporate,India,Pune,Maharashtra,West,Office Supplies,Stationery,Desk Organizer,1,0.1,94.3,10.4,0.11028632,2025-12,2025
ORD-10979,08-04-2025,10-04-2025,Standard,CUST-1039,Corporate,India,Jaipur,Rajasthan,North,Technology,Accessories,Laser Printer,2,0.1,321.23,29.68,0.092394857,2025-04,2025
ORD-10480,05-06-2025,08-06-2025,Standard,CUST-1577,Consumer,India,Pune,Maharashtra,West,Office Supplies,Paper,Envelope Pack,3,0.15,131.7,9.24,0.070159453,2025-06,2025
ORD-11881,30-09-2025,03-10-2025,First Class,CUST-1485,Home Office,India,Chennai,Tamil Nadu,South,Furniture,Chairs,Filing Cabinet,2,0.2,199.74,2.5,0.012516271,2025-09,2025
ORD-10984,13-06-2024,17-06-2024,Standard,CUST-1416,Consumer,India,Lucknow,Uttar Pradesh,North,Furniture,Chairs,Standing Desk,2,0.05,104.91,11.34,0.108092651,2024-06,2024
ORD-10636,13-11-2025,16-11-2025,Standard,CUST-1567,Consumer,India,Lucknow,Uttar Pradesh,North,Furniture,Storage,Reception Desk,1,0,178.81,19.63,0.109781332,2025-11,2025
ORD-11237,23-05-2025,24-05-2025,Standard,CUST-1418,Home Office,India,Ahmedabad,Gujarat,West,Office Supplies,Paper,Ball Pen Set,5,0,360.96,61.88,0.171431738,2025-05,2025
ORD-11611,25-12-2023,27-12-2023,Standard,CUST-1043,Home Office,India,Nagpur,Maharashtra,Central,Technology,Accessories,Wireless Headset,3,0.1,160.71,25.43,0.158235331,2023-12,2023
ORD-11028,02-09-2025,05-09-2025,Standard,CUST-1324,Corporate,India,Mumbai,Maharashtra,West,Furniture,Office Furniture,Office Chair,2,0.1,341.65,24.54,0.071827894,2025-09,2025
ORD-11324,12-03-2023,13-03-2023,Second Class,CUST-1148,Corporate,India,Kolkata,West Bengal,East,Office Supplies,Stationery,Notebook,1,0.15,48.54,2.31,0.047589617,2023-03,2023
ORD-10130,13-05-2023,16-05-2023,Standard,CUST-1415,Corporate,India,Bhopal,Madhya Pradesh,Central,Office Supplies,Paper,Ball Pen Set,1,0.1,126.38,15.66,0.123912011,2023-05,2023
ORD-11192,23-12-2024,25-12-2024,Standard,CUST-1484,Consumer,India,Delhi,Delhi,North,Furniture,Chairs,Filing Cabinet,1,0.2,618.92,34.86,0.056323919,2024-12,2024
ORD-10613,07-08-2024,10-08-2024,Standard,CUST-1439,Consumer,India,Lucknow,Uttar Pradesh,North,Office Supplies,Binders,Ball Pen Set,3,0.3,323.41,-11.64,-0.035991466,2024-08,2024
ORD-10766,07-01-2024,11-01-2024,Second Class,CUST-1243,Consumer,India,Kolkata,West Bengal,East,Office Supplies,Paper,Ball Pen Set,4,0.1,242.14,29.87,0.123358388,2024-01,2024
ORD-11495,27-02-2023,01-03-2023,Standard,CUST-1498,Consumer,India,Delhi,Delhi,North,Furniture,Tables,Standing Desk,2,0.3,397.25,-47.24,-0.118917558,2023-02,2023
ORD-10580,21-01-2025,23-01-2025,Standard,CUST-1087,Corporate,India,Mumbai,Maharashtra,West,Furniture,Office Furniture,Bookshelf,1,0,427.31,42.36,0.099131778,2025-01,2025
ORD-11722,02-04-2023,07-04-2023,Second Class,CUST-1586,Corporate,India,Pune,Maharashtra,West,Furniture,Chairs,Bookshelf,3,0.3,546.92,-2.5,-0.004571052,2023-04,2023
ORD-10790,30-11-2025,03-12-2025,Standard,CUST-1567,Corporate,India,Chennai,Tamil Nadu,South,Technology,Computers,Smartphone,5,0.15,1774.03,232.08,0.130820787,2025-11,2025
ORD-10271,28-06-2024,01-07-2024,Standard,CUST-1065,Consumer,India,Bengaluru,Karnataka,South,Technology,Printers,Laser Printer,2,0.15,431.63,49.05,0.113638996,2024-06,2024
ORD-11300,08-12-2025,12-12-2025,Standard,CUST-1585,Corporate,India,Bengaluru,Karnataka,South,Furniture,Office Furniture,Executive Chair,2,0,413.84,45.76,0.110574135,2025-12,2025
ORD-11651,22-07-2023,25-07-2023,Standard,CUST-1507,Consumer,India,Kolkata,West Bengal,East,Office Supplies,Binders,Ball Pen Set,5,0,225.04,41.93,0.186322432,2023-07,2023
ORD-10554,08-09-2023,09-09-2023,Standard,CUST-1038,Consumer,India,Nagpur,Maharashtra,Central,Technology,Computers,Business Laptop,1,0,146.54,28.03,0.191278832,2023-09,2023
ORD-11248,18-10-2025,20-10-2025,Second Class,CUST-1583,Consumer,India,Jaipur,Rajasthan,North,Office Supplies,Binders,Printer Paper,2,0,97.72,16.14,0.16516578,2025-10,2025
ORD-10935,11-10-2024,13-10-2024,First Class,CUST-1486,Consumer,India,Nagpur,Maharashtra,Central,Technology,Accessories,Smartphone,2,0.15,477.76,66.76,0.139735432,2024-10,2024
ORD-12153,25-06-2025,28-06-2025,Standard,CUST-1093,Consumer,India,Nagpur,Maharashtra,Central,Furniture,Storage,Bookshelf,3,0,349.46,69.84,0.199851199,2025-06,2025
ORD-10386,24-08-2023,27-08-2023,Standard,CUST-1376,Consumer,India,Jaipur,Rajasthan,North,Technology,Printers,Business Laptop,2,0,194.61,35.23,0.181028724,2023-08,2023
ORD-11486,04-03-2023,05-03-2023,First Class,CUST-1260,Consumer,India,Hyderabad,Telangana,South,Office Supplies,Binders,Sticky Notes,2,0.2,561.16,-3.65,-0.006504384,2023-03,2023
ORD-11309,07-07-2024,10-07-2024,Standard,CUST-1056,Consumer,India,Bhopal,Madhya Pradesh,Central,Furniture,Storage,Standing Desk,5,0.2,692.6,16.99,0.024530754,2024-07,2024
ORD-12085,12-07-2023,13-07-2023,First Class,CUST-1580,Consumer,India,Hyderabad,Telangana,South,Office Supplies,Stationery,Envelope Pack,2,0.05,284.92,40.99,0.143864945,2023-07,2023
ORD-10776,27-04-2025,28-04-2025,Standard,CUST-1366,Consumer,India,Hyderabad,Telangana,South,Technology,Computers,Business Laptop,4,0,826.95,144.06,0.174206421,2025-04,2025
ORD-10255,25-01-2025,29-01-2025,Same Day,CUST-1127,Corporate,India,Bengaluru,Karnataka,South,Technology,Printers,Tablet,2,0.05,176.72,25.3,0.143164328,2025-01,2025
ORD-11630,21-08-2023,23-08-2023,Standard,CUST-1196,Consumer,India,Pune,Maharashtra,West,Furniture,Storage,Reception Desk,3,0.3,243.39,-11.5,-0.047249271,2023-08,2023
ORD-11903,24-09-2023,26-09-2023,First Class,CUST-1431,Consumer,India,Mumbai,Maharashtra,West,Furniture,Storage,Bookshelf,3,0.2,253.92,9.18,0.036153119,2023-09,2023
ORD-11689,10-08-2025,13-08-2025,Standard,CUST-1306,Consumer,India,Kolkata,West Bengal,East,Furniture,Office Furniture,Executive Chair,4,0.15,597.42,49.79,0.083341703,2025-08,2025
ORD-10418,19-06-2025,23-06-2025,Standard,CUST-1228,Consumer,India,Lucknow,Uttar Pradesh,North,Technology,Printers,Laser Printer,4,0.1,679.64,97.29,0.143149314,2025-06,2025
ORD-11984,03-06-2025,06-06-2025,First Class,CUST-1290,Consumer,India,Jaipur,Rajasthan,North,Office Supplies,Binders,Ball Pen Set,3,0.1,213.23,26.48,0.124185152,2025-06,2025
ORD-11778,16-10-2024,18-10-2024,Standard,CUST-1131,Corporate,India,Ahmedabad,Gujarat,West,Technology,Printers,Mechanical Keyboard,1,0.05,635.3,109.25,0.171966,2024-10,2024
ORD-11578,15-11-2024,18-11-2024,Standard,CUST-1222,Consumer,India,Delhi,Delhi,North,Furniture,Tables,Office Chair,2,0,334.74,42.37,0.12657585,2024-11,2024
ORD-10416,03-08-2024,06-08-2024,Same Day,CUST-1170,Corporate,India,Mumbai,Maharashtra,West,Furniture,Office Furniture,Filing Cabinet,3,0.15,543.91,12.18,0.022393411,2024-08,2024
ORD-10793,31-05-2024,04-06-2024,Standard,CUST-1465,Consumer,India,Chennai,Tamil Nadu,South,Office Supplies,Binders,Ball Pen Set,1,0.1,78.73,11.5,0.146068843,2024-05,2024
ORD-11148,08-06-2025,12-06-2025,Second Class,CUST-1351,Consumer,India,Mumbai,Maharashtra,West,Technology,Accessories,Smartphone,1,0,115.88,28.46,0.245598895,2025-06,2025
ORD-12366,22-12-2025,26-12-2025,Standard,CUST-1439,Corporate,India,Kolkata,West Bengal,East,Office Supplies,Stationery,Printer Paper,2,0,109.71,8.24,0.075107101,2025-12,2025
ORD-10646,25-02-2025,26-02-2025,Standard,CUST-1389,Consumer,India,Pune,Maharashtra,West,Technology,Printers,Smartphone,2,0.05,1170.16,124.19,0.106130786,2025-02,2025
ORD-10234,25-08-2024,28-08-2024,Standard,CUST-1312,Consumer,India,Hyderabad,Telangana,South,Furniture,Office Furniture,Filing Cabinet,1,0.3,110.23,-0.77,-0.006985394,2024-08,2024
ORD-12291,31-08-2023,04-09-2023,Second Class,CUST-1082,Corporate,India,Bhopal,Madhya Pradesh,Central,Office Supplies,Writing,File Binder,2,0.1,125.1,15.92,0.127258193,2023-08,2023
ORD-10673,13-08-2023,15-08-2023,Standard,CUST-1441,Consumer,India,Bhopal,Madhya Pradesh,Central,Office Supplies,Binders,Envelope Pack,3,0.1,481.39,50.52,0.104946094,2023-08,2023
ORD-11976,16-12-2025,19-12-2025,Second Class,CUST-1409,Consumer,India,Lucknow,Uttar Pradesh,North,Technology,Printers,Laser Printer,4,0,1316.91,240.48,0.18260929,2025-12,2025
ORD-11616,28-11-2025,29-11-2025,Second Class,CUST-1235,Corporate,India,Ahmedabad,Gujarat,West,Technology,Printers,Mechanical Keyboard,2,0.2,795.61,42.55,0.053480977,2025-11,2025
ORD-11390,04-03-2024,05-03-2024,Standard,CUST-1088,Consumer,India,Bengaluru,Karnataka,South,Office Supplies,Stationery,Notebook,2,0.05,219.39,35.53,0.161949041,2024-03,2024
ORD-10327,04-08-2023,06-08-2023,Standard,CUST-1488,Consumer,India,Pune,Maharashtra,West,Office Supplies,Writing,Printer Paper,1,0.2,42.79,3.14,0.073381631,2023-08,2023
ORD-11197,02-05-2025,06-05-2025,Second Class,CUST-1084,Consumer,India,Mumbai,Maharashtra,West,Technology,Computers,Laser Printer,4,0.15,599.71,87.46,0.145837155,2025-05,2025
ORD-10891,17-07-2024,21-07-2024,Standard,CUST-1585,Consumer,India,Bengaluru,Karnataka,South,Technology,Printers,Wireless Headset,3,0.15,1027.24,102.66,0.099937697,2024-07,2024
ORD-11256,24-02-2024,26-02-2024,Second Class,CUST-1324,Consumer,India,Delhi,Delhi,North,Technology,Printers,Smartphone,2,0.05,176.27,36.9,0.209337947,2024-02,2024
ORD-11144,08-02-2025,12-02-2025,Second Class,CUST-1468,Corporate,India,Bhopal,Madhya Pradesh,Central,Technology,Phones,Wireless Headset,3,0.2,659.05,50.12,0.076048858,2025-02,2025
ORD-10908,03-11-2025,07-11-2025,Standard,CUST-1405,Consumer,India,Hyderabad,Telangana,South,Furniture,Office Furniture,Standing Desk,4,0,934.25,146.95,0.157291945,2025-11,2025
ORD-10666,25-07-2023,29-07-2023,First Class,CUST-1159,Home Office,India,Pune,Maharashtra,West,Technology,Printers,Laser Printer,3,0.05,1021.62,151.65,0.148440712,2023-07,2023
ORD-12090,08-04-2023,12-04-2023,Second Class,CUST-1569,Corporate,India,Ahmedabad,Gujarat,West,Office Supplies,Binders,Printer Paper,1,0.15,31.98,1.08,0.033771107,2023-04,2023
ORD-10959,23-08-2023,25-08-2023,Second Class,CUST-1283,Consumer,India,Pune,Maharashtra,West,Furniture,Office Furniture,Filing Cabinet,1,0.05,111.59,14.67,0.131463393,2023-08,2023
ORD-10340,27-09-2023,30-09-2023,Standard,CUST-1467,Corporate,India,Hyderabad,Telangana,South,Furniture,Tables,Office Chair,3,0.05,315.71,47.04,0.148997498,2023-09,2023
ORD-10116,14-12-2025,15-12-2025,Same Day,CUST-1346,Home Office,India,Kolkata,West Bengal,East,Technology,Phones,USB-C Hub,2,0.2,521.63,33.94,0.065065276,2025-12,2025
ORD-10735,16-03-2023,18-03-2023,Standard,CUST-1075,Consumer,India,Ahmedabad,Gujarat,West,Technology,Accessories,Monitor,4,0.1,665.21,103.26,0.155229176,2023-03,2023
ORD-10771,03-10-2024,06-10-2024,Standard,CUST-1024,Consumer,India,Ahmedabad,Gujarat,West,Technology,Phones,Monitor,2,0.15,558.28,75.74,0.135666691,2024-10,2024
ORD-10182,23-09-2024,26-09-2024,Second Class,CUST-1049,Home Office,India,Bhopal,Madhya Pradesh,Central,Technology,Phones,Business Laptop,3,0.1,1161.49,213.39,0.18372091,2024-09,2024
ORD-10052,29-01-2024,31-01-2024,First Class,CUST-1087,Consumer,India,Hyderabad,Telangana,South,Technology,Phones,Wireless Headset,3,0.15,3291.2,428.5,0.130195673,2024-01,2024
ORD-10901,07-02-2024,11-02-2024,First Class,CUST-1112,Consumer,India,Pune,Maharashtra,West,Furniture,Chairs,Standing Desk,3,0.3,1006.23,-77.37,-0.076890969,2024-02,2024
ORD-10114,11-08-2023,15-08-2023,Second Class,CUST-1525,Consumer,India,Bhopal,Madhya Pradesh,Central,Furniture,Storage,Conference Table,3,0.05,1275.62,179.68,0.140856995,2023-08,2023
ORD-11771,13-05-2025,16-05-2025,Second Class,CUST-1454,Consumer,India,Jaipur,Rajasthan,North,Technology,Phones,Monitor,3,0.2,588.81,3.38,0.005740392,2025-05,2025
ORD-12374,18-12-2023,20-12-2023,First Class,CUST-1125,Consumer,India,Kolkata,West Bengal,East,Furniture,Tables,Office Chair,3,0.15,702.75,6.93,0.009861259,2023-12,2023
ORD-10880,09-10-2024,10-10-2024,Standard,CUST-1421,Consumer,India,Delhi,Delhi,North,Office Supplies,Stationery,Ball Pen Set,1,0.1,86.35,8.07,0.093456862,2024-10,2024
ORD-11048,06-08-2025,10-08-2025,Second Class,CUST-1141,Consumer,India,Chennai,Tamil Nadu,South,Furniture,Storage,Standing Desk,1,0.2,969.93,19.98,0.020599425,2025-08,2025
ORD-10640,31-01-2025,02-02-2025,Standard,CUST-1091,Corporate,India,Kolkata,West Bengal,East,Office Supplies,Stationery,File Binder,1,0.05,36.1,5.5,0.152354571,2025-01,2025
ORD-12156,22-05-2024,23-05-2024,Standard,CUST-1064,Consumer,India,Chennai,Tamil Nadu,South,Furniture,Tables,Conference Table,3,0.15,608.02,23.53,0.038699385,2024-05,2024
ORD-10822,27-10-2023,29-10-2023,First Class,CUST-1233,Consumer,India,Delhi,Delhi,North,Office Supplies,Paper,File Binder,2,0.1,36.53,2.9,0.079386805,2023-10,2023
ORD-10378,26-06-2023,28-06-2023,Second Class,CUST-1481,Consumer,India,Ahmedabad,Gujarat,West,Office Supplies,Stationery,Notebook,4,0.15,252.45,16.83,0.066666667,2023-06,2023
ORD-11720,21-07-2024,25-07-2024,Standard,CUST-1248,Corporate,India,Mumbai,Maharashtra,West,Technology,Accessories,Monitor,2,0.2,402.84,44.48,0.110416046,2024-07,2024
ORD-11082,25-09-2025,27-09-2025,First Class,CUST-1226,Consumer,India,Hyderabad,Telangana,South,Technology,Computers,USB-C Hub,5,0,803.67,146.63,0.182450508,2025-09,2025
ORD-11135,07-02-2025,12-02-2025,Same Day,CUST-1102,Consumer,India,Ahmedabad,Gujarat,West,Technology,Phones,Mechanical Keyboard,1,0,167.78,39.47,0.23524854,2025-02,2025
ORD-11418,29-03-2025,03-04-2025,First Class,CUST-1169,Consumer,India,Ahmedabad,Gujarat,West,Office Supplies,Binders,Printer Paper,1,0.1,85.92,11.53,0.1341946,2025-03,2025
ORD-11616,13-06-2025,15-06-2025,Second Class,CUST-1445,Consumer,India,Hyderabad,Telangana,South,Technology,Computers,Tablet,1,0.2,340.55,32.82,0.096373513,2025-06,2025
ORD-12212,30-03-2025,31-03-2025,Standard,CUST-1385,Consumer,India,Bengaluru,Karnataka,South,Furniture,Tables,Standing Desk,2,0,199.74,33.29,0.166666667,2025-03,2025
ORD-12191,14-06-2024,15-06-2024,Second Class,CUST-1431,Consumer,India,Hyderabad,Telangana,South,Technology,Computers,Mechanical Keyboard,3,0.1,522.75,42.56,0.081415591,2024-06,2024
ORD-10188,13-10-2023,16-10-2023,Standard,CUST-1091,Consumer,India,Lucknow,Uttar Pradesh,North,Office Supplies,Paper,File Binder,2,0.15,211.84,16.56,0.078172205,2023-10,2023
ORD-10160,24-04-2025,27-04-2025,Standard,CUST-1452,Consumer,India,Mumbai,Maharashtra,West,Technology,Printers,Laser Printer,2,0.2,557.61,35.79,0.064184645,2025-04,2025
ORD-10026,23-12-2025,27-12-2025,Second Class,CUST-1536,Home Office,India,Delhi,Delhi,North,Technology,Computers,Monitor,1,0.05,182.12,28.43,0.156105864,2025-12,2025
ORD-10489,12-10-2024,16-10-2024,Standard,CUST-1372,Corporate,India,Nagpur,Maharashtra,Central,Technology,Printers,USB-C Hub,2,0,354.4,42.05,0.118651242,2024-10,2024
ORD-10342,24-12-2024,26-12-2024,Same Day,CUST-1355,Corporate,India,Bhopal,Madhya Pradesh,Central,Technology,Accessories,USB-C Hub,4,0.3,818.58,42.42,0.051821447,2024-12,2024
ORD-10247,23-09-2024,26-09-2024,First Class,CUST-1340,Corporate,India,Pune,Maharashtra,West,Furniture,Chairs,Standing Desk,1,0.15,240.01,8.73,0.036373484,2024-09,2024
ORD-10540,19-07-2025,21-07-2025,Standard,CUST-1204,Consumer,India,Pune,Maharashtra,West,Furniture,Office Furniture,Filing Cabinet,2,0.3,246.26,-17,-0.06903273,2025-07,2025
ORD-10555,05-04-2025,08-04-2025,Second Class,CUST-1513,Corporate,India,Bhopal,Madhya Pradesh,Central,Furniture,Storage,Reception Desk,1,0,363.95,46.94,0.12897376,2025-04,2025
ORD-10515,16-12-2024,17-12-2024,Standard,CUST-1242,Consumer,India,Chennai,Tamil Nadu,South,Technology,Printers,Business Laptop,5,0,2058.86,394.79,0.191751746,2024-12,2024
ORD-11649,07-04-2023,10-04-2023,Standard,CUST-1180,Consumer,India,Jaipur,Rajasthan,North,Technology,Printers,Business Laptop,1,0.3,344.67,-2.49,-0.007224302,2023-04,2023
ORD-11350,01-03-2024,02-03-2024,Standard,CUST-1323,Corporate,India,Kolkata,West Bengal,East,Technology,Printers,Monitor,1,0.1,187.23,15.02,0.080222187,2024-03,2024
ORD-10670,07-07-2025,10-07-2025,Standard,CUST-1564,Consumer,India,Lucknow,Uttar Pradesh,North,Office Supplies,Binders,Ball Pen Set,2,0.1,287.39,27.47,0.095584398,2025-07,2025
ORD-11632,09-01-2023,13-01-2023,First Class,CUST-1045,Consumer,India,Bengaluru,Karnataka,South,Office Supplies,Stationery,File Binder,3,0.15,402.43,32.87,0.081678801,2023-01,2023
ORD-10609,20-10-2025,24-10-2025,Standard,CUST-1183,Consumer,India,Jaipur,Rajasthan,North,Furniture,Storage,Conference Table,2,0.3,418.83,-47.29,-0.112909772,2025-10,2025
ORD-10632,20-01-2024,24-01-2024,Standard,CUST-1267,Home Office,India,Mumbai,Maharashtra,West,Office Supplies,Stationery,Notebook,2,0.15,53.04,2.39,0.045060332,2024-01,2024
ORD-10003,05-11-2024,08-11-2024,Standard,CUST-1030,Consumer,India,Kolkata,West Bengal,East,Office Supplies,Paper,Sticky Notes,4,0,425.57,69.02,0.162182485,2024-11,2024
ORD-12190,09-06-2025,10-06-2025,Same Day,CUST-1477,Consumer,India,Jaipur,Rajasthan,North,Furniture,Tables,Reception Desk,2,0,391.31,69.6,0.177864098,2025-06,2025
ORD-10764,02-11-2023,03-11-2023,Same Day,CUST-1489,Consumer,India,Kolkata,West Bengal,East,Technology,Computers,Business Laptop,1,0.15,657.39,77.9,0.118498912,2023-11,2023
ORD-12053,25-08-2025,26-08-2025,Standard,CUST-1391,Consumer,India,Jaipur,Rajasthan,North,Technology,Phones,Wireless Headset,1,0.05,495.21,104.89,0.211809131,2025-08,2025
ORD-12461,13-03-2024,16-03-2024,First Class,CUST-1427,Corporate,India,Bhopal,Madhya Pradesh,Central,Office Supplies,Binders,Printer Paper,1,0.05,39.75,6.15,0.154716981,2024-03,2024
ORD-12450,05-04-2025,09-04-2025,First Class,CUST-1445,Consumer,India,Ahmedabad,Gujarat,West,Technology,Printers,Mechanical Keyboard,4,0,2211.38,404.39,0.182867712,2025-04,2025
ORD-10161,18-01-2023,22-01-2023,Standard,CUST-1455,Corporate,India,Lucknow,Uttar Pradesh,North,Office Supplies,Writing,Ball Pen Set,3,0.05,172.6,26.37,0.152780997,2023-01,2023
ORD-12172,20-01-2025,23-01-2025,Standard,CUST-1176,Consumer,India,Bengaluru,Karnataka,South,Technology,Printers,Laser Printer,1,0.1,257.38,50.93,0.197878623,2025-01,2025
ORD-11139,15-06-2023,17-06-2023,Standard,CUST-1070,Corporate,India,Ahmedabad,Gujarat,West,Furniture,Tables,Standing Desk,2,0.15,424.72,25.81,0.060769448,2023-06,2023
ORD-12107,19-11-2023,20-11-2023,Second Class,CUST-1565,Consumer,India,Hyderabad,Telangana,South,Office Supplies,Writing,Ball Pen Set,3,0.15,1018.25,38.76,0.038065308,2023-11,2023
ORD-10765,05-06-2023,07-06-2023,Standard,CUST-1512,Corporate,India,Pune,Maharashtra,West,Furniture,Office Furniture,Office Chair,2,0.2,246.72,-8.1,-0.032830739,2023-06,2023
ORD-12485,12-04-2024,14-04-2024,Second Class,CUST-1000,Corporate,India,Kolkata,West Bengal,East,Furniture,Storage,Standing Desk,3,0.05,955.82,82.96,0.086794585,2024-04,2024
ORD-11342,26-06-2025,29-06-2025,Standard,CUST-1208,Consumer,India,Nagpur,Maharashtra,Central,Technology,Printers,Wireless Headset,1,0.3,265.3,18.64,0.070260083,2025-06,2025
ORD-12070,12-11-2025,15-11-2025,Second Class,CUST-1418,Consumer,India,Mumbai,Maharashtra,West,Furniture,Storage,Office Chair,1,0,257.85,33.34,0.129299981,2025-11,2025
ORD-11764,09-12-2024,13-12-2024,First Class,CUST-1587,Home Office,India,Jaipur,Rajasthan,North,Technology,Printers,Monitor,4,0.1,1097.15,206.34,0.188069088,2024-12,2024
ORD-11516,12-11-2025,14-11-2025,Standard,CUST-1283,Corporate,India,Lucknow,Uttar Pradesh,North,Office Supplies,Stationery,Notebook,4,0.1,249.87,21.53,0.086164806,2025-11,2025
ORD-11243,14-03-2024,17-03-2024,Same Day,CUST-1028,Consumer,India,Jaipur,Rajasthan,North,Technology,Phones,Smartphone,5,0.1,2226.28,365.55,0.164197675,2024-03,2024
ORD-11061,15-05-2024,19-05-2024,Second Class,CUST-1495,Consumer,India,Lucknow,Uttar Pradesh,North,Office Supplies,Paper,Ball Pen Set,3,0.05,441.11,43.44,0.098478837,2024-05,2024
ORD-11202,27-02-2023,01-03-2023,Standard,CUST-1036,Consumer,India,Bhopal,Madhya Pradesh,Central,Furniture,Tables,Executive Chair,2,0.15,614.55,25.64,0.041721585,2023-02,2023
ORD-12269,26-02-2023,28-02-2023,Same Day,CUST-1020,Corporate,India,Lucknow,Uttar Pradesh,North,Technology,Accessories,Wireless Headset,1,0.05,264.66,46.36,0.17516814,2023-02,2023
ORD-11810,23-05-2025,24-05-2025,Same Day,CUST-1182,Corporate,India,Delhi,Delhi,North,Office Supplies,Binders,Desk Organizer,3,0.15,257.35,26.98,0.10483777,2025-05,2025
ORD-10268,31-05-2024,01-06-2024,Standard,CUST-1297,Consumer,India,Pune,Maharashtra,West,Furniture,Storage,Conference Table,2,0.3,474.06,-13.08,-0.027591444,2024-05,2024
ORD-10416,27-11-2023,30-11-2023,Standard,CUST-1001,Home Office,India,Ahmedabad,Gujarat,West,Technology,Accessories,Wireless Headset,3,0.05,2151.96,418.67,0.194552873,2023-11,2023
ORD-11685,11-07-2025,15-07-2025,Second Class,CUST-1114,Corporate,India,Delhi,Delhi,North,Office Supplies,Paper,Ball Pen Set,3,0,138.33,25.18,0.182028483,2025-07,2025
ORD-11240,14-01-2025,16-01-2025,Second Class,CUST-1398,Corporate,India,Delhi,Delhi,North,Technology,Printers,Business Laptop,3,0,240.27,37.66,0.156740334,2025-01,2025
ORD-10651,02-12-2025,04-12-2025,First Class,CUST-1096,Corporate,India,Bengaluru,Karnataka,South,Office Supplies,Paper,Desk Organizer,3,0.1,265.22,45.57,0.171819621,2025-12,2025
ORD-11019,13-10-2024,15-10-2024,Standard,CUST-1448,Consumer,India,Bengaluru,Karnataka,South,Technology,Computers,Laser Printer,5,0.15,658.69,71.06,0.107880794,2024-10,2024
ORD-10961,14-10-2023,17-10-2023,First Class,CUST-1463,Home Office,India,Delhi,Delhi,North,Office Supplies,Paper,Envelope Pack,5,0.15,430.73,24.8,0.057576672,2023-10,2023
ORD-12208,24-08-2024,27-08-2024,Same Day,CUST-1413,Corporate,India,Mumbai,Maharashtra,West,Furniture,Office Furniture,Conference Table,5,0.1,310.74,14.81,0.047660424,2024-08,2024
ORD-11157,07-09-2024,12-09-2024,Standard,CUST-1119,Corporate,India,Kolkata,West Bengal,East,Furniture,Tables,Standing Desk,1,0,177.58,18.65,0.105023088,2024-09,2024
ORD-11295,09-02-2024,12-02-2024,Standard,CUST-1500,Corporate,India,Pune,Maharashtra,West,Technology,Accessories,USB-C Hub,3,0.1,1020.61,158.28,0.155083724,2024-02,2024
ORD-10888,15-05-2024,19-05-2024,Second Class,CUST-1171,Consumer,India,Bhopal,Madhya Pradesh,Central,Technology,Computers,Smartphone,4,0.05,274.28,58.49,0.213249234,2024-05,2024
ORD-12354,30-10-2025,03-11-2025,Standard,CUST-1553,Consumer,India,Kolkata,West Bengal,East,Office Supplies,Paper,Envelope Pack,2,0.15,251.98,13.14,0.052146996,2025-10,2025
ORD-12120,27-12-2023,29-12-2023,Standard,CUST-1320,Consumer,India,Bengaluru,Karnataka,South,Technology,Accessories,Laser Printer,1,0.15,725.99,77.98,0.107411948,2023-12,2023
ORD-10226,28-04-2025,01-05-2025,First Class,CUST-1512,Corporate,India,Bhopal,Madhya Pradesh,Central,Technology,Accessories,Smartphone,5,0.15,1551.49,121.48,0.078298926,2025-04,2025
ORD-10521,25-05-2023,27-05-2023,Second Class,CUST-1099,Consumer,India,Delhi,Delhi,North,Furniture,Chairs,Reception Desk,3,0.3,248.05,-1.15,-0.004636162,2023-05,2023
ORD-10046,12-12-2025,16-12-2025,Standard,CUST-1451,Consumer,India,Lucknow,Uttar Pradesh,North,Furniture,Storage,Bookshelf,1,0.1,115.88,3.78,0.032619952,2025-12,2025
ORD-11419,22-01-2025,25-01-2025,Standard,CUST-1301,Consumer,India,Hyderabad,Telangana,South,Furniture,Office Furniture,Conference Table,3,0.2,768.66,31.39,0.040837301,2025-01,2025
ORD-11154,19-07-2024,21-07-2024,Standard,CUST-1455,Consumer,India,Chennai,Tamil Nadu,South,Technology,Computers,Smartphone,2,0,433.89,80.7,0.185991841,2024-07,2024
ORD-11439,17-04-2024,20-04-2024,Standard,CUST-1026,Corporate,India,Nagpur,Maharashtra,Central,Technology,Computers,Business Laptop,2,0,249.99,47.23,0.188927557,2024-04,2024
ORD-12130,15-12-2023,19-12-2023,Same Day,CUST-1303,Corporate,India,Pune,Maharashtra,West,Office Supplies,Paper,File Binder,2,0,69.38,10.26,0.147881234,2023-12,2023
ORD-10783,24-09-2023,27-09-2023,Standard,CUST-1385,Consumer,India,Pune,Maharashtra,West,Furniture,Chairs,Reception Desk,5,0.1,608.57,45.84,0.07532412,2023-09,2023
ORD-10227,07-07-2025,10-07-2025,Second Class,CUST-1280,Home Office,India,Kolkata,West Bengal,East,Technology,Accessories,Tablet,1,0,826.81,166.72,0.201642457,2025-07,2025
ORD-10739,10-08-2024,12-08-2024,Standard,CUST-1123,Consumer,India,Jaipur,Rajasthan,North,Office Supplies,Writing,Desk Organizer,4,0.1,1434.12,232.5,0.162120325,2024-08,2024
ORD-11695,29-11-2023,02-12-2023,Standard,CUST-1225,Corporate,India,Kolkata,West Bengal,East,Office Supplies,Paper,Envelope Pack,1,0.15,155.05,3,0.019348597,2023-11,2023
ORD-10584,01-12-2023,04-12-2023,Standard,CUST-1462,Home Office,India,Jaipur,Rajasthan,North,Furniture,Storage,Executive Chair,1,0.2,154.29,-7.01,-0.045433923,2023-12,2023
ORD-11828,29-05-2024,31-05-2024,Second Class,CUST-1541,Home Office,India,Chennai,Tamil Nadu,South,Furniture,Office Furniture,Executive Chair,3,0.2,1337.19,1.84,0.00137602,2024-05,2024
ORD-10452,24-02-2025,26-02-2025,Standard,CUST-1553,Home Office,India,Hyderabad,Telangana,South,Furniture,Storage,Bookshelf,2,0.15,244.94,10.84,0.044255736,2025-02,2025
ORD-10809,18-06-2024,21-06-2024,Standard,CUST-1238,Consumer,India,Jaipur,Rajasthan,North,Furniture,Tables,Filing Cabinet,3,0.15,1213.71,55.55,0.045768759,2024-06,2024
ORD-10725,28-04-2025,30-04-2025,Standard,CUST-1104,Consumer,India,Ahmedabad,Gujarat,West,Furniture,Chairs,Reception Desk,1,0.15,206.02,5.66,0.027473061,2025-04,2025
ORD-11965,08-08-2024,10-08-2024,First Class,CUST-1018,Home Office,India,Mumbai,Maharashtra,West,Technology,Computers,Business Laptop,2,0.15,312.07,53.1,0.170154132,2024-08,2024
ORD-11462,13-07-2023,17-07-2023,Standard,CUST-1099,Consumer,India,Nagpur,Maharashtra,Central,Furniture,Storage,Reception Desk,5,0,356.24,58.9,0.165337974,2023-07,2023
ORD-11087,05-10-2023,09-10-2023,First Class,CUST-1085,Corporate,India,Lucknow,Uttar Pradesh,North,Technology,Phones,USB-C Hub,4,0.05,4126.86,787.55,0.190835163,2023-10,2023
ORD-10291,21-03-2023,24-03-2023,Standard,CUST-1467,Consumer,India,Lucknow,Uttar Pradesh,North,Office Supplies,Writing,Desk Organizer,4,0.3,131.12,-7.76,-0.059182428,2023-03,2023
ORD-12309,22-08-2024,25-08-2024,Standard,CUST-1570,Corporate,India,Jaipur,Rajasthan,North,Furniture,Office Furniture,Filing Cabinet,2,0.1,310.34,13.6,0.043822904,2024-08,2024
ORD-10383,07-09-2024,09-09-2024,Second Class,CUST-1535,Corporate,India,Kolkata,West Bengal,East,Technology,Printers,USB-C Hub,1,0.2,146.3,14.12,0.096514012,2024-09,2024
ORD-10570,23-03-2023,25-03-2023,Second Class,CUST-1223,Corporate,India,Pune,Maharashtra,West,Office Supplies,Stationery,Printer Paper,1,0.3,138.13,-0.18,-0.00130312,2023-03,2023
ORD-11347,21-10-2024,22-10-2024,Standard,CUST-1300,Corporate,India,Kolkata,West Bengal,East,Office Supplies,Paper,File Binder,2,0.1,142.83,19.3,0.135125674,2024-10,2024
ORD-10277,08-12-2024,11-12-2024,First Class,CUST-1511,Consumer,India,Delhi,Delhi,North,Technology,Phones,Monitor,3,0.1,503.21,77.56,0.154130482,2024-12,2024
ORD-11478,27-11-2023,01-12-2023,Standard,CUST-1131,Consumer,India,Delhi,Delhi,North,Office Supplies,Writing,Printer Paper,1,0.15,111.02,12.14,0.109349667,2023-11,2023
ORD-11308,31-07-2025,02-08-2025,First Class,CUST-1546,Corporate,India,Lucknow,Uttar Pradesh,North,Furniture,Storage,Executive Chair,2,0.05,205.89,8.61,0.041818447,2025-07,2025
ORD-11593,02-11-2023,04-11-2023,Second Class,CUST-1184,Consumer,India,Lucknow,Uttar Pradesh,North,Technology,Printers,Business Laptop,1,0,584.98,106.75,0.182484871,2023-11,2023
ORD-11088,21-02-2025,25-02-2025,Standard,CUST-1174,Consumer,India,Lucknow,Uttar Pradesh,North,Furniture,Storage,Reception Desk,4,0.1,1090.02,110.78,0.101631163,2025-02,2025
ORD-12009,26-04-2025,27-04-2025,Same Day,CUST-1166,Consumer,India,Pune,Maharashtra,West,Office Supplies,Writing,Ball Pen Set,2,0.2,198.11,2.32,0.011710666,2025-04,2025
ORD-10488,16-07-2024,19-07-2024,Second Class,CUST-1525,Consumer,India,Pune,Maharashtra,West,Technology,Phones,Smartphone,3,0.15,638.1,73.13,0.114605861,2024-07,2024
ORD-10329,19-05-2024,20-05-2024,Standard,CUST-1078,Consumer,India,Lucknow,Uttar Pradesh,North,Technology,Computers,Smartphone,3,0.1,515.16,59.08,0.114682817,2024-05,2024
ORD-10841,24-05-2024,26-05-2024,Standard,CUST-1159,Consumer,India,Pune,Maharashtra,West,Office Supplies,Binders,Printer Paper,1,0.1,38.24,5.29,0.13833682,2024-05,2024
ORD-10299,24-01-2025,25-01-2025,Standard,CUST-1550,Consumer,India,Hyderabad,Telangana,South,Office Supplies,Binders,Sticky Notes,1,0.1,37.91,4.09,0.107887101,2025-01,2025
ORD-10549,10-08-2024,14-08-2024,First Class,CUST-1089,Consumer,India,Jaipur,Rajasthan,North,Office Supplies,Stationery,Sticky Notes,2,0,296.64,48.25,0.16265507,2024-08,2024
ORD-11170,21-04-2023,22-04-2023,Second Class,CUST-1423,Corporate,India,Chennai,Tamil Nadu,South,Office Supplies,Stationery,Envelope Pack,1,0,41.12,7.58,0.184338521,2023-04,2023
ORD-10739,06-04-2024,10-04-2024,Standard,CUST-1105,Consumer,India,Kolkata,West Bengal,East,Technology,Accessories,Smartphone,2,0,4977.76,1101.04,0.221191861,2024-04,2024
ORD-11455,25-06-2025,29-06-2025,Standard,CUST-1413,Consumer,India,Hyderabad,Telangana,South,Office Supplies,Stationery,Sticky Notes,4,0,287.55,51.03,0.177464789,2025-06,2025
ORD-10710,28-08-2023,30-08-2023,Standard,CUST-1465,Consumer,India,Kolkata,West Bengal,East,Furniture,Office Furniture,Reception Desk,5,0.3,1242.87,-140.92,-0.113382735,2023-08,2023
ORD-11973,12-11-2024,14-11-2024,Standard,CUST-1060,Consumer,India,Bhopal,Madhya Pradesh,Central,Technology,Accessories,Smartphone,3,0.15,1134.91,52.06,0.045871479,2024-11,2024
ORD-10931,23-07-2025,26-07-2025,First Class,CUST-1495,Consumer,India,Ahmedabad,Gujarat,West,Technology,Accessories,USB-C Hub,3,0.1,1825.86,239.26,0.13103962,2025-07,2025
ORD-11561,26-08-2025,29-08-2025,Second Class,CUST-1242,Corporate,India,Lucknow,Uttar Pradesh,North,Technology,Printers,Monitor,4,0.1,1939.86,263.79,0.13598404,2025-08,2025
ORD-10663,25-03-2023,30-03-2023,Standard,CUST-1017,Home Office,India,Lucknow,Uttar Pradesh,North,Technology,Computers,Smartphone,2,0.1,289.31,45.22,0.156302928,2023-03,2023
ORD-11857,16-05-2024,18-05-2024,First Class,CUST-1153,Consumer,India,Ahmedabad,Gujarat,West,Furniture,Storage,Office Chair,3,0.1,246.57,13.85,0.056170661,2024-05,2024
ORD-11483,24-07-2025,26-07-2025,Standard,CUST-1161,Home Office,India,Mumbai,Maharashtra,West,Technology,Phones,Monitor,3,0,1053.24,191.31,0.181639512,2025-07,2025
ORD-12266,08-06-2023,11-06-2023,First Class,CUST-1124,Home Office,India,Delhi,Delhi,North,Technology,Printers,Tablet,3,0.1,1758.81,294.45,0.167414331,2023-06,2023
ORD-12402,08-10-2023,10-10-2023,Standard,CUST-1567,Corporate,India,Hyderabad,Telangana,South,Furniture,Storage,Filing Cabinet,1,0.15,112.25,8.02,0.071447661,2023-10,2023
ORD-10093,18-09-2023,19-09-2023,Standard,CUST-1435,Consumer,India,Kolkata,West Bengal,East,Furniture,Chairs,Bookshelf,3,0,1003.57,166.63,0.166037247,2023-09,2023
ORD-10427,23-09-2025,26-09-2025,First Class,CUST-1141,Consumer,India,Delhi,Delhi,North,Technology,Computers,Smartphone,3,0.2,570.39,61.3,0.107470327,2025-09,2025
ORD-10266,25-01-2023,28-01-2023,Same Day,CUST-1001,Consumer,India,Lucknow,Uttar Pradesh,North,Furniture,Storage,Reception Desk,4,0.05,781.74,64.37,0.082341955,2023-01,2023
ORD-10075,08-09-2023,10-09-2023,Second Class,CUST-1308,Consumer,India,Lucknow,Uttar Pradesh,North,Technology,Accessories,Smartphone,2,0.2,549.79,44.58,0.081085505,2023-09,2023
ORD-11879,22-01-2024,24-01-2024,Standard,CUST-1195,Corporate,India,Bhopal,Madhya Pradesh,Central,Office Supplies,Binders,Envelope Pack,2,0.2,162.24,8.03,0.049494576,2024-01,2024
ORD-12201,28-01-2023,30-01-2023,Second Class,CUST-1354,Corporate,India,Nagpur,Maharashtra,Central,Furniture,Storage,Standing Desk,4,0,1280.7,70.29,0.054884048,2023-01,2023
ORD-10423,23-08-2024,26-08-2024,Standard,CUST-1494,Consumer,India,Kolkata,West Bengal,East,Technology,Computers,Business Laptop,2,0.2,379.6,19.52,0.05142255,2024-08,2024
ORD-10750,20-04-2025,24-04-2025,Standard,CUST-1266,Corporate,India,Mumbai,Maharashtra,West,Furniture,Chairs,Conference Table,5,0.2,892.54,-9.89,-0.011080736,2025-04,2025
ORD-10837,19-04-2024,21-04-2024,Standard,CUST-1471,Corporate,India,Kolkata,West Bengal,East,Technology,Accessories,Tablet,3,0.15,253.98,9.22,0.036302071,2024-04,2024
ORD-11960,24-06-2023,26-06-2023,Second Class,CUST-1259,Consumer,India,Chennai,Tamil Nadu,South,Technology,Accessories,Business Laptop,3,0,3323.75,726.38,0.218542309,2023-06,2023
ORD-10319,04-09-2023,05-09-2023,Standard,CUST-1430,Consumer,India,Nagpur,Maharashtra,Central,Office Supplies,Writing,Envelope Pack,3,0,94.55,16.73,0.176943416,2023-09,2023
ORD-11137,12-03-2023,14-03-2023,Standard,CUST-1450,Consumer,India,Bengaluru,Karnataka,South,Technology,Accessories,Mechanical Keyboard,5,0.05,471.98,88.13,0.186724014,2023-03,2023
ORD-10630,06-05-2024,09-05-2024,Standard,CUST-1179,Home Office,India,Mumbai,Maharashtra,West,Furniture,Tables,Reception Desk,4,0.05,591.32,78.53,0.132804573,2024-05,2024
ORD-12381,03-10-2024,08-10-2024,Standard,CUST-1497,Consumer,India,Nagpur,Maharashtra,Central,Furniture,Chairs,Office Chair,3,0,362.98,30.24,0.083310375,2024-10,2024
ORD-11074,20-10-2024,24-10-2024,First Class,CUST-1292,Consumer,India,Ahmedabad,Gujarat,West,Technology,Printers,USB-C Hub,1,0.05,341.42,46.02,0.134789995,2024-10,2024
ORD-12097,02-06-2023,06-06-2023,Second Class,CUST-1489,Corporate,India,Hyderabad,Telangana,South,Furniture,Tables,Filing Cabinet,2,0,525.23,62.4,0.118805095,2023-06,2023
ORD-11396,26-03-2025,30-03-2025,Standard,CUST-1500,Consumer,India,Chennai,Tamil Nadu,South,Technology,Accessories,Monitor,3,0.05,758.91,141.9,0.186978693,2025-03,2025
ORD-11887,13-02-2025,15-02-2025,Standard,CUST-1127,Consumer,India,Mumbai,Maharashtra,West,Office Supplies,Writing,Ball Pen Set,4,0.15,306.26,18.15,0.059263371,2025-02,2025
ORD-10620,13-08-2023,14-08-2023,Standard,CUST-1201,Consumer,India,Chennai,Tamil Nadu,South,Technology,Phones,Wireless Headset,4,0.3,966.03,-23.07,-0.023881246,2023-08,2023
ORD-12489,06-08-2023,10-08-2023,Standard,CUST-1037,Corporate,India,Hyderabad,Telangana,South,Technology,Accessories,Wireless Headset,4,0.15,954.57,86.9,0.091035754,2023-08,2023
ORD-11361,26-07-2024,27-07-2024,Same Day,CUST-1471,Consumer,India,Hyderabad,Telangana,South,Furniture,Chairs,Executive Chair,5,0.1,1223.34,83.63,0.068362025,2024-07,2024
ORD-12228,20-01-2024,22-01-2024,Same Day,CUST-1268,Consumer,India,Hyderabad,Telangana,South,Furniture,Tables,Reception Desk,3,0.15,152.78,7.08,0.046341144,2024-01,2024
ORD-11924,21-04-2024,23-04-2024,Standard,CUST-1092,Corporate,India,Ahmedabad,Gujarat,West,Technology,Phones,Tablet,3,0.1,973,176.65,0.181551901,2024-04,2024
ORD-11777,12-07-2023,14-07-2023,Standard,CUST-1014,Consumer,India,Nagpur,Maharashtra,Central,Furniture,Storage,Executive Chair,1,0.05,885.41,91.24,0.103048305,2023-07,2023
ORD-10426,11-10-2025,14-10-2025,Standard,CUST-1161,Consumer,India,Bhopal,Madhya Pradesh,Central,Technology,Computers,Mechanical Keyboard,3,0.05,590.26,127.65,0.216260631,2025-10,2025
ORD-12275,24-01-2023,28-01-2023,Standard,CUST-1069,Corporate,India,Pune,Maharashtra,West,Furniture,Chairs,Filing Cabinet,4,0.2,849.26,22.06,0.025975555,2023-01,2023
ORD-11686,28-12-2025,30-12-2025,Standard,CUST-1135,Consumer,India,Bengaluru,Karnataka,South,Office Supplies,Binders,Notebook,4,0,213.22,33.53,0.157255417,2025-12,2025
ORD-12295,01-02-2023,04-02-2023,Standard,CUST-1223,Consumer,India,Delhi,Delhi,North,Office Supplies,Binders,File Binder,5,0,244.21,35.62,0.145858073,2023-02,2023
ORD-10374,01-09-2025,02-09-2025,Standard,CUST-1368,Home Office,India,Hyderabad,Telangana,South,Office Supplies,Paper,File Binder,3,0,187.34,24.29,0.129657308,2025-09,2025
ORD-11069,23-07-2023,25-07-2023,Standard,CUST-1135,Corporate,India,Nagpur,Maharashtra,Central,Office Supplies,Binders,Envelope Pack,4,0.1,242.05,41.92,0.173187358,2023-07,2023
ORD-10602,31-05-2024,02-06-2024,First Class,CUST-1103,Consumer,India,Ahmedabad,Gujarat,West,Furniture,Office Furniture,Bookshelf,2,0,1469.81,184.99,0.125859805,2024-05,2024
ORD-10988,11-11-2023,15-11-2023,Standard,CUST-1028,Consumer,India,Chennai,Tamil Nadu,South,Technology,Phones,Laser Printer,2,0.15,1230.61,152.5,0.123922282,2023-11,2023
ORD-10810,08-07-2024,10-07-2024,Standard,CUST-1351,Corporate,India,Hyderabad,Telangana,South,Office Supplies,Paper,Sticky Notes,2,0.1,167.03,10.29,0.0616057,2024-07,2024
ORD-11703,08-02-2024,10-02-2024,Second Class,CUST-1425,Consumer,India,Nagpur,Maharashtra,Central,Technology,Accessories,Smartphone,1,0.05,448.02,88.48,0.197491183,2024-02,2024
ORD-11499,04-12-2023,09-12-2023,First Class,CUST-1002,Consumer,India,Kolkata,West Bengal,East,Technology,Accessories,Wireless Headset,2,0.2,438.53,48.91,0.111531708,2023-12,2023
ORD-10549,26-06-2025,29-06-2025,Standard,CUST-1122,Consumer,India,Lucknow,Uttar Pradesh,North,Office Supplies,Paper,Ball Pen Set,3,0.15,240.39,16.07,0.066849703,2025-06,2025
ORD-11322,27-09-2023,30-09-2023,Standard,CUST-1166,Home Office,India,Bhopal,Madhya Pradesh,Central,Technology,Computers,Business Laptop,3,0.1,653.11,96.75,0.148137373,2023-09,2023
ORD-11843,07-03-2025,09-03-2025,Standard,CUST-1473,Corporate,India,Pune,Maharashtra,West,Technology,Computers,Wireless Headset,4,0.05,462.75,67.33,0.14549973,2025-03,2025
ORD-12461,08-06-2024,09-06-2024,Standard,CUST-1042,Consumer,India,Bengaluru,Karnataka,South,Furniture,Tables,Standing Desk,5,0.3,569.04,-52.66,-0.092541825,2024-06,2024
ORD-10632,18-03-2024,21-03-2024,Standard,CUST-1568,Consumer,India,Ahmedabad,Gujarat,West,Office Supplies,Writing,Desk Organizer,3,0.15,159.63,12.7,0.07955898,2024-03,2024
ORD-10905,07-08-2025,11-08-2025,Same Day,CUST-1405,Consumer,India,Bengaluru,Karnataka,South,Furniture,Storage,Office Chair,2,0,147.9,20.13,0.136105477,2025-08,2025
ORD-11568,03-10-2023,06-10-2023,Standard,CUST-1598,Corporate,India,Kolkata,West Bengal,East,Technology,Accessories,Laser Printer,2,0.05,230.5,39.4,0.170932755,2023-10,2023
ORD-12419,18-02-2024,23-02-2024,Second Class,CUST-1132,Consumer,India,Nagpur,Maharashtra,Central,Technology,Accessories,Tablet,2,0.15,306.16,36.91,0.120557878,2024-02,2024
ORD-12207,24-08-2023,26-08-2023,Second Class,CUST-1271,Consumer,India,Ahmedabad,Gujarat,West,Office Supplies,Binders,Ball Pen Set,2,0,277.6,54.68,0.196974063,2023-08,2023
ORD-11532,04-02-2023,06-02-2023,Standard,CUST-1001,Consumer,India,Jaipur,Rajasthan,North,Furniture,Chairs,Executive Chair,2,0.2,334.7,18.88,0.056408724,2023-02,2023
ORD-11306,11-06-2024,15-06-2024,Standard,CUST-1385,Consumer,India,Chennai,Tamil Nadu,South,Furniture,Storage,Reception Desk,1,0.05,233.21,11.54,0.049483298,2024-06,2024
ORD-10082,25-10-2023,26-10-2023,Standard,CUST-1212,Corporate,India,Mumbai,Maharashtra,West,Office Supplies,Paper,Ball Pen Set,5,0,440.64,89.99,0.204225672,2023-10,2023
ORD-11016,21-12-2023,24-12-2023,Standard,CUST-1300,Consumer,India,Jaipur,Rajasthan,North,Furniture,Tables,Standing Desk,2,0.05,765.74,63.05,0.082338653,2023-12,2023
ORD-11375,17-10-2025,19-10-2025,Standard,CUST-1404,Home Office,India,Delhi,Delhi,North,Technology,Accessories,Tablet,2,0.05,908.78,127.96,0.140804155,2025-10,2025
ORD-11436,11-09-2025,13-09-2025,Second Class,CUST-1410,Consumer,India,Pune,Maharashtra,West,Technology,Accessories,Business Laptop,2,0,1423.59,256.28,0.180023743,2025-09,2025
ORD-10891,23-04-2023,26-04-2023,Standard,CUST-1218,Consumer,India,Hyderabad,Telangana,South,Technology,Phones,Mechanical Keyboard,5,0.05,1578.17,278.75,0.176628627,2023-04,2023
ORD-12301,27-11-2023,02-12-2023,Second Class,CUST-1046,Corporate,India,Nagpur,Maharashtra,Central,Furniture,Office Furniture,Bookshelf,2,0.3,923.75,-11.96,-0.012947226,2023-11,2023
ORD-12307,15-10-2023,16-10-2023,First Class,CUST-1194,Home Office,India,Jaipur,Rajasthan,North,Furniture,Tables,Conference Table,1,0.15,116.54,3.07,0.026342887,2023-10,2023
ORD-11832,18-12-2025,21-12-2025,First Class,CUST-1002,Corporate,India,Kolkata,West Bengal,East,Furniture,Tables,Office Chair,1,0.2,243.35,-12.83,-0.052722416,2025-12,2025
ORD-10406,02-11-2024,04-11-2024,Second Class,CUST-1411,Consumer,India,Delhi,Delhi,North,Technology,Printers,Tablet,3,0,523.55,86.12,0.164492408,2024-11,2024
ORD-10883,22-08-2024,24-08-2024,Second Class,CUST-1494,Consumer,India,Jaipur,Rajasthan,North,Office Supplies,Paper,Desk Organizer,5,0.15,295.45,-9.97,-0.033745135,2024-08,2024
ORD-10162,19-10-2023,20-10-2023,Standard,CUST-1561,Consumer,India,Lucknow,Uttar Pradesh,North,Technology,Printers,Wireless Headset,2,0.05,564.16,114.59,0.203116137,2023-10,2023
ORD-10703,11-11-2023,14-11-2023,Standard,CUST-1393,Corporate,India,Mumbai,Maharashtra,West,Technology,Printers,Mechanical Keyboard,2,0.2,315.61,13.09,0.041475238,2023-11,2023
ORD-12415,27-06-2025,29-06-2025,Standard,CUST-1282,Consumer,India,Delhi,Delhi,North,Furniture,Storage,Reception Desk,2,0,320.42,45.78,0.142874977,2025-06,2025
ORD-12304,01-04-2023,04-04-2023,Second Class,CUST-1238,Corporate,India,Bengaluru,Karnataka,South,Technology,Computers,Monitor,3,0.1,895.13,111.98,0.125099148,2023-04,2023
ORD-10775,05-12-2025,07-12-2025,Standard,CUST-1109,Consumer,India,Bengaluru,Karnataka,South,Technology,Accessories,USB-C Hub,1,0.15,308.42,28.98,0.093962778,2025-12,2025
ORD-10143,20-03-2025,23-03-2025,Standard,CUST-1022,Home Office,India,Mumbai,Maharashtra,West,Furniture,Office Furniture,Filing Cabinet,5,0.2,1027.75,5.99,0.005828266,2025-03,2025
ORD-11290,02-11-2023,04-11-2023,Standard,CUST-1542,Home Office,India,Bengaluru,Karnataka,South,Technology,Printers,Smartphone,3,0.3,1965.48,39.32,0.020005291,2023-11,2023
ORD-11621,16-07-2024,17-07-2024,First Class,CUST-1222,Consumer,India,Mumbai,Maharashtra,West,Technology,Printers,USB-C Hub,2,0.3,632.67,8.57,0.013545766,2024-07,2024
ORD-11435,12-01-2024,15-01-2024,Same Day,CUST-1008,Corporate,India,Ahmedabad,Gujarat,West,Furniture,Storage,Standing Desk,4,0,1692.12,120.5,0.071212444,2024-01,2024
ORD-11956,22-07-2025,24-07-2025,Standard,CUST-1341,Corporate,India,Mumbai,Maharashtra,West,Technology,Accessories,Monitor,2,0.3,438.57,2.73,0.006224776,2025-07,2025
ORD-10694,14-01-2023,18-01-2023,Second Class,CUST-1064,Consumer,India,Chennai,Tamil Nadu,South,Office Supplies,Writing,File Binder,3,0,330.49,77.11,0.233320221,2023-01,2023
ORD-11921,08-01-2025,12-01-2025,Same Day,CUST-1155,Home Office,India,Nagpur,Maharashtra,Central,Technology,Printers,Business Laptop,2,0.1,1511.5,184.95,0.122361892,2025-01,2025
ORD-12392,19-04-2025,21-04-2025,Standard,CUST-1087,Consumer,India,Bengaluru,Karnataka,South,Technology,Printers,USB-C Hub,4,0,1152.66,153.48,0.133152881,2025-04,2025
ORD-11194,16-07-2024,19-07-2024,Second Class,CUST-1090,Consumer,India,Hyderabad,Telangana,South,Office Supplies,Binders,Sticky Notes,2,0.1,176.04,17.5,0.099409225,2024-07,2024
ORD-10609,21-10-2023,24-10-2023,Second Class,CUST-1555,Corporate,India,Chennai,Tamil Nadu,South,Furniture,Storage,Reception Desk,3,0,398.4,69.12,0.173493976,2023-10,2023
ORD-11890,28-07-2024,31-07-2024,Standard,CUST-1337,Consumer,India,Ahmedabad,Gujarat,West,Office Supplies,Binders,Notebook,3,0.1,180.24,10.25,0.05686862,2024-07,2024
ORD-10263,21-04-2023,26-04-2023,Same Day,CUST-1373,Corporate,India,Jaipur,Rajasthan,North,Office Supplies,Stationery,Sticky Notes,1,0.1,115.78,23.17,0.200120919,2023-04,2023
ORD-12308,18-06-2023,21-06-2023,First Class,CUST-1556,Corporate,India,Kolkata,West Bengal,East,Technology,Printers,Smartphone,3,0.15,2982.43,256.13,0.085879635,2023-06,2023
ORD-10021,07-06-2024,08-06-2024,Standard,CUST-1539,Home Office,India,Bhopal,Madhya Pradesh,Central,Furniture,Office Furniture,Executive Chair,5,0.2,1787.66,156.9,0.087768368,2024-06,2024
ORD-12329,01-02-2023,05-02-2023,First Class,CUST-1587,Consumer,India,Pune,Maharashtra,West,Technology,Printers,Smartphone,1,0.05,223.44,42.08,0.188327963,2023-02,2023
ORD-11902,04-02-2023,05-02-2023,First Class,CUST-1123,Corporate,India,Bhopal,Madhya Pradesh,Central,Office Supplies,Paper,Printer Paper,3,0.1,333.78,44.19,0.132392594,2023-02,2023
ORD-10346,30-09-2023,02-10-2023,First Class,CUST-1060,Consumer,India,Mumbai,Maharashtra,West,Technology,Computers,Mechanical Keyboard,3,0.05,1047.76,199.28,0.190196228,2023-09,2023
ORD-10549,31-01-2023,04-02-2023,Standard,CUST-1576,Corporate,India,Bengaluru,Karnataka,South,Office Supplies,Stationery,Printer Paper,1,0.05,111.12,8.8,0.079193665,2023-01,2023
ORD-10573,05-02-2025,06-02-2025,Standard,CUST-1045,Corporate,India,Chennai,Tamil Nadu,South,Office Supplies,Stationery,File Binder,4,0.15,163.43,13.11,0.08021783,2025-02,2025
ORD-12345,17-09-2024,19-09-2024,First Class,CUST-1185,Corporate,India,Ahmedabad,Gujarat,West,Furniture,Chairs,Office Chair,1,0.1,217.59,3.84,0.01764787,2024-09,2024
ORD-12107,20-04-2025,22-04-2025,Standard,CUST-1555,Corporate,India,Lucknow,Uttar Pradesh,North,Technology,Computers,Mechanical Keyboard,4,0.1,2025.33,292.64,0.144490034,2025-04,2025
ORD-10118,06-09-2023,09-09-2023,Second Class,CUST-1292,Consumer,India,Ahmedabad,Gujarat,West,Furniture,Chairs,Filing Cabinet,3,0,718.02,105.97,0.147586418,2023-09,2023
ORD-10604,20-08-2024,23-08-2024,Standard,CUST-1179,Consumer,India,Delhi,Delhi,North,Technology,Printers,Tablet,2,0.05,331.08,64.12,0.193669204,2024-08,2024
ORD-11723,31-07-2023,03-08-2023,Standard,CUST-1180,Corporate,India,Ahmedabad,Gujarat,West,Technology,Computers,Wireless Headset,1,0.15,179.82,17.87,0.099377155,2023-07,2023
ORD-10025,09-12-2025,11-12-2025,Standard,CUST-1371,Consumer,India,Lucknow,Uttar Pradesh,North,Furniture,Chairs,Bookshelf,2,0.15,236.93,18.95,0.079981429,2025-12,2025
ORD-10168,21-05-2024,22-05-2024,Second Class,CUST-1498,Consumer,India,Jaipur,Rajasthan,North,Technology,Printers,USB-C Hub,5,0,1452.65,273.29,0.188132035,2024-05,2024
ORD-10006,06-04-2024,08-04-2024,Standard,CUST-1181,Consumer,India,Chennai,Tamil Nadu,South,Technology,Printers,Laser Printer,3,0.05,1043.94,120.64,0.115562197,2024-04,2024
ORD-11927,26-10-2024,28-10-2024,Standard,CUST-1237,Consumer,India,Chennai,Tamil Nadu,South,Technology,Accessories,USB-C Hub,2,0.2,1865.61,126.33,0.067715117,2024-10,2024
ORD-11867,29-12-2024,30-12-2024,Standard,CUST-1054,Consumer,India,Delhi,Delhi,North,Technology,Accessories,Monitor,2,0.15,306.56,20.46,0.066740605,2024-12,2024
ORD-11820,04-10-2024,08-10-2024,Second Class,CUST-1488,Consumer,India,Hyderabad,Telangana,South,Technology,Phones,Wireless Headset,2,0.05,306.25,56.05,0.183020408,2024-10,2024
ORD-10595,06-02-2025,07-02-2025,Standard,CUST-1239,Consumer,India,Nagpur,Maharashtra,Central,Technology,Printers,Business Laptop,3,0.2,926.6,87.72,0.094668681,2025-02,2025
ORD-12201,18-11-2024,23-11-2024,Standard,CUST-1021,Consumer,India,Nagpur,Maharashtra,Central,Technology,Accessories,Tablet,3,0.1,938.95,176.08,0.187528622,2024-11,2024
ORD-11600,28-02-2024,01-03-2024,Standard,CUST-1570,Corporate,India,Pune,Maharashtra,West,Furniture,Chairs,Office Chair,2,0.2,336.95,-10.25,-0.030419944,2024-02,2024
ORD-11909,03-09-2023,07-09-2023,Standard,CUST-1205,Consumer,India,Hyderabad,Telangana,South,Furniture,Storage,Office Chair,4,0.1,1694.04,64.1,0.03783854,2023-09,2023
ORD-11617,07-09-2025,08-09-2025,Standard,CUST-1132,Consumer,India,Mumbai,Maharashtra,West,Office Supplies,Stationery,Desk Organizer,4,0.3,534.5,-33.06,-0.061852198,2025-09,2025
ORD-10091,29-05-2023,02-06-2023,Standard,CUST-1505,Home Office,India,Kolkata,West Bengal,East,Technology,Printers,Smartphone,2,0.3,106.83,-5.45,-0.051015632,2023-05,2023
ORD-12180,14-10-2024,18-10-2024,Same Day,CUST-1279,Corporate,India,Mumbai,Maharashtra,West,Office Supplies,Writing,Ball Pen Set,2,0.1,107.2,9.25,0.086287313,2024-10,2024
ORD-11959,11-12-2024,13-12-2024,Standard,CUST-1504,Home Office,India,Delhi,Delhi,North,Technology,Accessories,Smartphone,4,0.1,699.52,88.65,0.126729758,2024-12,2024
ORD-11128,21-12-2025,24-12-2025,Second Class,CUST-1246,Consumer,India,Lucknow,Uttar Pradesh,North,Furniture,Office Furniture,Bookshelf,4,0.15,1375.66,105.67,0.076814038,2025-12,2025
ORD-10151,06-06-2025,08-06-2025,Second Class,CUST-1565,Corporate,India,Bengaluru,Karnataka,South,Technology,Accessories,USB-C Hub,5,0.05,853.07,199.15,0.233450948,2025-06,2025
ORD-11865,21-12-2025,23-12-2025,Standard,CUST-1506,Home Office,India,Bengaluru,Karnataka,South,Technology,Printers,Laser Printer,3,0,1073.32,265.71,0.247558976,2025-12,2025
ORD-11124,17-10-2025,21-10-2025,Standard,CUST-1087,Home Office,India,Bhopal,Madhya Pradesh,Central,Technology,Accessories,USB-C Hub,3,0.2,1149.82,83.07,0.072246091,2025-10,2025
ORD-12208,09-04-2023,11-04-2023,Same Day,CUST-1235,Consumer,India,Bengaluru,Karnataka,South,Technology,Printers,Monitor,3,0,222.17,38.78,0.174551019,2023-04,2023
ORD-10950,21-02-2024,26-02-2024,Same Day,CUST-1186,Consumer,India,Bhopal,Madhya Pradesh,Central,Technology,Computers,Mechanical Keyboard,3,0.2,647.66,52.18,0.080566964,2024-02,2024
ORD-11809,06-06-2025,09-06-2025,Standard,CUST-1420,Corporate,India,Bengaluru,Karnataka,South,Technology,Printers,Laser Printer,2,0.3,608.57,-8.5,-0.013967169,2025-06,2025
ORD-10594,29-08-2025,01-09-2025,First Class,CUST-1509,Corporate,India,Hyderabad,Telangana,South,Furniture,Office Furniture,Standing Desk,2,0.05,351.59,14.35,0.040814585,2025-08,2025
ORD-10047,14-04-2023,16-04-2023,Second Class,CUST-1270,Home Office,India,Bhopal,Madhya Pradesh,Central,Office Supplies,Paper,File Binder,2,0.05,256.85,25.35,0.098695737,2023-04,2023
ORD-11682,08-10-2023,10-10-2023,Second Class,CUST-1489,Consumer,India,Kolkata,West Bengal,East,Furniture,Storage,Reception Desk,1,0.1,152.83,10.17,0.066544527,2023-10,2023
ORD-11584,01-02-2023,04-02-2023,Second Class,CUST-1243,Consumer,India,Jaipur,Rajasthan,North,Office Supplies,Stationery,Notebook,4,0.2,747.99,27.05,0.036163585,2023-02,2023
ORD-11085,26-01-2023,28-01-2023,Second Class,CUST-1042,Corporate,India,Mumbai,Maharashtra,West,Technology,Phones,Wireless Headset,3,0,1566.13,286.77,0.183107405,2023-01,2023
ORD-11846,02-11-2025,05-11-2025,Standard,CUST-1442,Consumer,India,Bhopal,Madhya Pradesh,Central,Furniture,Chairs,Office Chair,4,0.3,399.35,-48.38,-0.121146864,2025-11,2025
ORD-10132,25-03-2024,28-03-2024,First Class,CUST-1358,Home Office,India,Mumbai,Maharashtra,West,Furniture,Chairs,Standing Desk,4,0.05,683.61,98.13,0.143546759,2024-03,2024
ORD-12032,06-11-2024,09-11-2024,Second Class,CUST-1574,Corporate,India,Ahmedabad,Gujarat,West,Furniture,Office Furniture,Reception Desk,2,0,314.74,38.22,0.121433564,2024-11,2024
ORD-11117,26-11-2023,29-11-2023,Standard,CUST-1192,Corporate,India,Delhi,Delhi,North,Office Supplies,Binders,Ball Pen Set,1,0.1,65.51,5.31,0.081056327,2023-11,2023
ORD-10936,06-04-2023,08-04-2023,Standard,CUST-1541,Home Office,India,Bhopal,Madhya Pradesh,Central,Office Supplies,Writing,File Binder,2,0,85.22,13.99,0.164163342,2023-04,2023
ORD-10863,26-03-2023,29-03-2023,Standard,CUST-1211,Corporate,India,Delhi,Delhi,North,Office Supplies,Paper,Desk Organizer,1,0.2,48.4,0.03,0.000619835,2023-03,2023
ORD-10917,12-10-2023,14-10-2023,Second Class,CUST-1074,Corporate,India,Lucknow,Uttar Pradesh,North,Technology,Printers,Smartphone,3,0,1924.63,341.61,0.177493856,2023-10,2023
ORD-10444,27-06-2025,28-06-2025,Same Day,CUST-1350,Home Office,India,Mumbai,Maharashtra,West,Technology,Computers,Tablet,3,0,1652.51,363.54,0.219992617,2025-06,2025
ORD-10429,30-09-2025,03-10-2025,First Class,CUST-1013,Corporate,India,Bengaluru,Karnataka,South,Technology,Printers,Laser Printer,2,0.1,185.55,35.93,0.193640528,2025-09,2025
ORD-11701,11-03-2025,12-03-2025,Second Class,CUST-1423,Consumer,India,Hyderabad,Telangana,South,Technology,Printers,Monitor,1,0,443.9,69.35,0.15622888,2025-03,2025
ORD-10779,21-07-2024,26-07-2024,Standard,CUST-1457,Consumer,India,Lucknow,Uttar Pradesh,North,Furniture,Office Furniture,Filing Cabinet,4,0.15,1369.76,58.95,0.043036736,2024-07,2024
ORD-10523,29-11-2024,02-12-2024,Standard,CUST-1359,Consumer,India,Hyderabad,Telangana,South,Office Supplies,Writing,File Binder,2,0.15,57.57,5.6,0.097272885,2024-11,2024
ORD-10802,21-06-2025,25-06-2025,Standard,CUST-1485,Consumer,India,Nagpur,Maharashtra,Central,Furniture,Chairs,Standing Desk,3,0.05,975.03,70.28,0.072079833,2025-06,2025
ORD-11980,07-12-2025,10-12-2025,First Class,CUST-1199,Consumer,India,Nagpur,Maharashtra,Central,Technology,Computers,Business Laptop,2,0.1,320.92,40.44,0.126012713,2025-12,2025
ORD-11383,29-06-2024,01-07-2024,First Class,CUST-1534,Consumer,India,Bhopal,Madhya Pradesh,Central,Technology,Computers,Mechanical Keyboard,5,0.05,951.15,205.48,0.216033223,2024-06,2024
ORD-11311,15-03-2023,17-03-2023,First Class,CUST-1136,Corporate,India,Hyderabad,Telangana,South,Office Supplies,Paper,Envelope Pack,4,0,148.57,17.32,0.116578044,2023-03,2023
ORD-10702,09-12-2023,10-12-2023,Second Class,CUST-1537,Consumer,India,Kolkata,West Bengal,East,Office Supplies,Binders,Printer Paper,2,0.05,81.33,10.36,0.12738227,2023-12,2023
ORD-10612,13-07-2023,16-07-2023,Standard,CUST-1339,Consumer,India,Kolkata,West Bengal,East,Furniture,Tables,Reception Desk,4,0,1213.15,175.73,0.144854305,2023-07,2023
ORD-10054,13-06-2024,15-06-2024,Standard,CUST-1336,Corporate,India,Chennai,Tamil Nadu,South,Technology,Computers,Laser Printer,5,0.3,811.84,82.62,0.101768821,2024-06,2024
ORD-10165,18-04-2023,22-04-2023,First Class,CUST-1579,Consumer,India,Ahmedabad,Gujarat,West,Office Supplies,Paper,Notebook,3,0.15,154.69,7.89,0.051005236,2023-04,2023
ORD-11349,09-03-2024,11-03-2024,Standard,CUST-1163,Corporate,India,Hyderabad,Telangana,South,Office Supplies,Binders,Printer Paper,2,0.1,122.39,12.06,0.098537462,2024-03,2024
ORD-11889,18-05-2023,20-05-2023,Standard,CUST-1599,Corporate,India,Bengaluru,Karnataka,South,Technology,Computers,Smartphone,3,0.1,760.68,107.64,0.141504969,2023-05,2023
ORD-10135,08-11-2025,13-11-2025,Standard,CUST-1480,Corporate,India,Ahmedabad,Gujarat,West,Office Supplies,Paper,File Binder,2,0.05,71.03,7.49,0.105448402,2025-11,2025
ORD-11502,17-03-2023,19-03-2023,Standard,CUST-1060,Consumer,India,Hyderabad,Telangana,South,Technology,Phones,USB-C Hub,5,0.1,1494.65,223.17,0.149312548,2023-03,2023
ORD-10003,09-03-2023,12-03-2023,Standard,CUST-1387,Corporate,India,Bhopal,Madhya Pradesh,Central,Furniture,Office Furniture,Office Chair,5,0.1,1772.35,43.96,0.024803227,2023-03,2023
ORD-11800,11-09-2025,14-09-2025,Same Day,CUST-1257,Corporate,India,Jaipur,Rajasthan,North,Office Supplies,Stationery,Envelope Pack,4,0.2,364.5,16.32,0.044773663,2025-09,2025
ORD-10786,13-03-2023,18-03-2023,Second Class,CUST-1307,Home Office,India,Lucknow,Uttar Pradesh,North,Office Supplies,Stationery,Printer Paper,2,0.3,212.31,-6.74,-0.031746032,2023-03,2023
ORD-11134,27-01-2024,30-01-2024,Standard,CUST-1590,Consumer,India,Kolkata,West Bengal,East,Furniture,Storage,Executive Chair,2,0.1,326.06,43.8,0.134331105,2024-01,2024
ORD-11549,21-04-2024,22-04-2024,Second Class,CUST-1222,Consumer,India,Lucknow,Uttar Pradesh,North,Furniture,Chairs,Conference Table,1,0,85.08,11,0.12929008,2024-04,2024
ORD-12438,29-04-2024,30-04-2024,Second Class,CUST-1032,Home Office,India,Pune,Maharashtra,West,Technology,Phones,Monitor,2,0,624.52,147.9,0.236821879,2024-04,2024
ORD-11465,24-03-2023,27-03-2023,First Class,CUST-1587,Consumer,India,Mumbai,Maharashtra,West,Office Supplies,Stationery,Desk Organizer,3,0.15,589.15,9.13,0.015496902,2023-03,2023
ORD-11347,15-06-2023,18-06-2023,Standard,CUST-1117,Consumer,India,Jaipur,Rajasthan,North,Office Supplies,Binders,Printer Paper,5,0.1,246.35,19.13,0.077653745,2023-06,2023
ORD-10336,17-07-2023,19-07-2023,Standard,CUST-1259,Consumer,India,Bhopal,Madhya Pradesh,Central,Furniture,Office Furniture,Filing Cabinet,2,0.1,205.52,1.91,0.009293499,2023-07,2023
ORD-11313,16-07-2023,18-07-2023,First Class,CUST-1418,Consumer,India,Chennai,Tamil Nadu,South,Office Supplies,Writing,Envelope Pack,2,0.1,143.26,25,0.174507888,2023-07,2023
ORD-11076,17-09-2025,19-09-2025,Second Class,CUST-1206,Consumer,India,Jaipur,Rajasthan,North,Technology,Accessories,Laser Printer,2,0.3,665.16,-8.15,-0.012252691,2025-09,2025
ORD-11190,17-11-2025,19-11-2025,Standard,CUST-1032,Consumer,India,Bhopal,Madhya Pradesh,Central,Furniture,Office Furniture,Executive Chair,1,0.15,106.15,-1.75,-0.016486105,2025-11,2025
ORD-10124,06-12-2023,10-12-2023,Second Class,CUST-1095,Consumer,India,Lucknow,Uttar Pradesh,North,Furniture,Office Furniture,Office Chair,3,0.1,665.82,22.86,0.034333604,2023-12,2023
ORD-10417,22-08-2023,23-08-2023,Second Class,CUST-1182,Home Office,India,Lucknow,Uttar Pradesh,North,Office Supplies,Paper,Sticky Notes,3,0,497.85,75.84,0.152335041,2023-08,2023
ORD-10704,06-07-2024,10-07-2024,Same Day,CUST-1083,Corporate,India,Hyderabad,Telangana,South,Technology,Accessories,Laser Printer,3,0.3,2122.44,31.25,0.01472362,2024-07,2024
ORD-12105,06-07-2025,09-07-2025,Standard,CUST-1412,Corporate,India,Hyderabad,Telangana,South,Furniture,Tables,Bookshelf,2,0,348.13,64.48,0.185218166,2025-07,2025
ORD-12181,13-12-2025,16-12-2025,Second Class,CUST-1415,Consumer,India,Bhopal,Madhya Pradesh,Central,Furniture,Chairs,Bookshelf,5,0.1,1317.43,138.84,0.105387003,2025-12,2025
ORD-11173,12-12-2024,16-12-2024,Standard,CUST-1486,Consumer,India,Pune,Maharashtra,West,Technology,Accessories,Tablet,3,0.15,1575.8,103.22,0.065503236,2024-12,2024
ORD-11947,15-12-2025,18-12-2025,Same Day,CUST-1160,Consumer,India,Ahmedabad,Gujarat,West,Technology,Printers,Laser Printer,2,0.1,228.17,20.34,0.089144059,2025-12,2025
ORD-10287,22-09-2025,27-09-2025,Standard,CUST-1142,Corporate,India,Pune,Maharashtra,West,Technology,Printers,Mechanical Keyboard,1,0.15,171.13,21.66,0.126570444,2025-09,2025
ORD-10457,13-03-2023,16-03-2023,Second Class,CUST-1537,Consumer,India,Chennai,Tamil Nadu,South,Office Supplies,Paper,Ball Pen Set,3,0.3,135.54,6.97,0.051423934,2023-03,2023
ORD-10633,06-09-2025,11-09-2025,First Class,CUST-1532,Consumer,India,Hyderabad,Telangana,South,Technology,Phones,Laser Printer,2,0.05,1192.05,178.19,0.149481985,2025-09,2025
ORD-10926,04-09-2025,05-09-2025,Standard,CUST-1059,Consumer,India,Bhopal,Madhya Pradesh,Central,Office Supplies,Paper,File Binder,2,0.2,105.1,6.37,0.060608944,2025-09,2025
ORD-12105,24-01-2025,28-01-2025,Same Day,CUST-1343,Consumer,India,Chennai,Tamil Nadu,South,Furniture,Office Furniture,Conference Table,1,0.05,39.66,3.71,0.093545134,2025-01,2025
ORD-10813,08-08-2023,10-08-2023,Standard,CUST-1009,Consumer,India,Hyderabad,Telangana,South,Office Supplies,Paper,File Binder,5,0.1,508.31,7.06,0.013889162,2023-08,2023
ORD-10613,15-09-2023,18-09-2023,Standard,CUST-1007,Corporate,India,Hyderabad,Telangana,South,Technology,Printers,Mechanical Keyboard,3,0.05,641.26,148.25,0.231185479,2023-09,2023
ORD-10599,16-09-2024,18-09-2024,Second Class,CUST-1300,Home Office,India,Bhopal,Madhya Pradesh,Central,Furniture,Chairs,Executive Chair,3,0,600.36,38.4,0.063961623,2024-09,2024
ORD-11379,27-10-2024,01-11-2024,Standard,CUST-1101,Consumer,India,Nagpur,Maharashtra,Central,Technology,Printers,Smartphone,1,0.15,163.86,13.82,0.08434029,2024-10,2024
ORD-10246,04-08-2024,06-08-2024,Standard,CUST-1561,Consumer,India,Bhopal,Madhya Pradesh,Central,Technology,Printers,Business Laptop,1,0.05,88.91,13.7,0.154088404,2024-08,2024
ORD-11788,20-12-2023,25-12-2023,Standard,CUST-1043,Corporate,India,Hyderabad,Telangana,South,Technology,Phones,Mechanical Keyboard,3,0.15,3906.3,585,0.149758083,2023-12,2023
ORD-11272,16-03-2023,17-03-2023,Standard,CUST-1559,Consumer,India,Bengaluru,Karnataka,South,Furniture,Chairs,Filing Cabinet,3,0.15,808.34,82.68,0.102283693,2023-03,2023
ORD-11423,20-08-2023,22-08-2023,First Class,CUST-1581,Consumer,India,Delhi,Delhi,North,Furniture,Chairs,Standing Desk,2,0.05,181.19,14.89,0.082178928,2023-08,2023
ORD-12252,06-04-2024,07-04-2024,Standard,CUST-1282,Home Office,India,Jaipur,Rajasthan,North,Technology,Computers,USB-C Hub,4,0,1402.62,290.67,0.207233606,2024-04,2024
ORD-12487,02-09-2025,04-09-2025,Standard,CUST-1183,Consumer,India,Bengaluru,Karnataka,South,Office Supplies,Paper,Sticky Notes,1,0.05,41.46,4.13,0.099614086,2025-09,2025
ORD-12262,15-03-2025,17-03-2025,Standard,CUST-1325,Home Office,India,Mumbai,Maharashtra,West,Technology,Phones,Monitor,4,0.05,740.17,132.44,0.178931867,2025-03,2025
ORD-10008,18-04-2025,21-04-2025,Standard,CUST-1544,Corporate,India,Lucknow,Uttar Pradesh,North,Technology,Printers,Monitor,2,0.1,807.33,96.61,0.11966606,2025-04,2025
ORD-10547,14-02-2025,15-02-2025,First Class,CUST-1432,Consumer,India,Kolkata,West Bengal,East,Furniture,Office Furniture,Filing Cabinet,3,0.3,322.81,-35.36,-0.109538118,2025-02,2025
ORD-11150,04-04-2023,08-04-2023,Second Class,CUST-1288,Consumer,India,Bhopal,Madhya Pradesh,Central,Furniture,Office Furniture,Bookshelf,1,0.3,177.64,-13.04,-0.07340689,2023-04,2023
ORD-11631,04-08-2023,06-08-2023,Standard,CUST-1516,Home Office,India,Chennai,Tamil Nadu,South,Office Supplies,Paper,File Binder,1,0.1,77.76,8.43,0.108410494,2023-08,2023
ORD-11135,09-07-2024,11-07-2024,First Class,CUST-1459,Consumer,India,Bhopal,Madhya Pradesh,Central,Technology,Phones,Wireless Headset,3,0.1,1600.99,203.97,0.12740242,2024-07,2024
ORD-10712,10-03-2023,14-03-2023,Standard,CUST-1552,Consumer,India,Delhi,Delhi,North,Furniture,Storage,Reception Desk,4,0.15,384.69,-1.37,-0.003561309,2023-03,2023
ORD-10616,10-01-2024,12-01-2024,Standard,CUST-1549,Corporate,India,Nagpur,Maharashtra,Central,Technology,Printers,Laser Printer,3,0.15,2179.06,220.83,0.101341863,2024-01,2024
ORD-11341,08-09-2023,09-09-2023,Standard,CUST-1364,Corporate,India,Mumbai,Maharashtra,West,Technology,Phones,Wireless Headset,5,0.3,1797.23,-10.86,-0.006042632,2023-09,2023
ORD-10761,19-02-2025,23-02-2025,Standard,CUST-1019,Consumer,India,Bhopal,Madhya Pradesh,Central,Technology,Printers,Tablet,2,0.3,888.67,29.29,0.032959366,2025-02,2025
ORD-11312,23-02-2024,24-02-2024,Standard,CUST-1190,Consumer,India,Ahmedabad,Gujarat,West,Office Supplies,Stationery,Sticky Notes,1,0,208.73,43.27,0.207301298,2024-02,2024
ORD-11229,24-08-2023,26-08-2023,Same Day,CUST-1503,Consumer,India,Hyderabad,Telangana,South,Office Supplies,Writing,File Binder,2,0.3,441.46,-30.9,-0.069995017,2023-08,2023
ORD-11564,13-11-2024,15-11-2024,First Class,CUST-1221,Consumer,India,Hyderabad,Telangana,South,Office Supplies,Paper,Desk Organizer,2,0.15,66.37,0.27,0.004068103,2024-11,2024
ORD-11574,09-10-2024,11-10-2024,Second Class,CUST-1004,Corporate,India,Kolkata,West Bengal,East,Technology,Accessories,Tablet,2,0.3,396.48,2.78,0.007011703,2024-10,2024
ORD-10699,30-10-2025,02-11-2025,Second Class,CUST-1221,Consumer,India,Kolkata,West Bengal,East,Furniture,Storage,Filing Cabinet,2,0,126.96,16.79,0.132246377,2025-10,2025
ORD-10881,08-02-2024,10-02-2024,Second Class,CUST-1379,Consumer,India,Kolkata,West Bengal,East,Technology,Computers,Laser Printer,3,0,509.02,111.81,0.219657381,2024-02,2024
ORD-11477,29-10-2025,31-10-2025,Standard,CUST-1200,Consumer,India,Nagpur,Maharashtra,Central,Office Supplies,Binders,Printer Paper,2,0.1,155.68,27.41,0.17606629,2025-10,2025
ORD-11409,23-05-2024,26-05-2024,Standard,CUST-1526,Corporate,India,Mumbai,Maharashtra,West,Furniture,Storage,Reception Desk,2,0.05,558.52,40.64,0.072763733,2024-05,2024
ORD-11612,08-06-2025,11-06-2025,Standard,CUST-1127,Home Office,India,Lucknow,Uttar Pradesh,North,Technology,Computers,Wireless Headset,3,0,713.84,150.62,0.210999664,2025-06,2025
ORD-10588,31-03-2024,04-04-2024,Second Class,CUST-1214,Consumer,India,Nagpur,Maharashtra,Central,Furniture,Chairs,Bookshelf,5,0.05,1730.98,157.67,0.09108713,2024-03,2024
ORD-10075,23-05-2024,27-05-2024,Standard,CUST-1241,Consumer,India,Lucknow,Uttar Pradesh,North,Technology,Phones,Tablet,1,0,209.47,38.76,0.18503843,2024-05,2024
ORD-11716,14-12-2023,15-12-2023,Standard,CUST-1424,Consumer,India,Bengaluru,Karnataka,South,Furniture,Tables,Executive Chair,2,0,659.58,118.99,0.18040268,2023-12,2023
ORD-11623,15-02-2024,16-02-2024,Standard,CUST-1215,Consumer,India,Chennai,Tamil Nadu,South,Office Supplies,Binders,Printer Paper,3,0.15,482.33,22.32,0.046275372,2024-02,2024
ORD-12296,10-09-2023,12-09-2023,First Class,CUST-1265,Corporate,India,Nagpur,Maharashtra,Central,Technology,Computers,Tablet,4,0.15,578.11,39.45,0.068239608,2023-09,2023
ORD-10853,03-07-2023,05-07-2023,First Class,CUST-1002,Consumer,India,Nagpur,Maharashtra,Central,Office Supplies,Writing,Notebook,2,0.05,157.98,17.73,0.112229396,2023-07,2023
ORD-11298,05-09-2024,09-09-2024,Standard,CUST-1024,Consumer,India,Bengaluru,Karnataka,South,Furniture,Office Furniture,Standing Desk,2,0.2,306.05,12.79,0.041790557,2024-09,2024
ORD-10169,09-04-2023,13-04-2023,First Class,CUST-1465,Corporate,India,Bhopal,Madhya Pradesh,Central,Furniture,Storage,Executive Chair,3,0.15,1149.66,-6.64,-0.005775621,2023-04,2023
ORD-11369,18-11-2024,20-11-2024,First Class,CUST-1416,Corporate,India,Jaipur,Rajasthan,North,Technology,Accessories,Mechanical Keyboard,5,0.15,2950.67,308.01,0.104386461,2024-11,2024
ORD-10823,23-11-2024,25-11-2024,First Class,CUST-1241,Consumer,India,Bhopal,Madhya Pradesh,Central,Technology,Computers,Business Laptop,4,0.2,412.85,53.62,0.12987768,2024-11,2024
ORD-11398,04-03-2025,06-03-2025,Standard,CUST-1424,Corporate,India,Ahmedabad,Gujarat,West,Furniture,Storage,Filing Cabinet,1,0.15,87.63,-0.16,-0.001825859,2025-03,2025
ORD-11935,30-04-2023,04-05-2023,Standard,CUST-1029,Consumer,India,Bhopal,Madhya Pradesh,Central,Technology,Accessories,Tablet,4,0.1,1254.54,254.58,0.202926969,2023-04,2023
ORD-11921,19-12-2024,22-12-2024,Second Class,CUST-1327,Home Office,India,Chennai,Tamil Nadu,South,Technology,Phones,Mechanical Keyboard,3,0.1,798.74,100.55,0.12588577,2024-12,2024
ORD-11301,01-04-2025,04-04-2025,First Class,CUST-1397,Corporate,India,Jaipur,Rajasthan,North,Technology,Computers,Tablet,2,0,2148.8,422.49,0.196616716,2025-04,2025
ORD-12017,03-01-2023,06-01-2023,First Class,CUST-1055,Consumer,India,Hyderabad,Telangana,South,Technology,Phones,USB-C Hub,2,0.1,647.53,84.17,0.129986255,2023-01,2023
ORD-10284,16-08-2025,18-08-2025,Standard,CUST-1114,Corporate,India,Delhi,Delhi,North,Technology,Accessories,Monitor,2,0.3,706.34,25.27,0.035775972,2025-08,2025
ORD-10079,26-05-2023,28-05-2023,Standard,CUST-1290,Consumer,India,Bhopal,Madhya Pradesh,Central,Office Supplies,Paper,Ball Pen Set,1,0.3,52.57,0.97,0.018451588,2023-05,2023
ORD-12273,07-01-2024,08-01-2024,Second Class,CUST-1457,Corporate,India,Jaipur,Rajasthan,North,Technology,Phones,Laser Printer,2,0.2,338.92,12.69,0.037442464,2024-01,2024
ORD-10417,05-10-2023,09-10-2023,Second Class,CUST-1084,Consumer,India,Delhi,Delhi,North,Technology,Phones,Tablet,3,0.05,557.79,91.64,0.164291221,2023-10,2023
ORD-10393,03-06-2023,07-06-2023,Same Day,CUST-1187,Consumer,India,Hyderabad,Telangana,South,Furniture,Tables,Filing Cabinet,1,0.05,82.1,7.8,0.09500609,2023-06,2023
ORD-12046,23-09-2025,26-09-2025,Second Class,CUST-1087,Consumer,India,Pune,Maharashtra,West,Office Supplies,Binders,Printer Paper,5,0.1,274.57,26.58,0.096805915,2025-09,2025
ORD-11614,13-06-2024,15-06-2024,Second Class,CUST-1207,Corporate,India,Ahmedabad,Gujarat,West,Office Supplies,Paper,Envelope Pack,5,0.05,837.72,120.28,0.143580194,2024-06,2024
ORD-10474,31-05-2023,02-06-2023,Standard,CUST-1093,Consumer,India,Delhi,Delhi,North,Office Supplies,Stationery,Desk Organizer,3,0.3,441.26,-19.54,-0.044282283,2023-05,2023
ORD-12355,08-02-2025,09-02-2025,Standard,CUST-1124,Corporate,India,Nagpur,Maharashtra,Central,Technology,Phones,Laser Printer,1,0,381.5,78.49,0.205740498,2025-02,2025
ORD-12347,01-07-2025,03-07-2025,Standard,CUST-1270,Home Office,India,Hyderabad,Telangana,South,Furniture,Chairs,Standing Desk,2,0.15,389.48,15.31,0.039308822,2025-07,2025
ORD-11567,01-12-2025,03-12-2025,Standard,CUST-1500,Consumer,India,Nagpur,Maharashtra,Central,Furniture,Chairs,Office Chair,1,0.05,82.71,7.67,0.092733648,2025-12,2025
ORD-10742,04-05-2025,06-05-2025,Standard,CUST-1228,Corporate,India,Jaipur,Rajasthan,North,Furniture,Chairs,Office Chair,3,0,1151.77,128.17,0.111280898,2025-05,2025
ORD-12276,29-03-2024,31-03-2024,Standard,CUST-1146,Consumer,India,Delhi,Delhi,North,Technology,Computers,Tablet,2,0,248.13,43.38,0.174827711,2024-03,2024
ORD-11726,03-05-2025,07-05-2025,First Class,CUST-1411,Corporate,India,Bhopal,Madhya Pradesh,Central,Office Supplies,Writing,Printer Paper,3,0.2,125.66,-3.9,-0.031036129,2025-05,2025
ORD-11508,28-04-2024,29-04-2024,Standard,CUST-1017,Consumer,India,Chennai,Tamil Nadu,South,Technology,Computers,Tablet,3,0,606.51,139.55,0.230086891,2024-04,2024
ORD-11145,15-11-2024,16-11-2024,Standard,CUST-1542,Consumer,India,Bhopal,Madhya Pradesh,Central,Furniture,Office Furniture,Office Chair,1,0.15,150.15,17.83,0.118747919,2024-11,2024
ORD-11571,02-10-2023,05-10-2023,Standard,CUST-1414,Corporate,India,Pune,Maharashtra,West,Technology,Accessories,Business Laptop,2,0.3,391.52,-12.35,-0.031543727,2023-10,2023
ORD-12234,03-10-2024,08-10-2024,Second Class,CUST-1522,Corporate,India,Bengaluru,Karnataka,South,Furniture,Storage,Executive Chair,2,0.1,504.52,17.49,0.034666614,2024-10,2024
ORD-10694,21-03-2025,22-03-2025,Same Day,CUST-1094,Home Office,India,Chennai,Tamil Nadu,South,Furniture,Tables,Filing Cabinet,1,0.05,51.82,5.73,0.110575068,2025-03,2025
ORD-10504,05-04-2025,07-04-2025,Standard,CUST-1599,Corporate,India,Bengaluru,Karnataka,South,Furniture,Chairs,Standing Desk,4,0,2128.8,333.49,0.156656332,2025-04,2025
ORD-11466,13-05-2025,15-05-2025,Standard,CUST-1025,Consumer,India,Nagpur,Maharashtra,Central,Office Supplies,Stationery,Printer Paper,2,0.3,365.17,-14.18,-0.038831229,2025-05,2025
ORD-11524,11-10-2025,12-10-2025,First Class,CUST-1147,Consumer,India,Hyderabad,Telangana,South,Furniture,Storage,Office Chair,3,0.1,1574.37,73.73,0.046831431,2025-10,2025
ORD-10033,18-11-2025,20-11-2025,First Class,CUST-1170,Corporate,India,Kolkata,West Bengal,East,Technology,Printers,Tablet,1,0.15,451.55,42.98,0.095183258,2025-11,2025
ORD-10492,10-12-2025,14-12-2025,Standard,CUST-1032,Consumer,India,Chennai,Tamil Nadu,South,Technology,Printers,Wireless Headset,2,0.1,406.53,70.73,0.1739847,2025-12,2025
ORD-10087,23-05-2023,27-05-2023,Standard,CUST-1140,Home Office,India,Chennai,Tamil Nadu,South,Technology,Computers,Wireless Headset,5,0.1,2090.7,280.94,0.134376046,2023-05,2023
ORD-11735,04-04-2024,06-04-2024,Standard,CUST-1493,Consumer,India,Hyderabad,Telangana,South,Technology,Accessories,Laser Printer,2,0,617.84,117.4,0.190016833,2024-04,2024
ORD-11843,11-10-2025,12-10-2025,Standard,CUST-1375,Consumer,India,Lucknow,Uttar Pradesh,North,Office Supplies,Stationery,Ball Pen Set,2,0,331.36,45.77,0.138127716,2025-10,2025
ORD-11993,05-10-2023,07-10-2023,Standard,CUST-1588,Home Office,India,Hyderabad,Telangana,South,Office Supplies,Paper,Printer Paper,2,0.1,94.44,9.69,0.102604828,2023-10,2023
ORD-10793,03-01-2025,05-01-2025,Standard,CUST-1205,Consumer,India,Ahmedabad,Gujarat,West,Furniture,Tables,Executive Chair,1,0.1,334.46,42.38,0.126711714,2025-01,2025
ORD-10215,16-03-2023,18-03-2023,Standard,CUST-1543,Consumer,India,Pune,Maharashtra,West,Office Supplies,Stationery,Ball Pen Set,4,0.05,223.18,20.65,0.092526212,2023-03,2023
ORD-11061,23-02-2025,26-02-2025,Standard,CUST-1235,Corporate,India,Ahmedabad,Gujarat,West,Technology,Accessories,Wireless Headset,3,0.1,244.22,25.4,0.104004586,2025-02,2025
ORD-11551,25-10-2023,26-10-2023,Second Class,CUST-1120,Consumer,India,Mumbai,Maharashtra,West,Technology,Computers,Smartphone,2,0,313.06,48.1,0.153644669,2023-10,2023
ORD-12207,29-07-2025,31-07-2025,Same Day,CUST-1278,Consumer,India,Bhopal,Madhya Pradesh,Central,Technology,Printers,Wireless Headset,3,0.15,726.28,23.82,0.032797268,2025-07,2025
ORD-11319,19-05-2025,23-05-2025,Standard,CUST-1090,Consumer,India,Lucknow,Uttar Pradesh,North,Office Supplies,Writing,File Binder,2,0.1,155.12,4.77,0.030750387,2025-05,2025
ORD-10513,20-08-2025,21-08-2025,Standard,CUST-1360,Consumer,India,Lucknow,Uttar Pradesh,North,Technology,Computers,Monitor,2,0.15,898.21,128.03,0.14253905,2025-08,2025
ORD-12075,17-08-2025,18-08-2025,Standard,CUST-1141,Consumer,India,Lucknow,Uttar Pradesh,North,Furniture,Storage,Reception Desk,1,0.15,237.19,15.19,0.064041486,2025-08,2025
ORD-10781,14-09-2023,16-09-2023,Standard,CUST-1419,Corporate,India,Pune,Maharashtra,West,Office Supplies,Stationery,Sticky Notes,3,0.3,250.46,-7.19,-0.028707179,2023-09,2023
ORD-11021,19-04-2024,21-04-2024,Second Class,CUST-1233,Consumer,India,Ahmedabad,Gujarat,West,Technology,Computers,Monitor,2,0.2,377.9,20.03,0.05300344,2024-04,2024
ORD-10076,13-03-2025,15-03-2025,Standard,CUST-1534,Corporate,India,Bengaluru,Karnataka,South,Office Supplies,Stationery,Notebook,5,0.1,162.54,16.69,0.102682417,2025-03,2025
ORD-11468,07-07-2023,11-07-2023,Standard,CUST-1517,Consumer,India,Jaipur,Rajasthan,North,Technology,Accessories,Mechanical Keyboard,1,0.15,811.58,65.24,0.080386407,2023-07,2023
ORD-10924,31-03-2024,04-04-2024,Second Class,CUST-1367,Consumer,India,Pune,Maharashtra,West,Furniture,Office Furniture,Filing Cabinet,2,0.05,761.12,92.84,0.121978137,2024-03,2024
ORD-10234,12-04-2023,14-04-2023,Standard,CUST-1084,Consumer,India,Bhopal,Madhya Pradesh,Central,Furniture,Chairs,Conference Table,4,0.3,2298.34,-223.54,-0.097261502,2023-04,2023
ORD-11575,29-04-2025,03-05-2025,Standard,CUST-1579,Corporate,India,Kolkata,West Bengal,East,Furniture,Office Furniture,Filing Cabinet,3,0.3,364.56,-9.11,-0.024989028,2025-04,2025
ORD-12283,25-10-2024,27-10-2024,Standard,CUST-1041,Corporate,India,Jaipur,Rajasthan,North,Office Supplies,Stationery,Notebook,2,0.15,596.34,42.73,0.071653755,2024-10,2024
ORD-10986,14-12-2023,15-12-2023,Second Class,CUST-1574,Home Office,India,Hyderabad,Telangana,South,Furniture,Office Furniture,Executive Chair,3,0.1,616.72,10.85,0.017593073,2023-12,2023
ORD-11671,07-07-2024,09-07-2024,Standard,CUST-1165,Consumer,India,Kolkata,West Bengal,East,Furniture,Office Furniture,Bookshelf,1,0.15,158.94,3.54,0.022272556,2024-07,2024
ORD-10840,24-12-2025,26-12-2025,Standard,CUST-1113,Corporate,India,Mumbai,Maharashtra,West,Furniture,Office Furniture,Filing Cabinet,2,0.15,551.74,5.19,0.009406605,2025-12,2025
ORD-11326,14-09-2023,15-09-2023,Second Class,CUST-1438,Consumer,India,Delhi,Delhi,North,Furniture,Chairs,Office Chair,4,0.1,775.72,59.44,0.076625587,2023-09,2023
ORD-10386,08-05-2023,10-05-2023,Second Class,CUST-1156,Consumer,India,Delhi,Delhi,North,Technology,Computers,Wireless Headset,1,0.3,471.63,14.05,0.029790302,2023-05,2023
ORD-11903,20-05-2025,22-05-2025,Standard,CUST-1352,Corporate,India,Bengaluru,Karnataka,South,Technology,Computers,Laser Printer,3,0.15,952,126.08,0.132436975,2025-05,2025
ORD-11119,04-03-2024,07-03-2024,Second Class,CUST-1387,Consumer,India,Chennai,Tamil Nadu,South,Furniture,Tables,Filing Cabinet,3,0.15,498.85,-6.52,-0.013070061,2024-03,2024
ORD-10859,17-09-2025,20-09-2025,Standard,CUST-1313,Consumer,India,Kolkata,West Bengal,East,Office Supplies,Binders,Sticky Notes,4,0.2,631.2,57.32,0.090811153,2025-09,2025
ORD-10271,08-06-2023,09-06-2023,First Class,CUST-1115,Corporate,India,Lucknow,Uttar Pradesh,North,Technology,Printers,Business Laptop,5,0.15,462.1,48.08,0.104046743,2023-06,2023
ORD-10975,27-11-2025,30-11-2025,Standard,CUST-1276,Corporate,India,Ahmedabad,Gujarat,West,Office Supplies,Stationery,Sticky Notes,2,0.05,228.45,17.82,0.07800394,2025-11,2025
ORD-11384,28-07-2024,29-07-2024,Standard,CUST-1247,Home Office,India,Delhi,Delhi,North,Furniture,Tables,Conference Table,1,0,164.47,15.34,0.093269289,2024-07,2024
ORD-12477,25-08-2025,27-08-2025,Standard,CUST-1466,Consumer,India,Chennai,Tamil Nadu,South,Furniture,Chairs,Filing Cabinet,2,0.2,241.23,-6.68,-0.027691415,2025-08,2025
ORD-10335,30-06-2024,02-07-2024,Standard,CUST-1005,Corporate,India,Nagpur,Maharashtra,Central,Technology,Printers,Smartphone,2,0,894.59,166.06,0.185626935,2024-06,2024
ORD-11846,19-06-2025,21-06-2025,Standard,CUST-1124,Consumer,India,Delhi,Delhi,North,Furniture,Tables,Reception Desk,1,0.2,253.41,10.7,0.042224064,2025-06,2025
ORD-11421,25-11-2025,27-11-2025,Second Class,CUST-1474,Consumer,India,Pune,Maharashtra,West,Technology,Accessories,Wireless Headset,3,0,907.58,153.91,0.169582847,2025-11,2025
ORD-10204,25-05-2024,26-05-2024,Same Day,CUST-1100,Consumer,India,Ahmedabad,Gujarat,West,Furniture,Storage,Filing Cabinet,3,0.1,288.99,30.01,0.103844424,2024-05,2024
ORD-11287,07-05-2023,11-05-2023,Same Day,CUST-1464,Corporate,India,Chennai,Tamil Nadu,South,Technology,Computers,Wireless Headset,2,0.15,830.26,119.56,0.144003083,2023-05,2023
ORD-10768,01-08-2024,03-08-2024,First Class,CUST-1100,Corporate,India,Bhopal,Madhya Pradesh,Central,Furniture,Tables,Executive Chair,3,0.15,945.9,24.1,0.02547838,2024-08,2024
ORD-10931,27-04-2025,30-04-2025,Standard,CUST-1141,Consumer,India,Delhi,Delhi,North,Furniture,Chairs,Filing Cabinet,2,0.05,321.42,7.81,0.024298426,2025-04,2025
ORD-10875,26-11-2024,28-11-2024,Second Class,CUST-1321,Consumer,India,Chennai,Tamil Nadu,South,Technology,Accessories,USB-C Hub,2,0,613.7,117.87,0.192064527,2024-11,2024
ORD-11826,03-01-2024,06-01-2024,Second Class,CUST-1364,Home Office,India,Bhopal,Madhya Pradesh,Central,Furniture,Chairs,Office Chair,1,0.1,138.31,6.67,0.048225002,2024-01,2024
ORD-12006,29-09-2023,01-10-2023,First Class,CUST-1213,Consumer,India,Mumbai,Maharashtra,West,Technology,Computers,Wireless Headset,4,0.1,2214.2,328.75,0.148473489,2023-09,2023
ORD-11546,30-03-2023,03-04-2023,Standard,CUST-1428,Corporate,India,Mumbai,Maharashtra,West,Technology,Computers,Mechanical Keyboard,1,0.15,209.49,32.04,0.152942861,2023-03,2023
ORD-10499,06-06-2025,07-06-2025,Standard,CUST-1046,Corporate,India,Ahmedabad,Gujarat,West,Office Supplies,Stationery,Ball Pen Set,5,0.1,772.79,57.45,0.074341024,2025-06,2025
ORD-12024,21-05-2024,23-05-2024,Second Class,CUST-1303,Consumer,India,Hyderabad,Telangana,South,Office Supplies,Writing,Sticky Notes,1,0.05,113,14.51,0.12840708,2024-05,2024
ORD-11498,25-03-2024,28-03-2024,Standard,CUST-1431,Consumer,India,Bengaluru,Karnataka,South,Technology,Printers,Monitor,5,0.3,3244.2,-33.32,-0.010270637,2024-03,2024
ORD-11270,10-07-2024,13-07-2024,Standard,CUST-1587,Consumer,India,Delhi,Delhi,North,Furniture,Office Furniture,Filing Cabinet,1,0.3,427.71,-8.96,-0.020948774,2024-07,2024
ORD-11722,13-11-2024,18-11-2024,Second Class,CUST-1555,Consumer,India,Lucknow,Uttar Pradesh,North,Technology,Computers,Smartphone,4,0,815.48,206.57,0.253310933,2024-11,2024
ORD-10428,08-06-2023,10-06-2023,Standard,CUST-1433,Corporate,India,Delhi,Delhi,North,Technology,Printers,Smartphone,3,0.3,414.37,-30.85,-0.07445037,2023-06,2023
ORD-12146,04-11-2023,08-11-2023,Standard,CUST-1568,Corporate,India,Ahmedabad,Gujarat,West,Furniture,Chairs,Standing Desk,3,0,542.76,58.11,0.107063896,2023-11,2023
ORD-11915,12-06-2023,15-06-2023,Standard,CUST-1081,Corporate,India,Pune,Maharashtra,West,Office Supplies,Paper,Sticky Notes,2,0,231.26,57.25,0.247556862,2023-06,2023
ORD-11157,28-11-2023,01-12-2023,Standard,CUST-1451,Corporate,India,Delhi,Delhi,North,Office Supplies,Stationery,Printer Paper,2,0.05,241.27,33.86,0.140340697,2023-11,2023
ORD-10800,13-06-2025,14-06-2025,Second Class,CUST-1141,Consumer,India,Lucknow,Uttar Pradesh,North,Office Supplies,Writing,Desk Organizer,3,0,283.19,50.58,0.178608002,2025-06,2025
ORD-10542,18-05-2024,23-05-2024,Standard,CUST-1317,Consumer,India,Kolkata,West Bengal,East,Office Supplies,Stationery,Printer Paper,4,0.15,80.78,4.41,0.054592721,2024-05,2024
ORD-11699,03-02-2023,08-02-2023,First Class,CUST-1276,Consumer,India,Bhopal,Madhya Pradesh,Central,Technology,Computers,Monitor,5,0.3,3282.95,104.68,0.031885956,2023-02,2023
ORD-10375,12-05-2024,16-05-2024,Second Class,CUST-1495,Corporate,India,Kolkata,West Bengal,East,Furniture,Chairs,Office Chair,1,0.1,406.98,16.56,0.04068996,2024-05,2024
ORD-11065,05-10-2023,07-10-2023,Second Class,CUST-1249,Home Office,India,Kolkata,West Bengal,East,Furniture,Office Furniture,Executive Chair,3,0.15,970.27,26.98,0.027806693,2023-10,2023
ORD-11466,23-09-2025,26-09-2025,Standard,CUST-1239,Consumer,India,Kolkata,West Bengal,East,Furniture,Office Furniture,Executive Chair,4,0,332.08,37.5,0.112924596,2025-09,2025
ORD-11175,27-11-2025,02-12-2025,Standard,CUST-1365,Corporate,India,Ahmedabad,Gujarat,West,Technology,Computers,USB-C Hub,2,0,358.31,61.21,0.170829728,2025-11,2025
ORD-10432,04-08-2024,07-08-2024,Second Class,CUST-1138,Consumer,India,Kolkata,West Bengal,East,Technology,Computers,Laser Printer,2,0,560.73,90.65,0.161664259,2024-08,2024
ORD-11059,06-09-2025,08-09-2025,Same Day,CUST-1037,Consumer,India,Mumbai,Maharashtra,West,Furniture,Tables,Standing Desk,4,0.1,985.99,54.86,0.05563951,2025-09,2025
ORD-10235,25-04-2023,29-04-2023,Standard,CUST-1260,Consumer,India,Mumbai,Maharashtra,West,Furniture,Tables,Executive Chair,1,0,406.37,65.07,0.160125009,2023-04,2023
ORD-11723,18-10-2024,19-10-2024,Standard,CUST-1591,Consumer,India,Jaipur,Rajasthan,North,Technology,Computers,Tablet,1,0.05,393.63,68.06,0.172903488,2024-10,2024
ORD-11390,29-01-2024,31-01-2024,Standard,CUST-1130,Consumer,India,Bengaluru,Karnataka,South,Technology,Accessories,Monitor,3,0.05,333.06,42.4,0.12730439,2024-01,2024
